100100,8.299407e-05,5.934076e-01,3.443110e-09
100200,6.848596e-05,4.901638e-01,2.838634e-09
100300,7.801340e-05,5.589103e-01,3.230587e-09
100400,7.313333e-05,5.244704e-01,3.025746e-09
100500,7.784468e-05,5.588136e-01,3.217742e-09
100600,7.177901e-05,5.157834e-01,2.964321e-09
100700,8.006672e-05,5.759085e-01,3.303588e-09
100800,6.804303e-05,4.899098e-01,2.804941e-09
100900,6.677729e-05,4.812735e-01,2.750272e-09
101000,6.789660e-05,4.898255e-01,2.793844e-09
101100,7.139329e-05,5.155615e-01,2.935073e-09
101200,7.250523e-05,5.241092e-01,2.978097e-09
101300,6.767811e-05,4.896995e-01,2.777320e-09
101400,7.353589e-05,5.326100e-01,3.014989e-09
101500,7.819633e-05,5.669234e-01,3.203184e-09
101600,7.574564e-05,5.496970e-01,3.100006e-09
101700,7.684697e-05,5.582383e-01,3.142255e-09
101800,8.030793e-05,5.839534e-01,3.280827e-09
101900,7.196412e-05,5.237960e-01,2.937321e-09
102000,6.481655e-05,4.722349e-01,2.643214e-09
102100,5.415251e-05,3.949265e-01,2.206360e-09
102200,7.291056e-05,5.322471e-01,2.967973e-09
102300,6.813420e-05,4.978664e-01,2.771065e-09
102400,5.750057e-05,4.205756e-01,2.336502e-09
102500,5.509514e-05,4.033751e-01,2.236764e-09
102600,6.440475e-05,4.719948e-01,2.612390e-09
102700,8.305271e-05,6.092510e-01,3.365793e-09
102800,5.959453e-05,4.375941e-01,2.412981e-09
102900,6.420074e-05,4.718754e-01,2.597179e-09
103000,6.763118e-05,4.975722e-01,2.733528e-09
103100,6.290059e-05,4.632179e-01,2.540074e-09
103200,5.352557e-05,3.945599e-01,2.159576e-09
103300,6.044352e-05,4.459869e-01,2.436535e-09
103400,6.386347e-05,4.716773e-01,2.572122e-09
103500,8.235538e-05,6.088416e-01,3.313963e-09
103600,6.257080e-05,4.630239e-01,2.515615e-09
103700,6.829276e-05,5.058542e-01,2.743244e-09
103800,7.400274e-05,5.486774e-01,2.969992e-09
103900,5.775418e-05,4.286185e-01,2.315842e-09
104000,6.000159e-05,4.457261e-01,2.403846e-09
104100,7.146569e-05,5.313985e-01,2.860620e-09
104200,5.987647e-05,4.456520e-01,2.394627e-09
104300,6.441518e-05,4.798931e-01,2.573887e-09
104400,7.239166e-05,5.398350e-01,2.890078e-09
104500,7.461215e-05,5.569264e-01,2.976122e-09
104600,6.650785e-05,4.969086e-01,2.650542e-09
104700,7.102082e-05,5.311343e-01,2.827928e-09
104800,5.835979e-05,4.368647e-01,2.321762e-09
104900,7.544621e-05,5.653077e-01,2.998907e-09
105000,5.252931e-05,3.939698e-01,2.086168e-09
105100,6.274186e-05,4.710121e-01,2.489587e-09
105200,7.065415e-05,5.309154e-01,2.801110e-09
105300,7.741169e-05,5.822465e-01,3.066353e-09
105400,6.709679e-05,5.051430e-01,2.655466e-09
105500,7.043589e-05,5.307847e-01,2.785202e-09
105600,5.901448e-05,4.451378e-01,2.331554e-09
105700,6.122128e-05,4.622207e-01,2.416650e-09
105800,7.135149e-05,5.392134e-01,2.814098e-09
105900,6.675269e-05,5.049364e-01,2.630450e-09
106000,6.555403e-05,4.963377e-01,2.580990e-09
106100,7.451959e-05,5.647520e-01,2.931455e-09
106200,6.993164e-05,5.304814e-01,2.748607e-09
106300,7.662083e-05,5.817710e-01,3.008932e-09
106400,6.753759e-05,5.132857e-01,2.649952e-09
106500,5.172600e-05,3.934871e-01,2.027816e-09
106600,7.189327e-05,5.474159e-01,2.816019e-09
106700,6.957570e-05,5.302662e-01,2.722907e-09
106800,6.053655e-05,4.618074e-01,2.367125e-09
106900,6.831439e-05,5.216292e-01,2.668975e-09
107000,6.488872e-05,4.959352e-01,2.532972e-09
107100,7.264636e-05,5.557446e-01,2.833377e-09
107200,6.587372e-05,5.044045e-01,2.567039e-09
107300,6.134554e-05,4.701697e-01,2.388544e-09
107400,5.348377e-05,4.102969e-01,2.080667e-09
107500,6.456092e-05,4.957356e-01,2.509465e-09
107600,5.115180e-05,3.931381e-01,1.986567e-09
107700,6.554157e-05,5.042019e-01,2.543259e-09
107800,7.435356e-05,5.725224e-01,2.882752e-09
107900,5.875778e-05,4.528546e-01,2.276161e-09
108000,5.316108e-05,4.100997e-01,2.057613e-09
108100,6.195893e-05,4.784115e-01,2.396109e-09
108200,6.852852e-05,5.296276e-01,2.647934e-09
108300,6.514722e-05,5.039603e-01,2.515157e-09
108400,5.736035e-05,4.441330e-01,2.212661e-09
108500,7.052668e-05,5.465818e-01,2.718257e-09
108600,7.706141e-05,5.977763e-01,2.967621e-09
108700,6.268730e-05,4.867221e-01,2.412047e-09
108800,5.493396e-05,4.269154e-01,2.111943e-09
108900,6.475742e-05,5.037202e-01,2.487518e-09
109000,6.140342e-05,4.780695e-01,2.356704e-09
109100,6.901008e-05,5.377857e-01,2.646434e-09
109200,5.690404e-05,4.438515e-01,2.180359e-09
109300,7.433903e-05,5.803754e-01,2.846024e-09
109400,7.426523e-05,5.803297e-01,2.840824e-09
109500,7.419156e-05,5.802840e-01,2.835637e-09
109600,5.449856e-05,4.266458e-01,2.081224e-09
109700,5.444460e-05,4.266123e-01,2.077432e-09
109800,5.656637e-05,4.436420e-01,2.156595e-09
109900,5.977069e-05,4.691999e-01,2.276865e-09
110000,6.079734e-05,4.776934e-01,2.314050e-09
110100,6.073737e-05,4.776560e-01,2.309848e-09
110200,6.284456e-05,4.946765e-01,2.388003e-09
110300,6.711252e-05,5.287508e-01,2.548066e-09
110400,6.272091e-05,4.945992e-01,2.379358e-09
110500,6.698060e-05,5.286683e-01,2.538851e-09
110600,5.180502e-05,4.092597e-01,1.962009e-09
110700,6.792739e-05,5.371116e-01,2.570486e-09
110800,5.924356e-05,4.688705e-01,2.240027e-09
110900,7.209875e-05,5.711251e-01,2.723841e-09
111000,6.665297e-05,5.284628e-01,2.516030e-09
111100,5.584784e-05,4.431925e-01,2.106421e-09
111200,5.257446e-05,4.175914e-01,1.981329e-09
111300,6.109837e-05,4.857320e-01,2.300671e-09
111400,6.532223e-05,5.197783e-01,2.457703e-09
111500,6.311898e-05,5.026976e-01,2.372861e-09
111600,4.488843e-05,3.578249e-01,1.686129e-09
111700,5.872532e-05,4.685441e-01,2.204075e-09
111800,5.973497e-05,4.770264e-01,2.240136e-09
111900,6.180832e-05,4.940250e-01,2.315996e-09
112000,5.536062e-05,4.428850e-01,2.072704e-09
112100,5.424340e-05,4.343346e-01,2.029219e-09
112200,5.100320e-05,4.087542e-01,1.906450e-09
112300,6.475388e-05,5.194186e-01,2.418468e-09
112400,4.454156e-05,3.576051e-01,1.662213e-09
112500,5.827194e-05,4.682566e-01,2.172840e-09
112600,6.139114e-05,4.937602e-01,2.287290e-09
112700,7.190647e-05,5.788471e-01,2.676893e-09
112800,5.387793e-05,4.341022e-01,2.004112e-09
112900,4.432739e-05,3.574687e-01,1.647523e-09
113000,6.431838e-05,5.191412e-01,2.388597e-09
113100,6.425663e-05,5.191018e-01,2.384375e-09
113200,6.314261e-05,5.105531e-01,2.341145e-09
113300,6.833894e-05,5.530573e-01,2.531766e-09
113400,6.407205e-05,5.189836e-01,2.371776e-09
113500,7.345496e-05,5.955099e-01,2.716917e-09
113600,5.136932e-05,4.168254e-01,1.898495e-09
113700,6.598320e-05,5.358778e-01,2.436630e-09
113800,5.441036e-05,4.422785e-01,2.007654e-09
113900,5.540384e-05,4.507498e-01,2.042671e-09
114000,6.057287e-05,4.932362e-01,2.231456e-09
114100,6.886215e-05,5.612265e-01,2.534794e-09
114200,6.671193e-05,5.441787e-01,2.453679e-09
114300,6.456578e-05,5.271335e-01,2.372844e-09
114400,5.618134e-05,4.590818e-01,2.063059e-09
114500,6.340392e-05,5.185535e-01,2.326424e-09
114600,6.438227e-05,5.270149e-01,2.360437e-09
114700,6.432133e-05,5.269754e-01,2.356323e-09
114800,6.529695e-05,5.354350e-01,2.390159e-09
114900,7.973197e-05,6.543716e-01,2.916223e-09
115000,7.862219e-05,6.458251e-01,2.873346e-09
115100,5.891101e-05,4.843327e-01,2.151266e-09
115200,5.575783e-05,4.588073e-01,2.034505e-09
115300,6.395797e-05,5.267395e-01,2.331863e-09
115400,6.286718e-05,5.182052e-01,2.290278e-09
115500,6.795629e-05,5.606394e-01,2.473717e-09
115600,6.480644e-05,5.351160e-01,2.357192e-09
115700,5.960708e-05,4.926100e-01,2.166363e-09
115800,7.289888e-05,6.029779e-01,2.647349e-09
115900,6.359854e-05,5.265051e-01,2.307782e-09
116000,6.046455e-05,5.009920e-01,2.192331e-09
116100,5.938414e-05,4.924642e-01,2.151461e-09
116200,6.239738e-05,5.178983e-01,2.258851e-09
116300,6.336108e-05,5.263496e-01,2.291935e-09
116400,6.942798e-05,5.772441e-01,2.509418e-09
116500,7.242343e-05,6.026664e-01,2.615631e-09
116600,6.012681e-05,5.007704e-01,2.169826e-09
116700,7.228868e-05,6.025778e-01,2.606674e-09
116800,4.984300e-05,4.158330e-01,1.795893e-09
116900,5.487800e-05,4.582313e-01,1.975763e-09
117000,5.584240e-05,4.666829e-01,2.008912e-09
117100,5.781938e-05,4.836178e-01,2.078409e-09
117200,5.269864e-05,4.411629e-01,1.892858e-09
117300,8.099980e-05,6.786626e-01,2.907127e-09
117400,5.968211e-05,5.004771e-01,2.140355e-09
117500,4.851007e-05,4.071381e-01,1.738343e-09
117600,4.240713e-05,3.562199e-01,1.518465e-09
117700,5.649069e-05,4.749253e-01,2.021181e-09
117800,6.147779e-05,5.172917e-01,2.197907e-09
117900,6.142118e-05,5.172541e-01,2.194180e-09
118000,5.231087e-05,4.409059e-01,1.867280e-09
118100,5.728806e-05,4.832657e-01,2.043361e-09
118200,6.727675e-05,5.680080e-01,2.397783e-09
118300,7.022464e-05,5.933982e-01,2.500913e-09
118400,4.911218e-05,4.153487e-01,1.747683e-09
118500,6.308638e-05,5.339812e-01,2.243230e-09
118600,5.802636e-05,4.915662e-01,2.061715e-09
118700,7.096731e-05,6.017014e-01,2.519573e-09
118800,4.893269e-05,4.152288e-01,1.735934e-09
118900,6.385373e-05,5.423006e-01,2.263530e-09
119000,6.180187e-05,5.253159e-01,2.189111e-09
119100,6.871682e-05,5.845838e-01,2.432179e-09
119200,5.173943e-05,4.405243e-01,1.829873e-09
119300,4.572785e-05,3.896666e-01,1.616021e-09
119400,5.462489e-05,4.658723e-01,1.928964e-09
119500,6.152122e-05,5.251275e-01,2.170830e-09
119600,6.047400e-05,5.166208e-01,2.132247e-09
119700,5.843821e-05,4.996467e-01,2.058893e-09
119800,4.552071e-05,3.895272e-01,1.602560e-09
119900,6.030977e-05,5.165101e-01,2.121590e-09
120000,5.037731e-05,4.318055e-01,1.770833e-09
120100,5.822696e-05,4.995042e-01,2.045201e-09
120200,5.225834e-05,4.486752e-01,1.834159e-09
120300,6.107724e-05,5.248280e-01,2.142054e-09
120400,5.905372e-05,5.078620e-01,2.069514e-09
120500,7.080063e-05,6.093911e-01,2.479296e-09
120600,6.484217e-05,5.585689e-01,2.268921e-09
120700,5.693127e-05,4.908289e-01,1.990598e-09
120800,5.491873e-05,4.738702e-01,1.918775e-09
120900,5.976848e-05,5.161435e-01,2.086639e-09
121000,5.188341e-05,4.484209e-01,1.809986e-09
121100,5.379302e-05,4.653096e-01,1.875186e-09
121200,5.667638e-05,4.906555e-01,1.974207e-09
121300,5.467306e-05,4.737030e-01,1.902990e-09
121400,5.755047e-05,4.990448e-01,2.001634e-09
121500,6.432098e-05,5.582142e-01,2.235432e-09
121600,4.576345e-05,3.974883e-01,1.589281e-09
121700,6.128779e-05,5.327660e-01,2.126813e-09
121800,5.637340e-05,4.904486e-01,1.954805e-09
121900,6.700520e-05,5.834238e-01,2.321730e-09
122000,4.948152e-05,4.311961e-01,1.713249e-09
122100,5.622308e-05,4.903456e-01,1.945211e-09
122200,5.907865e-05,5.156722e-01,2.042478e-09
122300,6.579973e-05,5.748076e-01,2.273139e-09
122400,4.060497e-05,3.550035e-01,1.401704e-09
122500,4.056900e-05,3.549787e-01,1.399417e-09
122600,5.597426e-05,4.901746e-01,1.929377e-09
122700,5.881740e-05,5.154925e-01,2.025866e-09
122800,4.624164e-05,4.056053e-01,1.591529e-09
122900,6.641366e-05,5.830171e-01,2.284101e-09
123000,6.058506e-05,5.322830e-01,2.082094e-09
123100,6.437492e-05,5.660395e-01,2.210694e-09
123200,5.087859e-05,4.477316e-01,1.745920e-09
123300,5.371119e-05,4.730421e-01,1.841755e-09
123400,5.366395e-05,4.730094e-01,1.838771e-09
123500,5.936145e-05,5.236528e-01,2.032487e-09
123600,4.591690e-05,4.053806e-01,1.570993e-09
123700,4.874391e-05,4.306872e-01,1.666483e-09
123800,5.920535e-05,5.235445e-01,2.022648e-09
123900,6.201576e-05,5.488395e-01,2.117097e-09
124000,5.242895e-05,4.643707e-01,1.788502e-09
124100,5.428794e-05,4.812238e-01,1.850552e-09
124200,6.756273e-05,5.993780e-01,2.301363e-09
124300,5.609466e-05,4.980405e-01,1.909325e-09
124400,5.319595e-05,4.726840e-01,1.809328e-09
124500,5.789508e-05,5.148526e-01,1.967710e-09
124600,6.163774e-05,5.485759e-01,2.093376e-09
124700,6.726879e-05,5.991727e-01,2.282945e-09
124800,4.922444e-05,4.388008e-01,1.669338e-09
124900,5.296488e-05,4.725224e-01,1.794871e-09
125000,5.008396e-05,4.471782e-01,1.696000e-09
125100,5.853796e-05,5.230785e-01,1.980829e-09
125200,5.094049e-05,4.555535e-01,1.722484e-09
125300,5.937910e-05,5.314429e-01,2.006358e-09
125400,4.614378e-05,4.133164e-01,1.558013e-09
125500,6.398089e-05,5.735430e-01,2.158696e-09
125600,3.760330e-05,3.373553e-01,1.267800e-09
125700,4.790282e-05,4.300989e-01,1.613874e-09
125800,5.724611e-05,5.143972e-01,1.927252e-09
125900,6.094738e-05,5.480911e-01,2.050368e-09
126000,5.433698e-05,4.890328e-01,1.826657e-09
126100,5.429022e-05,4.889998e-01,1.823761e-09
126200,5.237307e-05,4.721059e-01,1.758083e-09
126300,5.886909e-05,5.310833e-01,1.974712e-09
126400,4.761502e-05,4.298956e-01,1.596048e-09
126500,5.223831e-05,4.720104e-01,1.749754e-09
126600,4.939745e-05,4.466941e-01,1.653402e-09
126700,5.494252e-05,4.972298e-01,1.837675e-09
126800,5.954767e-05,5.393318e-01,1.990268e-09
126900,6.042639e-05,5.477221e-01,2.018181e-09
127000,6.501898e-05,5.898150e-01,2.170004e-09
127100,6.032322e-05,5.476487e-01,2.011835e-09
127200,5.007193e-05,4.549392e-01,1.668743e-09
127300,4.447044e-05,4.043634e-01,1.480998e-09
127400,5.646639e-05,5.138441e-01,1.879148e-09
127500,5.919301e-05,5.390792e-01,1.968474e-09
127600,4.805342e-05,4.379726e-01,1.596879e-09
127700,4.801259e-05,4.379434e-01,1.594379e-09
127800,5.350704e-05,4.884429e-01,1.775564e-09
127900,4.793114e-05,4.378852e-01,1.589397e-09
128000,5.433731e-05,4.967982e-01,1.800537e-09
128100,5.337109e-05,4.883455e-01,1.767257e-09
128200,5.884240e-05,5.388282e-01,1.947036e-09
128300,5.603673e-05,5.135366e-01,1.852877e-09
128400,4.222150e-05,3.872315e-01,1.395076e-09
128500,5.043960e-05,4.629635e-01,1.665430e-09
128600,4.856443e-05,4.460990e-01,1.602374e-09
128700,6.134101e-05,5.638992e-01,2.022496e-09
128800,3.842018e-05,3.534657e-01,1.265866e-09
128900,4.021584e-05,3.702730e-01,1.324088e-09
129000,4.474815e-05,4.123223e-01,1.472267e-09
129100,4.744793e-05,4.375377e-01,1.559987e-09
129200,3.737945e-05,3.449589e-01,1.228086e-09
129300,4.645738e-05,4.290671e-01,1.525257e-09
129400,3.822694e-05,3.533261e-01,1.254154e-09
129500,5.456416e-05,5.047185e-01,1.788882e-09
129600,4.361479e-05,4.037483e-01,1.428898e-09
129700,4.539407e-05,4.205436e-01,1.486141e-09
129800,4.263476e-05,3.952851e-01,1.394821e-09
129900,5.347553e-05,4.961765e-01,1.748251e-09
130000,4.528043e-05,4.204611e-01,1.479290e-09
130100,5.610091e-05,5.213377e-01,1.831501e-09
130200,5.153367e-05,4.792631e-01,1.681214e-09
130300,5.510415e-05,5.128622e-01,1.796433e-09
130400,4.603235e-05,4.287585e-01,1.499633e-09
130500,5.140515e-05,4.791694e-01,1.673493e-09
130600,4.956026e-05,4.623264e-01,1.612302e-09
130700,4.681808e-05,4.370802e-01,1.522026e-09
130800,4.048204e-05,3.782179e-01,1.315125e-09
130900,5.932446e-05,5.546837e-01,1.925904e-09
131000,6.107155e-05,5.714552e-01,1.981237e-09
131100,8.166048e-05,7.646920e-01,2.647317e-09
131200,4.931442e-05,4.621466e-01,1.597589e-09
131300,5.554487e-05,5.209316e-01,1.798176e-09
131400,4.744271e-05,4.452837e-01,1.534812e-09
131500,6.439730e-05,6.048747e-01,2.081857e-09
131600,5.272651e-05,4.956292e-01,1.703375e-09
131700,6.161242e-05,5.795968e-01,1.989058e-09
131800,6.066951e-05,5.711601e-01,1.957258e-09
131900,6.596840e-05,6.215166e-01,2.126729e-09
132000,5.433467e-05,5.122983e-01,1.750459e-09
132100,5.518005e-05,5.206632e-01,1.776463e-09
132200,5.958113e-05,5.626161e-01,1.916822e-09
132300,6.664061e-05,6.297537e-01,2.142454e-09
132400,6.037131e-05,5.709401e-01,1.939559e-09
132500,6.032189e-05,5.709036e-01,1.936632e-09
132600,6.115890e-05,5.792622e-01,1.962149e-09
132700,6.110891e-05,5.792251e-01,1.959193e-09
132800,5.486460e-05,5.204299e-01,1.757784e-09
132900,5.658820e-05,5.371837e-01,1.811757e-09
133000,5.212470e-05,4.951847e-01,1.667703e-09
133100,5.914422e-05,5.622925e-01,1.890988e-09
133200,5.556793e-05,5.286892e-01,1.775424e-09
133300,5.287878e-05,5.034815e-01,1.688344e-09
133400,4.931339e-05,4.698862e-01,1.573426e-09
133500,5.015321e-05,4.782467e-01,1.599125e-09
133600,5.011249e-05,4.782163e-01,1.596732e-09
133700,5.709946e-05,5.452998e-01,1.818112e-09
133800,5.529769e-05,5.284879e-01,1.759537e-09
133900,5.525289e-05,5.284544e-01,1.756910e-09
134000,5.608449e-05,5.368087e-01,1.782134e-09
134100,5.954157e-05,5.703232e-01,1.890695e-09
134200,7.174209e-05,6.876992e-01,2.276559e-09
134300,5.070342e-05,4.863907e-01,1.607852e-09
134400,4.804203e-05,4.612035e-01,1.522419e-09
134500,5.673116e-05,5.450244e-01,1.796548e-09
134600,5.755753e-05,5.533745e-01,1.821478e-09
134700,5.925394e-05,5.701076e-01,1.873888e-09
134800,5.659423e-05,5.449215e-01,1.788560e-09
134900,5.654872e-05,5.448873e-01,1.785910e-09
135000,5.302616e-05,5.113237e-01,1.673525e-09
135100,7.209243e-05,6.956920e-01,2.273722e-09
135200,5.380898e-05,5.196410e-01,1.695932e-09
135300,5.376584e-05,5.196084e-01,1.693426e-09
135400,5.025679e-05,4.860549e-01,1.581833e-09
135500,5.194817e-05,5.027840e-01,1.633965e-09
135600,5.450195e-05,5.278903e-01,1.713133e-09
135700,5.878048e-05,5.697508e-01,1.846372e-09
135800,6.046099e-05,5.864716e-01,1.897879e-09
135900,6.386489e-05,6.199457e-01,2.003378e-09
136000,4.829165e-05,4.691189e-01,1.513841e-09
136100,5.514647e-05,5.361025e-01,1.727562e-09
136200,5.251963e-05,5.109410e-01,1.644166e-09
136300,6.366164e-05,6.197915e-01,1.991636e-09
136400,5.243611e-05,5.108776e-01,1.639348e-09
136500,6.356048e-05,6.197147e-01,1.985804e-09
136600,5.836056e-05,5.694323e-01,1.822122e-09
136700,6.774744e-05,6.615054e-01,2.113781e-09
136800,5.484049e-05,5.358700e-01,1.709928e-09
136900,4.109779e-05,4.018776e-01,1.280573e-09
137000,6.074235e-05,5.944073e-01,1.891417e-09
137100,5.812976e-05,5.692564e-01,1.808856e-09
137200,5.979215e-05,5.859631e-01,1.859344e-09
137300,6.827991e-05,6.696309e-01,2.121871e-09
137400,6.396189e-05,6.277403e-01,1.986359e-09
137500,5.794638e-05,5.691162e-01,1.798347e-09
137600,3.746516e-05,3.682290e-01,1.161946e-09
137700,4.424214e-05,4.351531e-01,1.371215e-09
137800,5.695944e-05,5.606436e-01,1.764194e-09
137900,6.371042e-05,6.275476e-01,1.971981e-09
138000,5.262589e-05,5.187409e-01,1.627809e-09
138100,5.597712e-05,5.521743e-01,1.730321e-09
138200,5.169583e-05,5.103117e-01,1.596922e-09
138300,6.943826e-05,6.859509e-01,2.143579e-09
138400,5.076867e-05,5.018846e-01,1.566207e-09
138500,4.988344e-05,4.934898e-01,1.537880e-09
138600,6.336154e-05,6.272792e-01,1.952112e-09
138700,6.162368e-05,6.105146e-01,1.897317e-09
138800,5.567103e-05,5.519385e-01,1.712912e-09
138900,6.068462e-05,6.020781e-01,1.865941e-09
139000,4.968888e-05,4.933396e-01,1.526836e-09
139100,5.217473e-05,5.183932e-01,1.602166e-09
139200,4.708885e-05,4.681977e-01,1.445039e-09
139300,5.461415e-05,5.434108e-01,1.674870e-09
139400,5.205297e-05,5.182989e-01,1.595277e-09
139500,5.704598e-05,5.684224e-01,1.747151e-09
139600,4.778081e-05,4.764429e-01,1.462426e-09
139700,5.947025e-05,5.934281e-01,1.819012e-09
139800,5.021757e-05,5.014583e-01,1.534995e-09
139900,5.686913e-05,5.682851e-01,1.737175e-09
140000,5.181110e-05,5.181110e-01,1.581633e-09
140100,5.511107e-05,5.515043e-01,1.681271e-09
140200,5.840592e-05,5.848936e-01,1.780623e-09
140300,5.669333e-05,5.681482e-01,1.727283e-09
140400,4.665257e-05,4.678586e-01,1.420443e-09
140500,5.577339e-05,5.597258e-01,1.697040e-09
140600,6.571193e-05,6.599355e-01,1.998142e-09
140700,6.067436e-05,6.097773e-01,1.843761e-09
140800,4.567835e-05,4.593937e-01,1.387163e-09
140900,6.058097e-05,6.097042e-01,1.838531e-09
141000,4.809581e-05,4.843936e-01,1.458679e-09
141100,4.805885e-05,4.843646e-01,1.456612e-09
141200,4.802195e-05,4.843357e-01,1.454550e-09
141300,5.791305e-05,5.845081e-01,1.753007e-09
141400,6.282881e-05,6.345710e-01,1.900574e-09
141500,5.947642e-05,6.011367e-01,1.798000e-09
141600,4.539859e-05,4.591743e-01,1.371533e-09
141700,4.783824e-05,4.841913e-01,1.444303e-09
141800,5.109833e-05,5.175530e-01,1.541733e-09
141900,5.600050e-05,5.676051e-01,1.688551e-09
142000,4.525994e-05,4.590651e-01,1.363817e-09
142100,5.262592e-05,5.341531e-01,1.584754e-09
142200,5.340745e-05,5.424671e-01,1.607253e-09
142300,7.717654e-05,7.844444e-01,2.321069e-09
142400,4.676291e-05,4.756456e-01,1.405481e-09
142500,6.066355e-05,6.174683e-01,1.822099e-09
142600,4.669180e-05,4.755893e-01,1.401541e-09
142700,5.729724e-05,5.840226e-01,1.718779e-09
142800,5.234627e-05,5.339320e-01,1.569255e-09
142900,5.475843e-05,5.589271e-01,1.640516e-09
143000,4.410020e-05,4.504520e-01,1.320358e-09
143100,6.610017e-05,6.756382e-01,1.977770e-09
143200,5.137232e-05,5.254655e-01,1.536118e-09
143300,5.214827e-05,5.337748e-01,1.558323e-09
143400,4.966624e-05,5.087242e-01,1.483206e-09
143500,5.044230e-05,5.170336e-01,1.505421e-09
143600,5.040422e-05,5.170033e-01,1.503325e-09
143700,5.930213e-05,6.086940e-01,1.767581e-09
143800,5.276345e-05,5.419560e-01,1.571685e-09
143900,5.029030e-05,5.169124e-01,1.497063e-09
144000,4.457877e-05,4.585245e-01,1.326196e-09
144100,4.373532e-05,4.501614e-01,1.300277e-09
144200,5.260479e-05,5.418293e-01,1.562978e-09
144300,5.580005e-05,5.751391e-01,1.656862e-09
144400,3.798019e-05,3.917386e-01,1.127025e-09
144500,4.844897e-05,5.000626e-01,1.436764e-09
144600,4.921953e-05,5.083674e-01,1.458691e-09
144700,6.772693e-05,7.000062e-01,2.005914e-09
144800,4.511748e-05,4.666437e-01,1.335429e-09
144900,4.830399e-05,4.999463e-01,1.428843e-09
145000,5.631252e-05,5.832368e-01,1.664685e-09
145100,5.466272e-05,5.665401e-01,1.614894e-09
145200,5.783496e-05,5.998312e-01,1.707534e-09
145300,5.859447e-05,6.081269e-01,1.728867e-09
145400,6.015492e-05,6.247518e-01,1.773791e-09
145500,6.251450e-05,6.497043e-01,1.842208e-09
145600,4.564966e-05,4.747565e-01,1.344380e-09
145700,4.161432e-05,4.330862e-01,1.224769e-09
145800,4.798082e-05,4.996860e-01,1.411257e-09
145900,5.433786e-05,5.662781e-01,1.597233e-09
146000,5.190203e-05,5.412640e-01,1.524676e-09
146100,6.542783e-05,6.827861e-01,1.920806e-09
146200,5.182506e-05,5.412017e-01,1.520508e-09
146300,5.656697e-05,5.911248e-01,1.658593e-09
146400,5.254444e-05,5.494648e-01,1.539685e-09
146500,5.171003e-05,5.411085e-01,1.514287e-09
146600,5.723644e-05,5.993473e-01,1.675076e-09
146700,5.878287e-05,6.159605e-01,1.719260e-09
146800,5.238925e-05,5.493387e-01,1.531305e-09
146900,5.710974e-05,5.992443e-01,1.668241e-09
147000,5.548241e-05,5.825653e-01,1.619695e-09
147100,6.019366e-05,6.324634e-01,1.756136e-09
147200,4.986063e-05,5.242489e-01,1.453767e-09
147300,5.456907e-05,5.741446e-01,1.590060e-09
147400,5.136784e-05,5.408300e-01,1.495851e-09
147500,7.186213e-05,7.571189e-01,2.091353e-09
147600,3.629923e-05,3.826976e-01,1.055735e-09
147700,5.677449e-05,5.989709e-01,1.650219e-09
147800,5.358103e-05,5.656626e-01,1.556432e-09
147900,5.590390e-05,5.905847e-01,1.622901e-09
148000,4.484772e-05,4.741045e-01,1.301132e-09
148100,4.953225e-05,5.239805e-01,1.436152e-09
148200,5.106733e-05,5.405841e-01,1.479745e-09
148300,5.338523e-05,5.655021e-01,1.545954e-09
148400,5.256173e-05,5.571544e-01,1.521167e-09
148500,5.801088e-05,6.153297e-01,1.677833e-09
148600,6.188536e-05,6.568689e-01,1.788790e-09
148700,6.105747e-05,6.485175e-01,1.763773e-09
148800,4.927972e-05,5.237730e-01,1.422672e-09
148900,5.862363e-05,6.235042e-01,1.691383e-09
149000,4.452155e-05,4.738365e-01,1.283726e-09
149100,5.307481e-05,5.652467e-01,1.529409e-09
149200,5.303625e-05,5.652149e-01,1.527360e-09
149300,4.598334e-05,4.903795e-01,1.323434e-09
149400,4.750761e-05,5.069740e-01,1.366465e-09
149500,6.070339e-05,6.482255e-01,1.744947e-09
149600,5.210488e-05,5.567778e-01,1.496862e-09
149700,5.051291e-05,5.401273e-01,1.450240e-09
149800,5.280604e-05,5.650246e-01,1.515149e-09
149900,5.199186e-05,5.566842e-01,1.490876e-09
150000,5.583147e-05,5.981943e-01,1.600000e-09
150100,5.734091e-05,6.147765e-01,1.642254e-09
150200,4.878203e-05,5.233615e-01,1.396274e-09
150300,5.725821e-05,6.147078e-01,1.637886e-09
150400,4.484572e-05,4.817711e-01,1.282042e-09
150500,5.485781e-05,5.897214e-01,1.567312e-09
150600,4.941370e-05,5.315503e-01,1.410912e-09
150700,6.017964e-05,6.477908e-01,1.717268e-09
150800,4.934268e-05,5.314911e-01,1.407172e-09
150900,6.086362e-05,6.560229e-01,1.734677e-09
151000,5.466095e-05,5.895574e-01,1.556949e-09
151100,6.308427e-05,6.808595e-01,1.795787e-09
151200,4.458860e-05,4.815568e-01,1.268512e-09
151300,4.916596e-05,5.313436e-01,1.397887e-09
151400,5.450445e-05,5.894267e-01,1.548733e-09
151500,5.216410e-05,5.644901e-01,1.481336e-09
151600,5.749280e-05,6.225649e-01,1.631672e-09
151700,5.208956e-05,5.644276e-01,1.477433e-09
151800,5.511428e-05,5.975962e-01,1.562280e-09
151900,5.966453e-05,6.473602e-01,1.690243e-09
152000,4.892061e-05,5.311380e-01,1.385042e-09
152100,4.124735e-05,4.481230e-01,1.167093e-09
152200,3.969139e-05,4.315021e-01,1.122391e-09
152300,4.652792e-05,5.061573e-01,1.314922e-09
152400,4.878146e-05,5.310211e-01,1.377781e-09
152500,5.864849e-05,6.388496e-01,1.655469e-09
152600,5.556233e-05,6.056294e-01,1.567414e-09
152700,5.856524e-05,6.387795e-01,1.651135e-09
152800,5.016318e-05,5.474952e-01,1.413407e-09
152900,3.949449e-05,4.313362e-01,1.112137e-09
153000,4.781520e-05,5.225518e-01,1.345636e-09
153100,4.702292e-05,5.142292e-01,1.322548e-09
153200,5.760022e-05,6.303110e-01,1.619072e-09
153300,5.528742e-05,6.053972e-01,1.553133e-09
153400,5.600519e-05,6.136568e-01,1.572356e-09
153500,4.008350e-05,4.394870e-01,1.124680e-09
153600,3.854370e-05,4.228795e-01,1.080831e-09
153700,4.908969e-05,5.389347e-01,1.375738e-09
153800,4.905510e-05,5.389054e-01,1.373949e-09
153900,5.505386e-05,6.051992e-01,1.541046e-09
154000,4.521791e-05,4.973970e-01,1.264969e-09
154100,5.121092e-05,5.636859e-01,1.431771e-09
154200,5.117493e-05,5.636553e-01,1.429915e-09
154300,4.662673e-05,5.138931e-01,1.302057e-09
154400,4.358794e-05,4.807127e-01,1.216476e-09
154500,5.106725e-05,5.635636e-01,1.424367e-09
154600,4.802961e-05,5.303841e-01,1.338847e-09
154700,4.424628e-05,4.889214e-01,1.232655e-09
154800,4.871178e-05,5.386131e-01,1.356255e-09
154900,5.092436e-05,5.634417e-01,1.417020e-09
155000,4.490185e-05,4.971276e-01,1.248699e-09
155100,5.833162e-05,6.462310e-01,1.621216e-09
155200,4.633378e-05,5.136431e-01,1.286999e-09
155300,4.779505e-05,5.301837e-01,1.326805e-09
155400,4.328406e-05,4.804531e-01,1.200870e-09
155500,4.921995e-05,5.466930e-01,1.364750e-09
155600,5.142139e-05,5.715120e-01,1.424951e-09
155700,5.436447e-05,6.046106e-01,1.505621e-09
155800,4.986146e-05,5.548868e-01,1.380098e-09
155900,6.023837e-05,6.707973e-01,1.666337e-09
156000,4.756269e-05,5.299843e-01,1.314924e-09
156100,5.421353e-05,6.044809e-01,1.497915e-09
156200,5.194952e-05,5.796082e-01,1.434518e-09
156300,4.894701e-05,5.464585e-01,1.350815e-09
156400,4.076092e-05,4.553577e-01,1.124240e-09
156500,4.591686e-05,5.132849e-01,1.265706e-09
156600,5.624624e-05,6.291543e-01,1.549530e-09
156700,6.138433e-05,6.870661e-01,1.690091e-09
156800,4.729979e-05,5.297576e-01,1.301541e-09
156900,5.022132e-05,5.628375e-01,1.381125e-09
157000,4.575842e-05,5.131480e-01,1.257658e-09
157100,5.162710e-05,5.793298e-01,1.418129e-09
157200,3.537704e-05,3.972336e-01,9.711944e-10
157300,4.566387e-05,5.130662e-01,1.252865e-09
157400,5.372851e-05,6.040620e-01,1.473274e-09
157500,5.810455e-05,6.536762e-01,1.592341e-09
157600,5.365463e-05,6.039979e-01,1.469537e-09
157700,5.435226e-05,6.122393e-01,1.487779e-09
157800,8.073842e-05,9.100373e-01,2.208761e-09
157900,6.454641e-05,7.279913e-01,1.764771e-09
158000,7.989471e-05,9.016688e-01,2.183144e-09
158100,6.226051e-05,7.030991e-01,1.700299e-09
158200,8.564107e-05,9.677441e-01,2.337453e-09
158300,7.607329e-05,8.601716e-01,2.075112e-09
158400,6.213276e-05,7.029878e-01,1.693864e-09
158500,8.035213e-05,9.097009e-01,2.189294e-09
158600,6.131789e-05,6.946441e-01,1.669717e-09
158700,8.097189e-05,9.178742e-01,2.203632e-09
158800,5.175749e-05,5.870779e-01,1.407756e-09
158900,7.576210e-05,8.598998e-01,2.059470e-09
159000,6.479069e-05,7.358372e-01,1.760215e-09
159100,8.948122e-05,1.016890e+00,2.429600e-09
159200,8.287737e-05,9.424341e-01,2.248996e-09
159300,6.175250e-05,7.026553e-01,1.674779e-09
159400,7.986068e-05,9.092709e-01,2.164642e-09
159500,5.441348e-05,6.199250e-01,1.474042e-09
159600,8.192732e-05,9.339715e-01,2.218108e-09
159700,6.810569e-05,7.768914e-01,1.842842e-09
159800,9.122872e-05,1.041311e+00,2.467101e-09
159900,6.511922e-05,7.437545e-01,1.760012e-09
160000,5.856761e-05,6.693441e-01,1.582031e-09
160100,8.598555e-05,9.833061e-01,2.321316e-09
160200,6.426503e-05,7.353755e-01,1.733944e-09
160300,8.298296e-05,9.501548e-01,2.237695e-09
160400,6.201490e-05,7.105136e-01,1.671320e-09
160500,8.142969e-05,9.335333e-01,2.193302e-09
160600,6.769228e-05,7.765272e-01,1.822245e-09
160700,8.347884e-05,9.582178e-01,2.245930e-09
160800,8.126511e-05,9.333879e-01,2.185125e-09
160900,7.689834e-05,8.837816e-01,2.066530e-09
161000,7.900117e-05,9.085135e-01,2.121832e-09
161100,5.813447e-05,6.689616e-01,1.560501e-09
161200,8.319835e-05,9.579695e-01,2.232019e-09
161300,5.805638e-05,6.688924e-01,1.556633e-09
161400,8.022160e-05,9.248405e-01,2.149715e-09
161500,7.157838e-05,8.257078e-01,1.917013e-09
161600,6.008553e-05,6.935587e-01,1.608298e-09
161700,7.934554e-05,9.164410e-01,2.122623e-09
161800,5.143292e-05,5.944176e-01,1.375135e-09
161900,7.638389e-05,8.833251e-01,2.041080e-09
162000,5.921143e-05,6.851608e-01,1.581314e-09
162100,7.556888e-05,8.749797e-01,2.017018e-09
162200,5.343284e-05,6.190576e-01,1.425376e-09
162300,8.472351e-05,9.821875e-01,2.258811e-09
162400,7.826361e-05,9.078578e-01,2.085406e-09
162500,6.114712e-05,7.097433e-01,1.628402e-09
162600,7.886986e-05,9.160171e-01,2.099191e-09
162700,6.319589e-05,7.344265e-01,1.681067e-09
162800,8.231287e-05,9.571811e-01,2.188362e-09
162900,5.602062e-05,6.518400e-01,1.488521e-09
163000,7.936886e-05,9.240803e-01,2.107720e-09
163100,6.727709e-05,7.837781e-01,1.785606e-09
163200,6.015533e-05,7.012393e-01,1.595690e-09
163300,7.991816e-05,9.321882e-01,2.118732e-09
163400,6.219589e-05,7.259149e-01,1.647967e-09
163500,8.475638e-05,9.898334e-01,2.244480e-09
163600,5.999602e-05,7.010963e-01,1.587897e-09
163700,8.041200e-05,9.402460e-01,2.127049e-09
163800,6.978529e-05,8.164879e-01,1.844919e-09
163900,8.805450e-05,1.030867e+00,2.326602e-09
164000,7.673281e-05,8.988701e-01,2.026324e-09
164100,5.839100e-05,6.844260e-01,1.541100e-09
164200,7.733461e-05,9.070245e-01,2.039935e-09
164300,5.690885e-05,6.678660e-01,1.500306e-09
164400,7.653059e-05,8.986878e-01,2.016475e-09
164500,6.034217e-05,7.090205e-01,1.589047e-09
164600,7.993582e-05,9.398168e-01,2.103852e-09
164700,7.357667e-05,8.655770e-01,1.935406e-09
164800,5.882265e-05,6.924266e-01,1.546446e-09
164900,7.837868e-05,9.231888e-01,2.059428e-09
165000,4.755581e-05,5.604792e-01,1.248852e-09
165100,7.967362e-05,9.395796e-01,2.091128e-09
165200,5.866838e-05,6.922869e-01,1.538967e-09
165300,7.887122e-05,9.312438e-01,2.067772e-09
165400,6.068409e-05,7.169392e-01,1.590077e-09
165500,8.016211e-05,9.476306e-01,2.099287e-09
165600,7.105380e-05,8.404649e-01,1.859728e-09
165700,6.195739e-05,7.333100e-01,1.620746e-09
165800,7.930931e-05,9.392488e-01,2.073508e-09
165900,6.118125e-05,7.249978e-01,1.598674e-09
166000,6.044654e-05,7.167232e-01,1.578604e-09
166100,6.318446e-05,7.496385e-01,1.649195e-09
166200,6.175552e-05,7.331262e-01,1.611009e-09
166300,5.478099e-05,6.507199e-01,1.428278e-09
166400,5.613129e-05,6.671605e-01,1.462677e-09
166500,5.955741e-05,7.083078e-01,1.551101e-09
166600,6.021077e-05,7.165082e-01,1.567254e-09
166700,5.533025e-05,6.588252e-01,1.439424e-09
166800,5.875022e-05,6.999669e-01,1.527555e-09
166900,6.354720e-05,7.575734e-01,1.651373e-09
167000,6.488655e-05,7.740039e-01,1.685252e-09
167100,6.691400e-05,7.986664e-01,1.736956e-09
167200,5.584044e-05,6.668944e-01,1.448713e-09
167300,5.167064e-05,6.174641e-01,1.339798e-09
167400,5.989916e-05,7.162228e-01,1.552310e-09
167500,6.536483e-05,7.820435e-01,1.693027e-09
167600,4.263159e-05,5.103610e-01,1.103605e-09
167700,4.329121e-05,5.185669e-01,1.120068e-09
167800,4.669686e-05,5.596953e-01,1.207522e-09
167900,5.490205e-05,6.584324e-01,1.418922e-09
168000,3.977832e-05,4.773399e-01,1.027494e-09
168100,4.386504e-05,5.266938e-01,1.132438e-09
168200,4.246690e-05,5.102094e-01,1.095746e-09
168300,4.449309e-05,5.348706e-01,1.147401e-09
168400,4.241227e-05,5.101590e-01,1.093144e-09
168500,4.922130e-05,5.924135e-01,1.267952e-09
168600,4.440735e-05,5.347914e-01,1.143321e-09
168700,4.710985e-05,5.676737e-01,1.212241e-09
168800,4.503268e-05,5.429655e-01,1.158161e-09
168900,4.227630e-05,5.100334e-01,1.086682e-09
169000,4.497496e-05,5.429121e-01,1.155422e-09
169100,4.290315e-05,5.182088e-01,1.101599e-09
169200,4.287569e-05,5.181833e-01,1.100297e-09
169300,4.692905e-05,5.675063e-01,1.203664e-09
169400,4.418026e-05,5.345811e-01,1.132548e-09
169500,4.822760e-05,5.838985e-01,1.235631e-09
169600,4.140852e-05,5.016347e-01,1.060347e-09
169700,4.613086e-05,5.591719e-01,1.180634e-09
169800,5.694884e-05,6.907080e-01,1.456713e-09
169900,4.336193e-05,5.262280e-01,1.108570e-09
170000,3.994881e-05,4.850927e-01,1.020761e-09
170100,4.736672e-05,5.755057e-01,1.209649e-09
170200,4.192669e-05,5.097087e-01,1.070145e-09
170300,4.663067e-05,5.672288e-01,1.189569e-09
170400,3.309349e-05,4.027950e-01,8.437755e-10
170500,4.049690e-05,4.931944e-01,1.031983e-09
170600,4.114571e-05,5.013899e-01,1.047953e-09
170700,3.909733e-05,4.767082e-01,9.952472e-10
170800,4.109354e-05,5.013411e-01,1.045500e-09
170900,4.376045e-05,5.341900e-01,1.112754e-09
171000,4.709679e-05,5.752536e-01,1.196949e-09
171100,4.975652e-05,6.080958e-01,1.263868e-09
171200,3.561388e-05,4.355069e-01,9.041456e-10
171300,4.297826e-05,5.258697e-01,1.090524e-09
171400,4.026666e-05,4.929789e-01,1.021174e-09
171500,4.694810e-05,5.751143e-01,1.189980e-09
171600,3.619425e-05,4.436381e-01,9.169153e-10
171700,5.090793e-05,6.243494e-01,1.288971e-09
171800,4.284281e-05,5.257425e-01,1.084186e-09
171900,4.950579e-05,6.078604e-01,1.252132e-09
172000,3.610311e-05,4.435524e-01,9.126555e-10
172100,4.743903e-05,5.831612e-01,1.198579e-09
172200,4.273505e-05,5.256411e-01,1.079155e-09
172300,4.537745e-05,5.584668e-01,1.145271e-09
172400,4.201447e-05,5.173782e-01,1.059830e-09
172500,4.731991e-05,5.830489e-01,1.193027e-09
172600,4.262781e-05,5.255400e-01,1.074159e-09
172700,4.792621e-05,5.912041e-01,1.207029e-09
172800,3.858303e-05,4.762249e-01,9.712041e-10
172900,4.853099e-05,5.993577e-01,1.220964e-09
173000,4.451426e-05,5.500691e-01,1.119316e-09
173100,4.780629e-05,5.910907e-01,1.201457e-09
173200,3.915011e-05,4.843428e-01,9.833910e-10
173300,3.846250e-05,4.761108e-01,9.656080e-10
173400,4.307761e-05,5.335469e-01,1.080899e-09
173500,4.768695e-05,5.909776e-01,1.195924e-09
173600,3.110957e-05,3.857586e-01,7.797734e-10
173700,3.902809e-05,4.842271e-01,9.777377e-10
173800,4.693674e-05,5.826861e-01,1.175246e-09
173900,4.624685e-05,5.744519e-01,1.157361e-09
174000,4.093600e-05,5.087760e-01,1.023913e-09
174100,3.827115e-05,4.759291e-01,9.567544e-10
174200,4.220398e-05,5.251381e-01,1.054517e-09
174300,4.151874e-05,5.169083e-01,1.036850e-09
174400,3.029645e-05,3.774071e-01,7.561969e-10
174500,4.080900e-05,5.086550e-01,1.018054e-09
174600,4.209929e-05,5.250383e-01,1.049691e-09
174700,4.601756e-05,5.742335e-01,1.146786e-09
174800,3.810522e-05,4.757709e-01,9.491069e-10
174900,4.464743e-05,5.577739e-01,1.111474e-09
175000,4.133893e-05,5.167367e-01,1.028571e-09
175100,4.983835e-05,6.233354e-01,1.239399e-09
175200,3.866639e-05,4.838822e-01,9.610673e-10
175300,4.781191e-05,5.986734e-01,1.187761e-09
175400,4.909150e-05,6.150464e-01,1.218911e-09
175500,4.448217e-05,5.576157e-01,1.103887e-09
175600,4.183975e-05,5.247900e-01,1.037770e-09
175700,4.769406e-05,5.985604e-01,1.182359e-09
175800,4.244116e-05,5.329397e-01,1.051588e-09
175900,4.045741e-05,5.083185e-01,1.001913e-09
176000,4.108466e-05,5.164929e-01,1.016916e-09
176100,3.584551e-05,4.508853e-01,8.867761e-10
176200,4.494218e-05,5.656295e-01,1.111239e-09
176300,4.556552e-05,5.738001e-01,1.126065e-09
176400,2.862360e-05,3.606574e-01,7.070099e-10
176500,3.900824e-05,4.917825e-01,9.630123e-10
176600,3.768485e-05,4.753674e-01,9.298579e-10
176700,4.740187e-05,5.982793e-01,1.169014e-09
176800,3.893658e-05,4.917134e-01,9.597469e-10
176900,4.085838e-05,5.162749e-01,1.006595e-09
177000,3.500005e-05,4.425006e-01,8.618213e-10
177100,4.404719e-05,5.571970e-01,1.084031e-09
177200,4.790442e-05,6.063331e-01,1.178350e-09
177300,4.787516e-05,6.063048e-01,1.177021e-09
177400,4.590624e-05,5.816977e-01,1.128031e-09
177500,5.427848e-05,6.881736e-01,1.333069e-09
177600,3.874671e-05,4.915297e-01,9.511200e-10
177700,4.388618e-05,5.570410e-01,1.076723e-09
177800,3.740954e-05,4.751011e-01,9.173488e-10
177900,4.125437e-05,5.242251e-01,1.011109e-09
178000,4.122927e-05,5.242008e-01,1.009973e-09
178100,4.635474e-05,5.896985e-01,1.134945e-09
178200,4.697000e-05,5.978610e-01,1.149417e-09
178300,4.436934e-05,5.650753e-01,1.085217e-09
178400,3.920126e-05,4.995361e-01,9.583191e-10
178500,4.495777e-05,5.732116e-01,1.098479e-09
178600,3.979560e-05,5.076782e-01,9.718490e-10
178700,4.939363e-05,6.304744e-01,1.205623e-09
178800,4.167067e-05,5.321940e-01,1.016596e-09
178900,4.356755e-05,5.567311e-01,1.062327e-09
179000,4.290089e-05,5.485185e-01,1.045535e-09
179100,4.159511e-05,5.321202e-01,1.013193e-09
179200,3.261644e-05,4.174905e-01,7.940798e-10
179300,4.921470e-05,6.302997e-01,1.197568e-09
179400,3.768721e-05,4.829346e-01,9.165943e-10
179500,5.362400e-05,6.875363e-01,1.303528e-09
179600,3.891776e-05,4.992593e-01,9.455558e-10
179700,4.527044e-05,5.810784e-01,1.099340e-09
179800,4.651763e-05,5.974193e-01,1.129051e-09
179900,4.585279e-05,5.892084e-01,1.112347e-09
180000,3.882414e-05,4.991675e-01,9.413580e-10
180100,3.880080e-05,4.991446e-01,9.403129e-10
180200,4.132028e-05,5.318510e-01,1.000861e-09
180300,4.574267e-05,5.891003e-01,1.107417e-09
180400,3.873095e-05,4.990760e-01,9.371881e-10
180500,4.124593e-05,5.317779e-01,9.975369e-10
180600,4.375790e-05,5.644769e-01,1.057751e-09
180700,5.006961e-05,6.462556e-01,1.209709e-09
180800,2.787017e-05,3.599234e-01,6.730167e-10
180900,4.304631e-05,5.562198e-01,1.038967e-09
181000,3.795932e-05,4.907598e-01,9.157230e-10
181100,4.742078e-05,6.134217e-01,1.143390e-09
181200,3.980966e-05,5.152508e-01,9.593877e-10
181300,4.736415e-05,6.133658e-01,1.140869e-09
181400,3.471298e-05,4.497811e-01,8.357149e-10
181500,4.983073e-05,6.460198e-01,1.199068e-09
181600,3.719317e-05,4.824486e-01,8.945206e-10
181700,4.284117e-05,5.560171e-01,1.029838e-09
181800,4.218601e-05,5.478155e-01,1.013578e-09
181900,3.272190e-05,4.251509e-01,7.857926e-10
182000,4.276472e-05,5.559414e-01,1.026446e-09
182100,4.651041e-05,6.049676e-01,1.115788e-09
182200,3.266358e-05,4.250931e-01,7.832071e-10
182300,4.708295e-05,6.130873e-01,1.128387e-09
182400,4.015361e-05,5.231441e-01,9.618344e-10
182500,4.263790e-05,5.558155e-01,1.020829e-09
182600,3.446609e-05,4.495363e-01,8.247668e-10
182700,4.321366e-05,5.639383e-01,1.033575e-09
182800,3.880667e-05,5.067042e-01,9.277037e-10
182900,4.441360e-05,5.802319e-01,1.061209e-09
183000,4.126146e-05,5.393462e-01,9.853982e-10
183100,5.060912e-05,6.618950e-01,1.208032e-09
183200,2.872400e-05,3.758741e-01,6.852939e-10
183300,3.744396e-05,4.902484e-01,8.928866e-10
183400,3.929295e-05,5.147377e-01,9.365089e-10
183500,3.864644e-05,5.065445e-01,9.206394e-10
183600,4.049254e-05,5.310308e-01,9.641354e-10
183700,4.171387e-05,5.473456e-01,9.927194e-10
183800,4.044485e-05,5.309831e-01,9.620383e-10
183900,4.912711e-05,6.453197e-01,1.167975e-09
184000,3.728978e-05,4.900943e-01,8.861059e-10
184100,4.037351e-05,5.309117e-01,9.589054e-10
184200,3.910825e-05,5.145529e-01,9.283918e-10
184300,4.404850e-05,5.798670e-01,1.045148e-09
184400,3.720223e-05,4.900065e-01,8.822658e-10
184500,4.709518e-05,6.206472e-01,1.116326e-09
184600,4.211308e-05,5.552911e-01,9.977357e-10
184700,4.827787e-05,6.369231e-01,1.143223e-09
184800,3.587790e-05,4.735883e-01,8.491689e-10
184900,4.451201e-05,5.878765e-01,1.053001e-09
185000,4.016094e-05,5.306982e-01,9.495982e-10
185100,4.322496e-05,5.714957e-01,1.021540e-09
185200,4.011400e-05,5.306509e-01,9.475484e-10
185300,4.625835e-05,6.122623e-01,1.092145e-09
185400,4.438209e-05,5.877456e-01,1.047329e-09
185500,4.312407e-05,5.713940e-01,1.017139e-09
185600,3.817333e-05,5.060693e-01,8.999238e-10
185700,4.430448e-05,5.876673e-01,1.043948e-09
185800,4.243373e-05,5.631562e-01,9.993731e-10
185900,4.548214e-05,6.039378e-01,1.070639e-09
186000,3.869875e-05,5.141405e-01,9.105099e-10
186100,4.358751e-05,5.794025e-01,1.025028e-09
186200,4.356217e-05,5.793769e-01,1.023927e-09
186300,4.660284e-05,6.201506e-01,1.094858e-09
186400,3.431899e-05,4.569329e-01,8.058723e-10
186500,3.307411e-05,4.405944e-01,7.762580e-10
186600,3.611556e-05,4.813689e-01,8.472250e-10
186700,4.037704e-05,5.384567e-01,9.467282e-10
186800,4.035364e-05,5.384329e-01,9.457148e-10
186900,4.033028e-05,5.384092e-01,9.447031e-10
187000,4.336049e-05,5.791722e-01,1.015185e-09
187100,4.577684e-05,6.117747e-01,1.071232e-09
187200,3.721030e-05,4.975549e-01,8.703384e-10
187300,3.901775e-05,5.220018e-01,9.121671e-10
187400,2.863711e-05,3.833282e-01,6.691580e-10
187500,4.323535e-05,5.790449e-01,1.009778e-09
187600,4.868778e-05,6.524163e-01,1.136565e-09
187700,4.075250e-05,5.463746e-01,9.508593e-10
187800,3.525795e-05,4.729603e-01,8.222556e-10
187900,3.827537e-05,5.137102e-01,8.921893e-10
188000,4.007493e-05,5.381490e-01,9.336804e-10
188100,3.883817e-05,5.218186e-01,9.044246e-10
188200,3.760284e-05,5.054897e-01,8.752305e-10
188300,4.121812e-05,5.543838e-01,9.589109e-10
188400,3.210744e-05,4.320743e-01,7.465933e-10
188500,4.419806e-05,5.950953e-01,1.027236e-09
188600,4.235738e-05,5.706144e-01,9.839764e-10
188700,4.475212e-05,6.031946e-01,1.039101e-09
188800,3.082499e-05,4.156971e-01,7.153790e-10
188900,3.926425e-05,5.297869e-01,9.107925e-10
189000,3.924176e-05,5.297638e-01,9.098290e-10
189100,3.861593e-05,5.215909e-01,8.948844e-10
189200,2.593024e-05,3.504286e-01,6.006150e-10
189300,3.194225e-05,4.319049e-01,7.395110e-10
189400,3.192400e-05,4.318861e-01,7.387303e-10
189500,4.755765e-05,6.437268e-01,1.099964e-09
189600,3.609912e-05,4.888852e-01,8.345351e-10
189700,3.247067e-05,4.399776e-01,7.502899e-10
189800,4.266858e-05,5.784640e-01,9.854530e-10
189900,4.024177e-05,5.458508e-01,9.289554e-10
190000,3.241519e-05,4.399204e-01,7.479224e-10
190100,3.779619e-05,5.132182e-01,8.716584e-10
190200,4.077267e-05,5.539259e-01,9.398486e-10
190300,4.254726e-05,5.783388e-01,9.802814e-10
190400,3.713282e-05,5.050064e-01,8.551215e-10
190500,4.070319e-05,5.538541e-01,9.368908e-10
190600,3.230477e-05,4.398063e-01,7.432210e-10
190700,4.245068e-05,5.782389e-01,9.761734e-10
190800,3.884126e-05,5.293508e-01,8.927433e-10
190900,3.822202e-05,5.211845e-01,8.780882e-10
191000,3.163467e-05,4.315873e-01,7.264055e-10
191100,3.579256e-05,4.885684e-01,8.214855e-10
191200,3.934953e-05,5.374021e-01,9.026890e-10
191300,3.813553e-05,5.210948e-01,8.744199e-10
191400,3.692291e-05,5.047889e-01,8.462094e-10
191500,3.690204e-05,5.047672e-01,8.453258e-10
191600,2.855319e-05,3.907708e-01,6.537628e-10
191700,3.626586e-05,4.965832e-01,8.299570e-10
191800,3.149190e-05,4.314390e-01,7.203585e-10
191900,3.681881e-05,5.046806e-01,8.418055e-10
192000,3.086288e-05,4.232624e-01,7.052951e-10
192100,3.855687e-05,5.290554e-01,8.807013e-10
192200,3.912801e-05,5.371717e-01,8.933202e-10
192300,3.732845e-05,5.127329e-01,8.518281e-10
192400,3.612309e-05,4.964344e-01,8.239288e-10
192500,4.202127e-05,5.777925e-01,9.580030e-10
192600,4.554676e-05,6.265932e-01,1.037882e-09
192700,3.606223e-05,4.963709e-01,8.213654e-10
192800,3.604199e-05,4.963497e-01,8.205136e-10
192900,3.484073e-05,4.800555e-01,7.927889e-10
193000,3.718196e-05,5.125798e-01,8.456603e-10
193100,3.421182e-05,4.718788e-01,7.777382e-10
193200,3.065549e-05,4.230457e-01,6.965609e-10
193300,3.417352e-05,4.718387e-01,7.761297e-10
193400,3.179892e-05,4.392794e-01,7.218564e-10
193500,3.648946e-05,5.043364e-01,8.279417e-10
193600,3.470443e-05,4.799127e-01,7.870663e-10
193700,3.821233e-05,5.286949e-01,8.662118e-10
193800,3.525323e-05,4.880054e-01,7.987552e-10
193900,3.699523e-05,5.123839e-01,8.378281e-10
194000,3.638770e-05,5.042295e-01,8.236795e-10
194100,4.399284e-05,6.099292e-01,9.953600e-10
194200,3.693339e-05,5.123189e-01,8.352416e-10
194300,3.632690e-05,5.041655e-01,8.211379e-10
194400,3.103636e-05,4.309620e-01,7.012185e-10
194500,3.921281e-05,5.447780e-01,8.855347e-10
194600,3.860607e-05,5.366243e-01,8.714215e-10
194700,3.741538e-05,5.203411e-01,8.441470e-10
194800,3.272027e-05,4.552792e-01,7.378705e-10
194900,4.554936e-05,6.341122e-01,1.026694e-09
195000,3.501853e-05,4.877581e-01,7.889546e-10
195100,4.024897e-05,5.608982e-01,9.063680e-10
195200,3.206473e-05,4.470739e-01,7.217272e-10
195300,3.379498e-05,4.714400e-01,7.603149e-10
195400,2.853512e-05,3.982688e-01,6.416777e-10
195500,4.307000e-05,6.014419e-01,9.680732e-10
195600,3.722913e-05,5.201441e-01,8.363966e-10
195700,4.302238e-05,6.013914e-01,9.660955e-10
195800,3.312054e-05,4.632145e-01,7.433947e-10
195900,4.123263e-05,5.769623e-01,9.250378e-10
196000,3.424482e-05,4.794274e-01,7.679092e-10
196100,3.364582e-05,4.712818e-01,7.541241e-10
196200,4.232397e-05,5.931403e-01,9.481889e-10
196300,4.809525e-05,6.743641e-01,1.076980e-09
196400,3.938163e-05,5.524680e-01,8.814465e-10
196500,6.077639e-05,8.530400e-01,1.359672e-09
196600,4.165230e-05,5.849173e-01,9.313984e-10
196700,4.452032e-05,6.255105e-01,9.950663e-10
196800,3.409421e-05,4.792672e-01,7.616787e-10
196900,3.927343e-05,5.523528e-01,8.769755e-10
197000,3.463400e-05,4.873498e-01,7.730166e-10
197100,3.634573e-05,5.116960e-01,8.108440e-10
197200,3.690239e-05,5.197965e-01,8.228793e-10
197300,4.322127e-05,6.091112e-01,9.633345e-10
197400,3.628597e-05,5.116322e-01,8.083813e-10
197500,3.741740e-05,5.278525e-01,8.331998e-10
197600,3.797224e-05,5.359511e-01,8.451622e-10
197700,3.622640e-05,5.115685e-01,8.059298e-10
197800,4.482719e-05,6.333442e-01,9.968092e-10
197900,3.331482e-05,4.709287e-01,7.404682e-10
198000,3.559293e-05,5.033857e-01,7.907356e-10
198100,3.557349e-05,5.033649e-01,7.899375e-10
198200,3.326026e-05,4.708703e-01,7.382283e-10
198300,3.782723e-05,5.357957e-01,8.392059e-10
198400,2.806854e-05,3.977713e-01,6.224189e-10
198500,2.919827e-05,4.139897e-01,6.471712e-10
198600,3.604880e-05,5.113780e-01,7.986419e-10
198700,3.374161e-05,4.788898e-01,7.471818e-10
198800,3.029376e-05,4.301714e-01,6.705221e-10
198900,3.313363e-05,4.707342e-01,7.330413e-10
199000,3.711233e-05,5.275252e-01,8.206863e-10
199100,4.279864e-05,6.086579e-01,9.459948e-10
199200,2.623558e-05,3.732948e-01,5.796277e-10
199300,2.907148e-05,4.138533e-01,6.419860e-10
199400,2.962543e-05,4.219507e-01,6.539176e-10
199500,3.530347e-05,5.030744e-01,7.788896e-10
199600,3.699164e-05,5.273951e-01,8.157598e-10
199700,3.867798e-05,5.517137e-01,8.525557e-10
199800,3.354066e-05,4.786732e-01,7.389772e-10
199900,4.204518e-05,6.003451e-01,9.259257e-10
200000,3.804734e-05,5.435334e-01,8.375000e-10
200100,3.689164e-05,5.272870e-01,8.116881e-10
200200,3.743896e-05,5.353772e-01,8.233525e-10
200300,4.138739e-05,5.921354e-01,9.097686e-10
200400,3.853183e-05,5.515556e-01,8.466102e-10
200500,4.417442e-05,6.326409e-01,9.701432e-10
200600,3.566010e-05,5.109583e-01,7.827962e-10
200700,4.073243e-05,5.839285e-01,8.937329e-10
200800,3.562167e-05,5.109166e-01,7.812376e-10
200900,3.899321e-05,5.595525e-01,8.547896e-10
201000,3.840740e-05,5.514206e-01,8.415633e-10
201100,4.572538e-05,6.568125e-01,1.001454e-09
201200,3.328823e-05,4.783995e-01,7.287290e-10
201300,3.834548e-05,5.513532e-01,8.390568e-10
201400,3.945208e-05,5.675464e-01,8.628774e-10
201500,3.830431e-05,5.513084e-01,8.373920e-10
201600,3.040180e-05,4.377859e-01,6.643282e-10
201700,3.376166e-05,4.864091e-01,7.374107e-10
201800,3.543074e-05,5.107088e-01,7.735141e-10
201900,3.822221e-05,5.512189e-01,8.340773e-10
202000,3.089847e-05,4.458207e-01,6.739535e-10
202100,3.649682e-05,5.268577e-01,7.957025e-10
202200,3.872205e-05,5.592571e-01,8.438336e-10
202300,3.645779e-05,5.268151e-01,7.941300e-10
202400,3.195359e-05,4.619576e-01,6.957029e-10
202500,3.025565e-05,4.376263e-01,6.584362e-10
202600,3.191946e-05,4.619203e-01,6.943301e-10
202700,3.637996e-05,5.267299e-01,7.909989e-10
202800,3.803874e-05,5.510183e-01,8.266906e-10
202900,3.857755e-05,5.590989e-01,8.380212e-10
203000,3.464541e-05,5.023585e-01,7.522629e-10
203100,3.797796e-05,5.509516e-01,8.242502e-10
203200,3.572493e-05,5.185218e-01,7.750016e-10
203300,4.128497e-05,5.995167e-01,8.952142e-10
203400,3.512932e-05,5.103788e-01,7.613926e-10
203500,2.786559e-05,4.050463e-01,6.036861e-10
203600,3.397796e-05,4.941366e-01,7.357738e-10
203700,3.841367e-05,5.589189e-01,8.314517e-10
203800,3.783686e-05,5.507966e-01,8.185978e-10
203900,3.503614e-05,5.102763e-01,7.576630e-10
204000,3.112672e-05,4.535608e-01,6.728181e-10
204100,3.388792e-05,4.940375e-01,7.321732e-10
204200,3.386997e-05,4.940177e-01,7.314563e-10
204300,3.829164e-05,5.587845e-01,8.265752e-10
204400,3.438878e-05,5.020761e-01,7.419932e-10
204500,3.326186e-05,4.858607e-01,7.173558e-10
204600,3.324427e-05,4.858413e-01,7.166548e-10
204700,3.710315e-05,5.425011e-01,7.994828e-10
204800,2.601384e-05,3.805453e-01,5.602837e-10
204900,2.710649e-05,3.967228e-01,5.835555e-10
205000,2.819799e-05,4.128991e-01,6.067817e-10
205100,4.310359e-05,6.314676e-01,9.271143e-10
205200,3.203449e-05,4.695341e-01,6.887209e-10
205300,3.808992e-05,5.585614e-01,8.185424e-10
205400,4.910460e-05,7.204346e-01,1.054773e-09
205500,3.694693e-05,5.423281e-01,7.932702e-10
205600,3.086477e-05,4.532711e-01,6.623870e-10
205700,3.470460e-05,5.099097e-01,7.444610e-10
205800,3.688867e-05,5.422634e-01,7.909592e-10
205900,3.356756e-05,4.936829e-01,7.194277e-10
206000,3.574993e-05,5.260347e-01,7.658592e-10
206100,3.847972e-05,5.664764e-01,8.239713e-10
206200,3.351474e-05,4.936242e-01,7.173358e-10
206300,3.789023e-05,5.583397e-01,8.106262e-10
206400,3.128422e-05,4.612188e-01,6.689990e-10
206500,3.785054e-05,5.582954e-01,8.090567e-10
206600,3.508936e-05,5.178188e-01,7.497032e-10
206700,3.561899e-05,5.258889e-01,7.606807e-10
206800,3.286187e-05,4.854167e-01,7.014879e-10
206900,4.269809e-05,6.310168e-01,9.110530e-10
207000,3.282752e-05,4.853784e-01,7.001330e-10
207100,2.898250e-05,4.287340e-01,6.178537e-10
207200,3.388636e-05,5.015181e-01,7.220748e-10
207300,3.714629e-05,5.500304e-01,7.911891e-10
207400,3.330503e-05,4.933902e-01,7.090589e-10
207500,4.092746e-05,6.066034e-01,8.709537e-10
207600,3.654281e-05,5.418777e-01,7.773026e-10
207700,4.415562e-05,6.550801e-01,9.388193e-10
207800,3.650477e-05,5.418351e-01,7.758070e-10
207900,3.811947e-05,5.660741e-01,8.097651e-10
208000,2.503691e-05,3.719770e-01,5.316198e-10
208100,3.372786e-05,5.013406e-01,7.158426e-10
208200,3.479777e-05,5.174926e-01,7.382246e-10
208300,2.988881e-05,4.447027e-01,6.338028e-10
208400,3.747740e-05,5.578779e-01,7.943715e-10
208500,3.908657e-05,5.821107e-01,8.281145e-10
208600,3.472560e-05,5.174115e-01,7.353962e-10
208700,3.362299e-05,5.012228e-01,7.117325e-10
208800,3.414760e-05,5.092871e-01,7.225195e-10
208900,4.225609e-05,6.305213e-01,8.936917e-10
209000,3.681958e-05,5.496637e-01,7.783705e-10
209100,3.842409e-05,5.738912e-01,8.119332e-10
209200,3.353608e-05,5.011249e-01,7.083344e-10
209300,4.216875e-05,6.304228e-01,8.902790e-10
209400,3.944524e-05,5.899881e-01,8.324143e-10
209500,4.698581e-05,7.031091e-01,9.911085e-10
209600,3.454644e-05,5.172095e-01,7.283958e-10
209700,4.046323e-05,6.060813e-01,8.527749e-10
209800,3.505005e-05,5.252500e-01,7.383672e-10
209900,3.503199e-05,5.252296e-01,7.376638e-10
210000,3.501395e-05,5.252092e-01,7.369615e-10
210100,3.876471e-05,5.817476e-01,8.155496e-10
210200,3.336355e-05,5.009299e-01,7.016108e-10
210300,2.689225e-05,4.039600e-01,5.652772e-10
210400,3.655466e-05,5.493643e-01,7.680464e-10
210500,3.438671e-05,5.170287e-01,7.221805e-10
210600,3.114695e-05,4.685391e-01,6.538547e-10
210700,2.791052e-05,4.200533e-01,5.856583e-10
210800,2.521387e-05,3.796489e-01,5.288429e-10
210900,3.860570e-05,5.815672e-01,8.093742e-10
211000,4.019365e-05,6.057758e-01,8.422991e-10
211100,2.838896e-05,4.280650e-01,5.946609e-10
211200,3.105126e-05,4.684304e-01,6.501449e-10
211300,3.424592e-05,5.168688e-01,7.167224e-10
211400,3.315876e-05,5.006973e-01,6.936681e-10
211500,3.955635e-05,5.975834e-01,8.271437e-10
211600,3.152205e-05,4.764333e-01,6.588563e-10
211700,3.470994e-05,5.248639e-01,7.251730e-10
211800,3.842830e-05,5.813653e-01,8.025103e-10
211900,4.320977e-05,6.540108e-01,9.019721e-10
212000,3.625637e-05,5.490250e-01,7.564970e-10
212100,2.717841e-05,4.117529e-01,5.668379e-10
212200,3.408886e-05,5.166897e-01,7.106557e-10
212300,3.992753e-05,6.054724e-01,8.320152e-10
212400,3.458624e-05,5.247226e-01,7.204010e-10
212500,3.456864e-05,5.247025e-01,7.197232e-10
212600,3.401950e-05,5.166103e-01,7.079840e-10
212700,3.612734e-05,5.488774e-01,7.515259e-10
212800,3.239187e-05,4.923565e-01,6.735295e-10
212900,3.396765e-05,5.165510e-01,7.059902e-10
213000,3.395041e-05,5.165312e-01,7.053274e-10
213100,3.340297e-05,5.084409e-01,6.936552e-10
213200,3.921533e-05,5.971935e-01,8.140055e-10
213300,3.972512e-05,6.052406e-01,8.242322e-10
213400,2.858759e-05,4.357566e-01,5.928911e-10
213500,3.545182e-05,5.406403e-01,7.349352e-10
213600,3.384728e-05,5.164128e-01,7.013705e-10
213700,3.488734e-05,5.325304e-01,7.226115e-10
213800,3.117140e-05,4.760317e-01,6.453668e-10
213900,3.538013e-05,5.405578e-01,7.321891e-10
214000,3.166769e-05,4.840632e-01,6.550790e-10
214100,4.378484e-05,6.695953e-01,9.053464e-10
214200,3.638107e-05,5.566303e-01,7.519348e-10
214300,4.268666e-05,6.534107e-01,8.818824e-10
214400,3.107707e-05,4.759231e-01,6.417597e-10
214500,3.737897e-05,5.726992e-01,7.715672e-10
214600,3.104574e-05,4.758869e-01,6.405641e-10
214700,3.628945e-05,5.565246e-01,7.484366e-10
214800,2.891181e-05,4.435897e-01,5.960245e-10
214900,3.415131e-05,5.242225e-01,7.037372e-10
215000,3.570955e-05,5.483966e-01,7.355327e-10
215100,3.989061e-05,6.128907e-01,8.213018e-10
215200,2.570602e-05,3.951383e-01,5.290315e-10
215300,3.250965e-05,4.999519e-01,6.687652e-10
215400,4.087870e-05,6.289480e-01,8.405687e-10
215500,3.876290e-05,5.966717e-01,7.967227e-10
215600,3.821989e-05,5.885863e-01,7.852272e-10
215700,4.081722e-05,6.288767e-01,8.382322e-10
215800,3.818159e-05,5.885419e-01,7.837724e-10
215900,4.182188e-05,6.449531e-01,8.581332e-10
216000,3.448578e-05,5.320663e-01,7.073045e-10
216100,3.342402e-05,5.159236e-01,6.852364e-10
216200,2.609945e-05,4.030501e-01,5.348458e-10
216300,3.339060e-05,5.158847e-01,6.839698e-10
216400,2.711630e-05,4.191406e-01,5.552120e-10
216500,3.752690e-05,5.803267e-01,7.680451e-10
216600,3.229870e-05,4.997070e-01,6.607616e-10
216700,3.801013e-05,5.883425e-01,7.772756e-10
216800,3.382776e-05,5.238470e-01,6.914564e-10
216900,3.068989e-05,4.754740e-01,6.270511e-10
217000,3.223432e-05,4.996319e-01,6.583278e-10
217100,3.689511e-05,5.721377e-01,7.531972e-10
217200,3.376039e-05,5.237684e-01,6.889120e-10
217300,3.374359e-05,5.237488e-01,6.882780e-10
217400,3.217019e-05,4.995571e-01,6.559075e-10
217500,3.059835e-05,4.753672e-01,6.235962e-10
217600,3.161986e-05,4.914629e-01,6.441427e-10
217700,3.108605e-05,4.833881e-01,6.330010e-10
217800,3.365983e-05,5.236508e-01,6.851215e-10
217900,3.416072e-05,5.316872e-01,6.950235e-10
218000,3.310911e-05,5.155562e-01,6.733440e-10
218100,3.516099e-05,5.477580e-01,7.147721e-10
218200,3.152585e-05,4.913528e-01,6.406050e-10
218300,4.080833e-05,6.363185e-01,8.288761e-10
218400,3.097832e-05,4.832619e-01,6.289498e-10
218500,3.199509e-05,4.993520e-01,6.493200e-10
218600,3.249506e-05,5.073872e-01,6.591894e-10
218700,3.969655e-05,6.201168e-01,8.049394e-10
218800,3.246294e-05,5.073494e-01,6.579849e-10
218900,3.502206e-05,5.475949e-01,7.095572e-10
219000,3.809342e-05,5.958900e-01,7.714601e-10
219100,3.910367e-05,6.119724e-01,7.915873e-10
219200,3.085609e-05,4.831182e-01,6.243673e-10
219300,3.238292e-05,5.072553e-01,6.549879e-10
219400,3.082567e-05,4.830823e-01,6.232295e-10
219500,2.721593e-05,4.267069e-01,5.500179e-10
219600,3.130857e-05,4.910973e-01,6.324631e-10
219700,3.950121e-05,6.198868e-01,7.976284e-10
219800,3.384152e-05,5.313119e-01,6.830595e-10
219900,3.382488e-05,5.312922e-01,6.824384e-10
220000,3.329601e-05,5.232230e-01,6.714876e-10
220100,3.379165e-05,5.312530e-01,6.811988e-10
220200,2.661065e-05,4.185475e-01,5.362147e-10
220300,2.966654e-05,4.668242e-01,5.975428e-10
220400,2.760702e-05,4.346134e-01,5.558282e-10
220500,3.168141e-05,4.989822e-01,6.375944e-10
220600,2.655848e-05,4.184858e-01,5.342719e-10
220700,3.165037e-05,4.989454e-01,6.364394e-10
220800,3.112463e-05,4.908798e-01,6.256071e-10
220900,3.365934e-05,5.310963e-01,6.762737e-10
221000,2.701625e-05,4.264708e-01,5.425769e-10
221100,3.668337e-05,5.793352e-01,7.364191e-10
221200,3.055453e-05,4.827616e-01,6.131278e-10
221300,3.410256e-05,5.390640e-01,6.840408e-10
221400,3.510339e-05,5.551351e-01,7.038237e-10
221500,3.915423e-05,6.194759e-01,7.847174e-10
221600,2.998665e-05,4.746459e-01,6.007344e-10
221700,2.997203e-05,4.746285e-01,6.001926e-10
221800,3.249618e-05,5.148324e-01,6.504694e-10
221900,3.907792e-05,6.193851e-01,7.818908e-10
222000,3.297179e-05,5.228384e-01,6.594432e-10
222100,3.346275e-05,5.308626e-01,6.689857e-10
222200,3.547353e-05,5.630155e-01,7.088918e-10
222300,3.900190e-05,6.192945e-01,7.790795e-10
222400,2.835123e-05,4.503795e-01,5.660939e-10
222500,3.440976e-05,5.468694e-01,6.867820e-10
222600,2.933525e-05,4.664304e-01,5.852584e-10
222700,3.437635e-05,5.468295e-01,6.855490e-10
222800,3.082265e-05,4.905204e-01,6.144258e-10
222900,3.434300e-05,5.467897e-01,6.843193e-10
223000,3.432635e-05,5.467698e-01,6.837057e-10
223100,3.430972e-05,5.467499e-01,6.830929e-10
223200,2.925000e-05,4.663285e-01,5.821161e-10
223300,2.721957e-05,4.341521e-01,5.414849e-10
223400,2.972551e-05,4.743342e-01,5.910928e-10
223500,3.575407e-05,5.707882e-01,7.106787e-10
223600,2.919343e-05,4.662607e-01,5.800353e-10
223700,3.421023e-05,5.466306e-01,6.794335e-10
223800,3.017092e-05,4.823037e-01,5.989645e-10
223900,3.266938e-05,5.224767e-01,6.482987e-10
224000,2.361107e-05,3.777771e-01,4.683514e-10
224100,2.761665e-05,4.420636e-01,5.475818e-10
224200,3.362587e-05,5.384944e-01,6.664592e-10
224300,3.411130e-05,5.465118e-01,6.758034e-10
224400,3.259068e-05,5.223821e-01,6.454129e-10
224500,3.658422e-05,5.866541e-01,7.242028e-10
224600,3.706752e-05,5.946689e-01,7.334698e-10
224700,3.554767e-05,5.705401e-01,7.031083e-10
224800,3.252799e-05,5.223066e-01,6.431181e-10
224900,3.251235e-05,5.222878e-01,6.425463e-10
225000,3.349663e-05,5.383387e-01,6.617284e-10
225100,3.298083e-05,5.302847e-01,6.512728e-10
225200,3.396394e-05,5.463342e-01,6.704126e-10
225300,3.594456e-05,5.784507e-01,7.092186e-10
225400,3.492934e-05,5.623624e-01,6.889064e-10
225500,3.890261e-05,6.266098e-01,7.669579e-10
225600,2.991074e-05,4.819902e-01,5.894447e-10
225700,3.687224e-05,5.944332e-01,7.263377e-10
225800,2.440371e-05,3.935971e-01,4.805275e-10
225900,3.484577e-05,5.622613e-01,6.858602e-10
226000,3.184375e-05,5.140490e-01,6.265173e-10
226100,3.779637e-05,6.104113e-01,7.433314e-10
226200,3.280747e-05,5.300750e-01,6.449540e-10
226300,3.676656e-05,5.943052e-01,7.224913e-10
226400,3.277614e-05,5.300370e-01,6.438150e-10
226500,3.474598e-05,5.621404e-01,6.822313e-10
226600,3.472941e-05,5.621202e-01,6.816293e-10
226700,3.372105e-05,5.460401e-01,6.615701e-10
226800,3.469630e-05,5.620800e-01,6.804276e-10
226900,3.467977e-05,5.620599e-01,6.798280e-10
227000,3.515844e-05,5.700690e-01,6.889324e-10
227100,3.910133e-05,6.342795e-01,7.658837e-10
227200,3.265139e-05,5.298854e-01,6.392891e-10
227300,2.818552e-05,4.576120e-01,5.516276e-10
227400,3.311460e-05,5.378756e-01,6.478342e-10
227500,3.655695e-05,5.940504e-01,7.148895e-10
227600,3.110803e-05,5.057276e-01,6.080874e-10
227700,3.652224e-05,5.940081e-01,7.136342e-10
227800,3.354505e-05,5.458259e-01,6.551964e-10
227900,3.993912e-05,6.501518e-01,7.797697e-10
228000,3.055619e-05,4.976294e-01,5.963373e-10
228100,2.906388e-05,4.735337e-01,5.669848e-10
228200,3.298911e-05,5.377225e-01,6.433000e-10
228300,3.297349e-05,5.377034e-01,6.427365e-10
228400,3.738506e-05,6.099106e-01,7.284360e-10
228500,3.392565e-05,5.537150e-01,6.607645e-10
228600,3.538393e-05,5.777691e-01,6.888903e-10
228700,3.192873e-05,5.215786e-01,6.213711e-10
228800,3.044071e-05,4.974881e-01,5.921744e-10
228900,3.140782e-05,5.135179e-01,6.107429e-10
229000,3.090248e-05,5.054763e-01,6.006750e-10
229100,3.333932e-05,5.455742e-01,6.477818e-10
229200,3.185344e-05,5.214863e-01,6.186630e-10
229300,3.722646e-05,6.097163e-01,7.227290e-10
229400,3.965688e-05,6.498062e-01,7.696056e-10
229500,3.572331e-05,5.856072e-01,6.929908e-10
229600,2.788041e-05,4.572388e-01,5.406312e-10
229700,3.177849e-05,5.213943e-01,6.159726e-10
229800,3.176354e-05,5.213759e-01,6.154366e-10
229900,3.272549e-05,5.373993e-01,6.338214e-10
230000,3.222190e-05,5.293597e-01,6.238185e-10
230100,3.464667e-05,5.694427e-01,6.704943e-10
230200,3.072838e-05,5.052624e-01,5.944289e-10
230300,3.363910e-05,5.533631e-01,6.504759e-10
230400,3.069955e-05,5.052268e-01,5.933974e-10
230500,3.117222e-05,5.132283e-01,6.022934e-10
230600,3.164444e-05,5.212291e-01,6.111738e-10
230700,3.844215e-05,6.334716e-01,7.421675e-10
230800,2.966927e-05,4.891192e-01,5.725695e-10
230900,3.548923e-05,5.853188e-01,6.846128e-10
231000,3.498670e-05,5.772805e-01,6.746500e-10
231100,3.739883e-05,6.173478e-01,7.208765e-10
231200,2.864285e-05,4.730161e-01,5.518822e-10
231300,2.814422e-05,4.649826e-01,5.420592e-10
231400,2.910110e-05,4.809997e-01,5.602664e-10
231500,3.490502e-05,5.771794e-01,6.717389e-10
231600,3.052764e-05,5.050144e-01,5.872641e-10
231700,3.099774e-05,5.130125e-01,5.960709e-10
231800,3.243562e-05,5.370412e-01,6.234734e-10
231900,3.677550e-05,6.091598e-01,7.066138e-10
232000,3.047075e-05,5.049438e-01,5.852408e-10
232100,3.287374e-05,5.449997e-01,6.311443e-10
232200,2.947595e-05,4.888798e-01,5.656860e-10
232300,3.429211e-05,5.690041e-01,6.578546e-10
232400,3.041406e-05,5.048734e-01,5.832279e-10
232500,3.763800e-05,6.250596e-01,7.214707e-10
232600,2.508034e-05,4.166919e-01,4.805670e-10
232700,3.085377e-05,5.128337e-01,5.909588e-10
232800,2.794825e-05,4.647394e-01,5.350964e-10
232900,3.371499e-05,5.608729e-01,6.452516e-10
233000,3.032941e-05,5.047681e-01,5.802280e-10
233100,3.127774e-05,5.207744e-01,5.981344e-10
233200,3.078227e-05,5.127447e-01,5.884274e-10
233300,3.413326e-05,5.688064e-01,6.522272e-10
233400,3.219534e-05,5.367424e-01,6.149547e-10
233500,3.506227e-05,5.847886e-01,6.694515e-10
233600,2.736472e-05,4.565999e-01,5.222749e-10
233700,2.975137e-05,4.966353e-01,5.676025e-10
233800,3.021725e-05,5.046281e-01,5.762641e-10
233900,3.116212e-05,5.206301e-01,5.940499e-10
234000,3.114773e-05,5.206121e-01,5.935423e-10
234100,3.496515e-05,5.846672e-01,6.660242e-10
234200,3.016147e-05,5.045584e-01,5.742973e-10
234300,3.684702e-05,6.166611e-01,7.013199e-10
234400,2.822041e-05,4.724903e-01,5.369166e-10
234500,3.155404e-05,5.285302e-01,6.001064e-10
234600,3.249525e-05,5.445275e-01,6.177644e-10
234700,3.486854e-05,5.845462e-01,6.626233e-10
234800,3.055561e-05,5.124612e-01,5.804353e-10
234900,3.245039e-05,5.444712e-01,6.161875e-10
235000,3.005051e-05,5.044192e-01,5.703938e-10
235100,3.671151e-05,6.164912e-01,6.965551e-10
235200,3.288221e-05,5.524212e-01,6.236551e-10
235300,3.429611e-05,5.764197e-01,6.502175e-10
235400,3.094755e-05,5.203610e-01,5.865033e-10
235500,3.236104e-05,5.443590e-01,6.130517e-10
235600,3.424891e-05,5.763603e-01,6.485626e-10
235700,3.756144e-05,6.323736e-01,7.110136e-10
235800,3.374227e-05,5.683163e-01,6.384704e-10
235900,3.087666e-05,5.202717e-01,5.840197e-10
236000,2.848848e-05,4.802344e-01,5.386383e-10
236100,2.989921e-05,5.042288e-01,5.650912e-10
236200,3.083428e-05,5.202183e-01,5.825371e-10
236300,2.797523e-05,4.721820e-01,5.283170e-10
236400,3.270184e-05,5.521940e-01,6.173396e-10
236500,3.221317e-05,5.441725e-01,6.078783e-10
236600,3.409249e-05,5.761630e-01,6.430919e-10
236700,3.786324e-05,6.401593e-01,7.139429e-10
236800,2.885755e-05,4.881048e-01,5.439218e-10
236900,3.262725e-05,5.520997e-01,6.147365e-10
237000,3.261237e-05,5.520809e-01,6.142178e-10
237100,3.306993e-05,5.600629e-01,6.225940e-10
237200,3.069380e-05,5.200407e-01,5.776357e-10
237300,3.303981e-05,5.600248e-01,6.215450e-10
237400,3.066586e-05,5.200053e-01,5.766628e-10
237500,3.300974e-05,5.599867e-01,6.204986e-10
237600,3.016661e-05,5.119704e-01,5.668356e-10
237700,2.732606e-05,4.639574e-01,5.132626e-10
237800,2.872641e-05,4.879386e-01,5.393568e-10
237900,3.200834e-05,5.439131e-01,6.007448e-10
238000,3.199380e-05,5.438946e-01,6.002401e-10
238100,3.244956e-05,5.518744e-01,6.085557e-10
238200,3.196477e-05,5.438577e-01,5.992326e-10
238300,3.195027e-05,5.438393e-01,5.987297e-10
238400,2.723935e-05,4.638472e-01,5.102529e-10
238500,3.192132e-05,5.438025e-01,5.977260e-10
238600,2.815311e-05,4.798095e-01,5.269633e-10
238700,3.329943e-05,5.677553e-01,6.230509e-10
238800,3.000280e-05,5.117621e-01,5.611531e-10
238900,3.420647e-05,5.837089e-01,6.395295e-10
239000,3.184915e-05,5.437105e-01,5.952277e-10
239100,3.183475e-05,5.436921e-01,5.947299e-10
239200,3.135242e-05,5.356786e-01,5.854940e-10
239300,3.274147e-05,5.596453e-01,6.111990e-10
239400,3.225917e-05,5.516318e-01,6.019644e-10
239500,2.990804e-05,5.116412e-01,5.578776e-10
239600,2.942745e-05,5.036298e-01,5.487025e-10
239700,2.894729e-05,4.956190e-01,5.395425e-10
239800,3.313438e-05,5.675446e-01,6.173479e-10
239900,3.638475e-05,6.234787e-01,6.776479e-10
240000,2.890819e-05,4.955690e-01,5.381944e-10
240100,3.075938e-05,5.275234e-01,5.724395e-10
240200,3.027970e-05,5.195132e-01,5.632969e-10
240300,3.073172e-05,5.274880e-01,5.714871e-10
240400,2.932163e-05,5.034943e-01,5.450566e-10
240500,3.163453e-05,5.434360e-01,5.878260e-10
240600,3.301533e-05,5.673920e-01,6.132494e-10
240700,3.160612e-05,5.433995e-01,5.868495e-10
240800,2.973359e-05,5.114177e-01,5.518703e-10
240900,3.157776e-05,5.433631e-01,5.858755e-10
241000,3.063526e-05,5.273641e-01,5.681720e-10
241100,3.201342e-05,5.513168e-01,5.935054e-10
241200,3.339034e-05,5.752678e-01,6.187966e-10
241300,3.522957e-05,6.072068e-01,6.526329e-10
241400,2.826371e-05,4.873471e-01,5.233899e-10
241500,3.380865e-05,5.831992e-01,6.258332e-10
241600,2.823843e-05,4.873145e-01,5.225237e-10
241700,2.637493e-05,4.553443e-01,4.878559e-10
241800,2.543812e-05,4.393526e-01,4.703489e-10
241900,3.282363e-05,5.671454e-01,6.066757e-10
242000,3.280897e-05,5.671265e-01,6.061744e-10
242100,3.741324e-05,6.469819e-01,6.909799e-10
242200,3.000958e-05,5.191657e-01,5.540323e-10
242300,3.184211e-05,5.510960e-01,5.876412e-10
242400,2.537008e-05,4.392648e-01,4.680233e-10
242500,3.135267e-05,5.430730e-01,5.781698e-10
242600,3.226043e-05,5.590271e-01,5.946843e-10
242700,3.132475e-05,5.430369e-01,5.772173e-10
242800,2.992945e-05,5.190621e-01,5.512975e-10
242900,2.669439e-05,4.631477e-01,4.915220e-10
243000,2.944278e-05,5.110426e-01,5.419228e-10
243100,2.851002e-05,4.950561e-01,5.245559e-10
243200,2.160283e-05,3.752720e-01,3.973203e-10
243300,2.848469e-05,4.950233e-01,5.236939e-10
243400,2.939050e-05,5.109748e-01,5.401431e-10
243500,3.167257e-05,5.508765e-01,5.818636e-10
243600,2.523505e-05,4.390899e-01,4.634236e-10
243700,2.705833e-05,4.710081e-01,4.967192e-10
243800,2.704633e-05,4.709926e-01,4.963118e-10
243900,3.986421e-05,6.944915e-01,7.312496e-10
244000,2.793839e-05,4.869262e-01,5.122951e-10
244100,2.746822e-05,4.789280e-01,5.034840e-10
244200,2.791366e-05,4.868941e-01,5.114563e-10
244300,3.430490e-05,5.986205e-01,6.283250e-10
244400,2.971777e-05,5.187873e-01,5.441028e-10
244500,2.924764e-05,5.107891e-01,5.352938e-10
244600,3.106189e-05,5.426956e-01,5.682848e-10
244700,3.698385e-05,6.464249e-01,6.763743e-10
244800,2.829613e-05,4.947781e-01,5.172957e-10
244900,3.375790e-05,5.905221e-01,6.169133e-10
245000,2.781518e-05,4.867657e-01,5.081216e-10
245100,3.099342e-05,5.426063e-01,5.659685e-10
245200,2.824625e-05,4.947130e-01,5.156093e-10
245300,3.187688e-05,5.585286e-01,5.816650e-10
245400,2.958693e-05,5.186166e-01,5.396774e-10
245500,3.275879e-05,5.744488e-01,5.973096e-10
245600,3.228959e-05,5.664517e-01,5.885341e-10
245700,2.363832e-05,4.148525e-01,4.306883e-10
245800,3.180682e-05,5.584369e-01,5.793010e-10
245900,2.861356e-05,5.025768e-01,5.209469e-10
246000,3.087091e-05,5.424460e-01,5.618349e-10
246100,3.131114e-05,5.504052e-01,5.696340e-10
246200,3.039023e-05,5.344339e-01,5.526736e-10
246300,2.947012e-05,5.184637e-01,5.357406e-10
246400,2.356576e-05,4.147574e-01,4.282446e-10
246500,2.717934e-05,4.785506e-01,4.937276e-10
246600,2.354511e-05,4.147303e-01,4.275503e-10
246700,2.489257e-05,4.386427e-01,4.518501e-10
246800,2.397689e-05,4.226783e-01,4.350664e-10
246900,2.487079e-05,4.386141e-01,4.511184e-10
247000,2.757190e-05,4.864470e-01,4.999262e-10
247100,3.478865e-05,6.140197e-01,6.305438e-10
247200,3.206382e-05,5.661555e-01,5.809402e-10
247300,3.114700e-05,5.501896e-01,5.641192e-10
247400,2.932857e-05,5.182777e-01,5.309871e-10
247500,3.111981e-05,5.501538e-01,5.632078e-10
247600,2.659808e-05,4.704060e-01,4.811946e-10
247700,3.559884e-05,6.298452e-01,6.437913e-10
247800,3.333121e-05,5.899624e-01,6.025584e-10
247900,3.871939e-05,6.856097e-01,6.997057e-10
248000,2.295149e-05,4.065693e-01,4.146072e-10
248100,2.519066e-05,4.464146e-01,4.548880e-10
248200,3.012571e-05,5.340858e-01,5.438026e-10
248300,3.011260e-05,5.340685e-01,5.433646e-10
248400,2.920101e-05,5.181094e-01,5.267204e-10
248500,3.143357e-05,5.579458e-01,5.667810e-10
248600,2.738020e-05,4.861942e-01,4.935119e-10
248700,2.916295e-05,5.180590e-01,5.254505e-10
248800,2.287176e-05,4.064639e-01,4.119452e-10
248900,3.406862e-05,6.056914e-01,6.133859e-10
249000,3.136537e-05,5.578556e-01,5.645070e-10
249100,2.866448e-05,5.100229e-01,5.157064e-10
249200,2.641361e-05,4.701622e-01,4.750354e-10
249300,3.221958e-05,5.737387e-01,5.792392e-10
249400,3.623133e-05,6.454352e-01,6.511216e-10
249500,3.398010e-05,6.055740e-01,6.104393e-10
249600,2.100492e-05,3.744876e-01,3.772061e-10
249700,2.948350e-05,5.258593e-01,5.292695e-10
249800,2.857770e-05,5.099078e-01,5.128202e-10
249900,3.258234e-05,5.815948e-01,5.844675e-10
250000,3.033756e-05,5.417421e-01,5.440000e-10
250100,3.077040e-05,5.496912e-01,5.515587e-10
250200,2.674532e-05,4.779770e-01,4.792329e-10
250300,3.252609e-05,5.815200e-01,5.826009e-10
250400,2.627686e-05,4.699805e-01,4.704932e-10
250500,2.225892e-05,3.982758e-01,3.984048e-10
250600,3.203903e-05,5.734987e-01,5.732451e-10
250700,3.291481e-05,5.894103e-01,5.886987e-10
250800,2.756540e-05,4.938144e-01,4.928408e-10
250900,3.199764e-05,5.734435e-01,5.718751e-10
251000,3.065121e-05,5.495324e-01,5.476104e-10
251100,3.197011e-05,5.734067e-01,5.709645e-10
251200,2.751798e-05,4.937511e-01,4.912725e-10
251300,3.061168e-05,5.494796e-01,5.463037e-10
251400,2.971161e-05,5.335356e-01,5.300469e-10
251500,3.058538e-05,5.494445e-01,5.454351e-10
251600,3.012917e-05,5.414642e-01,5.371031e-10
251700,3.144489e-05,5.653342e-01,5.603533e-10
251800,2.921792e-05,5.255052e-01,5.204781e-10
251900,3.274544e-05,5.891840e-01,5.831032e-10
252000,2.830824e-05,5.095483e-01,5.039053e-10
252100,2.608547e-05,4.697248e-01,4.641692e-10
252200,2.386461e-05,4.299039e-01,4.244960e-10
252300,2.915537e-05,5.254214e-01,5.184172e-10
252400,2.870133e-05,5.174440e-01,5.101580e-10
252500,3.001316e-05,5.413088e-01,5.332811e-10
252600,2.558851e-05,4.616898e-01,4.544973e-10
252700,2.734154e-05,4.935148e-01,4.854575e-10
252800,2.027699e-05,3.661445e-01,3.598932e-10
252900,2.643695e-05,4.775646e-01,4.690548e-10
253000,2.818737e-05,5.093861e-01,4.999297e-10
253100,2.993630e-05,5.412055e-01,5.307557e-10
253200,2.596306e-05,4.695604e-01,4.601449e-10
253300,3.079049e-05,5.570879e-01,5.455037e-10
253400,3.517413e-05,6.366517e-01,6.229408e-10
253500,3.515914e-05,6.366315e-01,6.224494e-10
253600,2.723672e-05,4.933738e-01,4.820179e-10
253700,2.151663e-05,3.899121e-01,3.806494e-10
253800,3.028603e-05,5.490425e-01,5.355942e-10
253900,2.983441e-05,5.410682e-01,5.274163e-10
254000,2.850605e-05,5.171812e-01,5.037510e-10
254100,2.761720e-05,5.012521e-01,4.878668e-10
254200,3.242546e-05,5.887537e-01,5.725991e-10
254300,3.197369e-05,5.807792e-01,5.644171e-10
254400,2.845763e-05,5.171158e-01,5.021681e-10
254500,2.757031e-05,5.011888e-01,4.863344e-10
254600,2.668373e-05,4.852627e-01,4.705254e-10
254700,3.017043e-05,5.488864e-01,5.318158e-10
254800,2.972057e-05,5.409144e-01,5.236970e-10
254900,3.320303e-05,6.045324e-01,5.848492e-10
255000,3.013209e-05,5.488345e-01,5.305652e-10
255100,3.230189e-05,5.885866e-01,5.685659e-10
255200,3.010658e-05,5.487999e-01,5.297339e-10
255300,2.834927e-05,5.169692e-01,4.986338e-10
255400,2.833728e-05,5.169529e-01,4.982434e-10
255500,2.353178e-05,4.294551e-01,4.136014e-10
255600,2.526420e-05,4.612521e-01,4.438910e-10
255700,3.047839e-05,5.566660e-01,5.353115e-10
255800,2.959508e-05,5.407443e-01,5.196104e-10
255900,2.697235e-05,4.930161e-01,4.733922e-10
256000,2.435185e-05,4.452909e-01,4.272461e-10
256100,2.260289e-05,4.134714e-01,3.964188e-10
256200,2.520028e-05,4.611652e-01,4.418143e-10
256300,3.344145e-05,6.122174e-01,5.860889e-10
256400,2.691554e-05,4.929388e-01,4.715477e-10
256500,3.037571e-05,5.565264e-01,5.319776e-10
256600,3.079668e-05,5.644591e-01,5.391568e-10
256700,3.295159e-05,6.041909e-01,5.766760e-10
256800,2.860381e-05,5.246757e-01,5.004076e-10
256900,2.815858e-05,5.167099e-01,4.924421e-10
257000,2.814674e-05,5.166937e-01,4.920589e-10
257100,3.246336e-05,5.961665e-01,5.673187e-10
257200,2.812310e-05,5.166615e-01,4.912940e-10
257300,2.724633e-05,5.007486e-01,4.758072e-10
257400,3.371939e-05,6.199551e-01,5.886370e-10
257500,3.327313e-05,6.119879e-01,5.806391e-10
257600,2.634818e-05,4.848064e-01,4.596297e-10
257700,2.806416e-05,5.165809e-01,4.893894e-10
257800,2.718925e-05,5.006705e-01,4.739633e-10
257900,3.106041e-05,5.721771e-01,5.412524e-10
258000,3.190983e-05,5.880526e-01,5.558560e-10
258100,3.275854e-05,6.039271e-01,5.704369e-10
258200,2.585119e-05,4.767698e-01,4.499961e-10
258300,2.928576e-05,5.403223e-01,5.096008e-10
258400,2.238563e-05,4.131748e-01,3.893932e-10
258500,2.926128e-05,5.402887e-01,5.088126e-10
258600,3.225999e-05,5.958882e-01,5.607564e-10
258700,2.923685e-05,5.402552e-01,5.080261e-10
258800,2.707577e-05,5.005150e-01,4.703076e-10
258900,3.608597e-05,6.673327e-01,6.265925e-10
259000,3.005910e-05,5.560933e-01,5.217573e-10
259100,3.133428e-05,5.799080e-01,5.436984e-10
259200,2.531441e-05,4.686782e-01,4.390885e-10
259300,2.916378e-05,5.401548e-01,5.056778e-10
259400,2.400723e-05,4.448196e-01,4.161195e-10
259500,2.828245e-05,5.242355e-01,4.900487e-10
259600,2.869903e-05,5.321620e-01,4.970905e-10
259700,3.082792e-05,5.718579e-01,5.337755e-10
259800,3.038711e-05,5.638980e-01,5.259568e-10
259900,3.336915e-05,6.194745e-01,5.773671e-10
260000,2.779607e-05,5.162128e-01,4.807692e-10
260100,2.650217e-05,4.923724e-01,4.582273e-10
260200,3.033666e-05,5.638284e-01,5.243409e-10
260300,2.733437e-05,5.082241e-01,4.722823e-10
260400,2.774995e-05,5.161492e-01,4.792933e-10
260500,3.157916e-05,5.875979e-01,5.452382e-10
260600,3.412548e-05,6.352214e-01,5.889944e-10
260700,3.325855e-05,6.193218e-01,5.738291e-10
260800,2.727777e-05,5.081459e-01,4.704731e-10
260900,2.726647e-05,5.081302e-01,4.701125e-10
261000,3.108795e-05,5.795682e-01,5.358113e-10
261100,3.235215e-05,6.033676e-01,5.574037e-10
261200,2.850918e-05,5.318998e-01,4.910192e-10
261300,3.232540e-05,6.033305e-01,5.565508e-10
261400,3.018625e-05,5.636205e-01,5.195378e-10
261500,3.272368e-05,6.112316e-01,5.630116e-10
261600,2.676287e-05,5.000833e-01,4.602937e-10
261700,2.972424e-05,5.556310e-01,5.110467e-10
261800,2.886307e-05,5.397393e-01,4.960662e-10
261900,2.418406e-05,4.524147e-01,4.155027e-10
262000,2.883927e-05,5.397063e-01,4.953091e-10
262100,3.009918e-05,5.634996e-01,5.167665e-10
262200,4.449453e-05,8.333191e-01,7.636492e-10
262300,4.617054e-05,8.650381e-01,7.921363e-10
262400,2.582793e-05,4.840891e-01,4.429678e-10
262500,2.920317e-05,5.475595e-01,5.006803e-10
262600,3.088340e-05,5.792844e-01,5.293019e-10
262700,3.129359e-05,5.872019e-01,5.361442e-10
262800,3.043530e-05,5.713141e-01,5.212569e-10
262900,3.422565e-05,6.427088e-01,5.859679e-10
263000,3.252213e-05,6.109515e-01,5.566077e-10
263100,3.630851e-05,6.823406e-01,6.211933e-10
263200,2.743122e-05,5.157068e-01,4.691499e-10
263300,2.995104e-05,5.632934e-01,5.120668e-10
263400,3.120377e-05,5.870767e-01,5.332983e-10
263500,3.161248e-05,5.949921e-01,5.400948e-10
263600,3.328484e-05,6.267059e-01,5.684683e-10
263700,3.285005e-05,6.187541e-01,5.608469e-10
263800,3.325758e-05,6.266678e-01,5.676067e-10
263900,3.618964e-05,6.821746e-01,6.174328e-10
264000,2.818272e-05,5.314455e-01,4.806589e-10
264100,3.237585e-05,6.107472e-01,5.519807e-10
264200,2.857997e-05,5.393448e-01,4.870946e-10
264300,3.360975e-05,6.345041e-01,5.726189e-10
264400,3.275612e-05,6.186227e-01,5.578812e-10
264500,3.484164e-05,6.582581e-01,5.931940e-10
264600,3.566663e-05,6.740993e-01,6.070287e-10
264700,3.607151e-05,6.820093e-01,6.137063e-10
264800,2.767150e-05,5.233866e-01,4.706282e-10
264900,3.101297e-05,5.868097e-01,5.272758e-10
265000,3.100033e-05,5.867920e-01,5.268779e-10
265100,3.224396e-05,6.105624e-01,5.478243e-10
265200,3.097508e-05,5.867565e-01,5.260835e-10
265300,3.263612e-05,6.184544e-01,5.541025e-10
265400,3.262284e-05,6.184358e-01,5.536850e-10
265500,3.511799e-05,6.659876e-01,5.958271e-10
265600,2.423828e-05,4.598347e-01,4.110947e-10
265700,3.049440e-05,5.787401e-01,5.170229e-10
265800,2.964688e-05,5.628672e-01,5.024796e-10
265900,3.380876e-05,6.421250e-01,5.728202e-10
266000,2.795392e-05,5.311244e-01,4.734581e-10
266100,3.336426e-05,6.341593e-01,5.648983e-10
266200,3.168319e-05,6.024332e-01,5.362502e-10
266300,3.417063e-05,6.499742e-01,5.781513e-10
266400,3.082441e-05,5.865445e-01,5.213547e-10
266500,2.789728e-05,5.310446e-01,4.716832e-10
266600,3.204806e-05,6.102866e-01,5.416771e-10
266700,3.078696e-05,5.864916e-01,5.201824e-10
266800,2.703166e-05,5.151461e-01,4.565746e-10
266900,3.200916e-05,6.102317e-01,5.404600e-10
267000,3.324281e-05,6.339880e-01,5.610964e-10
267100,3.613694e-05,6.894412e-01,6.097355e-10
267200,2.657275e-05,5.071600e-01,4.482054e-10
267300,2.863717e-05,5.467655e-01,4.828599e-10
267400,3.028506e-05,5.784447e-01,5.104698e-10
267500,3.317571e-05,6.338930e-01,5.590008e-10
267600,2.943156e-05,5.625633e-01,4.957425e-10
267700,3.480639e-05,6.655479e-01,5.860741e-10
267800,3.769172e-05,7.209887e-01,6.344396e-10
267900,3.519235e-05,6.734308e-01,5.921660e-10
268000,2.979798e-05,5.704185e-01,5.012252e-10
268100,3.019967e-05,5.783237e-01,5.078076e-10
268200,3.101457e-05,5.941505e-01,5.213312e-10
268300,2.976200e-05,5.703674e-01,5.001050e-10
268400,3.140280e-05,6.020366e-01,5.274953e-10
268500,3.097714e-05,5.940973e-01,5.201669e-10
268600,3.179041e-05,6.099218e-01,5.336404e-10
268700,3.342842e-05,6.415869e-01,5.609442e-10
268800,2.557691e-05,4.910766e-01,4.290453e-10
268900,3.010265e-05,5.781859e-01,5.047906e-10
269000,2.885397e-05,5.544083e-01,4.836860e-10
269100,3.090256e-05,5.939913e-01,5.178499e-10
269200,3.171390e-05,6.098129e-01,5.312643e-10
269300,3.293629e-05,6.335531e-01,5.515530e-10
269400,3.004232e-05,5.781000e-01,5.029186e-10
269500,3.537813e-05,6.810291e-01,5.920398e-10
269600,2.755099e-05,5.305534e-01,4.608982e-10
269700,2.918414e-05,5.622116e-01,4.880524e-10
269800,3.081598e-05,5.938679e-01,5.151662e-10
269900,3.121436e-05,6.017683e-01,5.216483e-10
270000,3.079132e-05,5.938327e-01,5.144033e-10
270100,2.831669e-05,5.463099e-01,4.729007e-10
270200,3.445872e-05,6.650532e-01,5.752791e-10
270300,3.321477e-05,6.412824e-01,5.543230e-10
270400,2.746298e-05,5.304278e-01,4.581750e-10
270500,3.154933e-05,6.095781e-01,5.261701e-10
270600,2.703149e-05,5.224800e-01,4.506697e-10
270700,3.357118e-05,6.491227e-01,5.595093e-10
270800,2.782841e-05,5.382810e-01,4.636407e-10
270900,3.068086e-05,5.936747e-01,5.109910e-10
271000,3.107755e-05,6.015726e-01,5.174221e-10
271100,3.597020e-05,6.965372e-01,5.986785e-10
271200,2.696691e-05,5.223875e-01,4.486778e-10
271300,3.104044e-05,6.015194e-01,5.162785e-10
271400,2.898677e-05,5.619292e-01,4.819574e-10
271500,3.101575e-05,6.014840e-01,5.155181e-10
271600,3.100342e-05,6.014663e-01,5.151386e-10
271700,3.302998e-05,6.410176e-01,5.486252e-10
271800,3.057117e-05,5.935174e-01,5.076126e-10
271900,3.259629e-05,6.330666e-01,5.410552e-10
272000,2.647397e-05,5.143515e-01,4.392842e-10
272100,2.890625e-05,5.618136e-01,4.794809e-10
272200,2.889478e-05,5.617971e-01,4.791286e-10
272300,3.254459e-05,6.329922e-01,5.394668e-10
272400,2.765193e-05,5.380276e-01,4.582102e-10
272500,3.333176e-05,6.487790e-01,5.521421e-10
272600,3.047429e-05,5.933780e-01,5.046376e-10
272700,3.411769e-05,6.645639e-01,5.647796e-10
272800,2.720215e-05,5.300533e-01,4.501488e-10
272900,2.719138e-05,5.300378e-01,4.498189e-10
273000,3.042608e-05,5.933085e-01,5.031598e-10
273100,3.081957e-05,6.012017e-01,5.094953e-10
273200,3.040202e-05,5.932738e-01,5.024234e-10
273300,3.241601e-05,6.328069e-01,5.355262e-10
273400,3.199817e-05,6.248785e-01,5.284453e-10
273500,3.400993e-05,6.644084e-01,5.614804e-10
273600,2.347378e-05,4.587448e-01,3.874055e-10
273700,2.831925e-05,5.536413e-01,4.672168e-10
273800,2.183766e-05,4.270823e-01,3.601612e-10
273900,2.870116e-05,5.615177e-01,4.731995e-10
274000,2.182045e-05,4.270574e-01,3.596356e-10
274100,3.312170e-05,6.484756e-01,5.457149e-10
274200,2.907102e-05,5.693766e-01,4.788148e-10
274300,3.471004e-05,6.800690e-01,5.715008e-10
274400,2.904814e-05,5.693435e-01,4.781171e-10
274500,2.823013e-05,5.535123e-01,4.644975e-10
274600,3.144407e-05,6.167529e-01,5.172060e-10
274700,2.861091e-05,5.613869e-01,4.704474e-10
274800,3.141935e-05,6.167170e-01,5.164534e-10
274900,3.100436e-05,6.087927e-01,5.094614e-10
275000,3.139468e-05,6.166812e-01,5.157025e-10
275100,3.379638e-05,6.640989e-01,5.549682e-10
275200,2.734824e-05,5.375883e-01,4.489335e-10
275300,2.974965e-05,5.850056e-01,4.881905e-10
275400,2.853239e-05,5.612729e-01,4.680589e-10
275500,2.852121e-05,5.612566e-01,4.677191e-10
275600,2.810848e-05,5.533356e-01,4.607970e-10
275700,3.171001e-05,6.244606e-01,5.196651e-10
275800,2.567906e-05,5.058775e-01,4.206893e-10
275900,3.328950e-05,6.560409e-01,5.451860e-10
276000,2.646081e-05,5.216560e-01,4.332073e-10
276100,2.965658e-05,5.848701e-01,4.853655e-10
276200,2.563891e-05,5.058190e-01,4.194717e-10
276300,2.642979e-05,5.216108e-01,4.322671e-10
276400,2.561887e-05,5.057898e-01,4.188648e-10
276500,2.560887e-05,5.057752e-01,4.185619e-10
276600,2.799877e-05,5.531756e-01,4.574711e-10
276700,3.878315e-05,7.665212e-01,6.334662e-10
276800,2.078286e-05,4.109068e-01,3.393448e-10
276900,2.437038e-05,4.820113e-01,3.977901e-10
277000,2.196473e-05,4.345879e-01,3.584043e-10
277100,2.994023e-05,5.926028e-01,4.883804e-10
277200,2.434190e-05,4.819697e-01,3.969295e-10
277300,2.991692e-05,5.925686e-01,4.876762e-10
277400,2.990527e-05,5.925516e-01,4.873246e-10
277500,3.427803e-05,6.794396e-01,5.583962e-10
277600,2.788987e-05,5.530163e-01,4.541812e-10
277700,2.867557e-05,5.688005e-01,4.668214e-10
277800,2.826631e-05,5.608844e-01,4.600064e-10
277900,3.024514e-05,6.003660e-01,4.920469e-10
278000,3.063120e-05,6.082481e-01,4.981626e-10
278100,3.022165e-05,6.003316e-01,4.913394e-10
278200,3.378741e-05,6.714042e-01,5.491294e-10
278300,3.099289e-05,6.160944e-01,5.035449e-10
278400,2.661177e-05,5.291941e-01,4.322215e-10
278500,3.136590e-05,6.239573e-01,5.092684e-10
278600,2.897244e-05,5.765516e-01,4.702520e-10
278700,3.253178e-05,6.476148e-01,5.278493e-10
278800,2.617398e-05,5.212360e-01,4.245496e-10
278900,3.211017e-05,6.396805e-01,5.206645e-10
279000,3.011640e-05,6.001769e-01,4.881746e-10
279100,3.327367e-05,6.633344e-01,5.391748e-10
279200,2.613349e-05,5.211764e-01,4.233340e-10
279300,2.572758e-05,5.132652e-01,4.166213e-10
279400,2.967419e-05,5.922121e-01,4.803729e-10
279500,2.966273e-05,5.921952e-01,4.800292e-10
279600,2.806987e-05,5.605955e-01,4.541026e-10
279700,2.963983e-05,5.921615e-01,4.793429e-10
279800,3.160362e-05,6.316209e-01,5.109337e-10
279900,3.435568e-05,6.868681e-01,5.552435e-10
280000,2.565814e-05,5.131627e-01,4.145408e-10
280100,2.722660e-05,5.447265e-01,4.397369e-10
280200,3.116047e-05,6.236546e-01,5.031075e-10
280300,3.154275e-05,6.315310e-01,5.091125e-10
280400,2.798341e-05,5.604678e-01,4.515152e-10
280500,3.191245e-05,6.393888e-01,5.147416e-10
280600,2.717422e-05,5.446490e-01,4.381711e-10
280700,3.424997e-05,6.867119e-01,5.520831e-10
280800,2.636627e-05,5.288321e-01,4.248647e-10
280900,2.714289e-05,5.446026e-01,4.372357e-10
281000,3.185115e-05,6.392980e-01,5.129114e-10
281100,2.790818e-05,5.603564e-01,4.492692e-10
281200,2.475409e-05,4.972036e-01,3.983639e-10
281300,3.220724e-05,6.471355e-01,5.181367e-10
281400,3.140964e-05,6.313339e-01,5.051401e-10
281500,3.139760e-05,6.313160e-01,5.047812e-10
281600,2.510845e-05,5.050385e-01,4.035382e-10
281700,2.980485e-05,5.997162e-01,4.788615e-10
281800,2.704930e-05,5.444638e-01,4.344473e-10
281900,2.939016e-05,5.917918e-01,4.718904e-10
282000,2.742031e-05,5.523234e-01,4.401187e-10
282100,3.171707e-05,6.390990e-01,5.089192e-10
282200,2.661649e-05,5.365124e-01,4.269381e-10
282300,2.856266e-05,5.759456e-01,4.580059e-10
282400,2.072934e-05,4.181405e-01,3.322894e-10
282500,2.384918e-05,4.812424e-01,3.821756e-10
282600,3.126567e-05,6.311198e-01,5.008592e-10
282700,3.086305e-05,6.232133e-01,4.942486e-10
282800,2.928918e-05,5.916415e-01,4.688916e-10
282900,2.771651e-05,5.600715e-01,4.435703e-10
283000,3.160818e-05,6.389368e-01,5.056874e-10
283100,3.159613e-05,6.389188e-01,5.053302e-10
283200,2.651503e-05,5.363612e-01,4.239283e-10
283300,2.923338e-05,5.915582e-01,4.672380e-10
283400,2.532594e-05,5.126694e-01,4.046538e-10
283500,3.115852e-05,6.309600e-01,4.976842e-10
283600,2.764266e-05,5.599613e-01,4.413833e-10
283700,2.996725e-05,6.072649e-01,4.783459e-10
283800,2.917777e-05,5.914752e-01,4.655930e-10
283900,3.266668e-05,6.624336e-01,5.210969e-10
284000,2.760063e-05,5.598984e-01,4.401408e-10
284100,2.914451e-05,5.914254e-01,4.646103e-10
284200,2.835655e-05,5.756379e-01,4.519025e-10
284300,2.912238e-05,5.913923e-01,4.639568e-10
284400,3.338098e-05,6.781108e-01,5.316297e-10
284500,2.910027e-05,5.913591e-01,4.633047e-10
284600,3.102852e-05,6.307654e-01,4.938445e-10
284700,3.140446e-05,6.386321e-01,4.996663e-10
284800,2.557912e-05,5.203524e-01,4.068497e-10
284900,2.905617e-05,5.912930e-01,4.620047e-10
285000,2.749608e-05,5.597417e-01,4.370576e-10
285100,3.019553e-05,6.149103e-01,4.798110e-10
285200,2.515341e-05,5.124110e-01,3.995621e-10
285300,3.094633e-05,6.306421e-01,4.914241e-10
285400,2.745448e-05,5.596792e-01,4.358333e-10
285500,3.130947e-05,6.384895e-01,4.968700e-10
285600,3.632071e-05,7.409424e-01,5.762109e-10
285700,2.549214e-05,5.202217e-01,4.042904e-10
285800,2.934349e-05,5.990265e-01,4.652208e-10
285900,2.817455e-05,5.753647e-01,4.465443e-10
286000,2.700650e-05,5.517042e-01,4.278938e-10
286100,2.815329e-05,5.753326e-01,4.459202e-10
286200,3.007025e-05,6.147219e-01,4.761298e-10
286300,3.352725e-05,6.856323e-01,5.306969e-10
286400,2.812146e-05,5.752847e-01,4.449865e-10
286500,2.695562e-05,5.516275e-01,4.264016e-10
286600,2.656053e-05,5.437320e-01,4.200169e-10
286700,3.193759e-05,6.540363e-01,5.048853e-10
286800,2.615589e-05,5.358221e-01,4.133526e-10
286900,3.076006e-05,6.303614e-01,4.859582e-10
287000,2.652057e-05,5.436717e-01,4.188469e-10
287100,3.227377e-05,6.618428e-01,5.095454e-10
287200,2.534843e-05,5.200049e-01,4.000784e-10
287300,2.725852e-05,5.593837e-01,4.300878e-10
287400,2.916717e-05,5.987604e-01,4.600553e-10
287500,2.263443e-05,4.648143e-01,3.568998e-10
287600,2.761131e-05,5.672153e-01,4.352359e-10
287700,3.105107e-05,6.380996e-01,4.893001e-10
287800,3.218903e-05,6.617146e-01,5.070698e-10
287900,3.217696e-05,6.616963e-01,5.067176e-10
288000,2.374076e-05,4.883814e-01,3.737461e-10
288100,2.832513e-05,5.828907e-01,4.457745e-10
288200,2.640138e-05,5.434912e-01,4.153662e-10
288300,2.983386e-05,6.143644e-01,4.692187e-10
288400,2.867567e-05,5.907187e-01,4.508590e-10
288500,3.172253e-05,6.537107e-01,4.986048e-10
288600,2.636188e-05,5.434313e-01,4.142156e-10
288700,3.322646e-05,6.851770e-01,5.219101e-10
288800,2.366977e-05,4.882736e-01,3.716784e-10
288900,2.709558e-05,5.591367e-01,4.253371e-10
289000,2.899289e-05,5.984960e-01,4.549754e-10
289100,3.088878e-05,6.378532e-01,4.845726e-10
289200,2.935244e-05,6.063376e-01,4.603246e-10
289300,2.934149e-05,6.063209e-01,4.600064e-10
289400,3.161604e-05,6.535488e-01,4.955084e-10
289500,2.855806e-05,5.905399e-01,4.474393e-10
289600,2.131540e-05,4.409243e-01,3.338573e-10
289700,2.282942e-05,4.724060e-01,3.574574e-10
289800,2.700475e-05,5.589984e-01,4.226994e-10
289900,3.307801e-05,6.849511e-01,5.175983e-10
290000,2.698465e-05,5.589677e-01,4.221165e-10
290100,2.621476e-05,5.432073e-01,4.099432e-10
290200,2.734436e-05,5.668095e-01,4.274720e-10
290300,3.264917e-05,6.770039e-01,5.102399e-10
290400,2.998053e-05,6.218819e-01,4.683860e-10
290500,3.034875e-05,6.297366e-01,4.739884e-10
290600,2.806217e-05,5.824904e-01,4.381376e-10
290700,2.918898e-05,6.060883e-01,4.555863e-10
290800,2.804133e-05,5.824585e-01,4.375351e-10
290900,3.068250e-05,6.375385e-01,4.785944e-10
291000,3.256440e-05,6.768743e-01,5.077881e-10
291100,2.952420e-05,6.138924e-01,4.602356e-10
291200,2.232413e-05,4.643419e-01,3.478879e-10
291300,2.647644e-05,5.508990e-01,4.124650e-10
291400,2.684473e-05,5.587538e-01,4.180702e-10
291500,3.061433e-05,6.374341e-01,4.766262e-10
291600,2.455796e-05,5.115073e-01,3.822155e-10
291700,3.021400e-05,6.295303e-01,4.700966e-10
291800,2.831515e-05,5.901685e-01,4.404136e-10
291900,2.981426e-05,6.216273e-01,4.635845e-10
292000,2.640793e-05,5.507940e-01,4.104898e-10
292100,2.602105e-05,5.429107e-01,4.043486e-10
292200,2.827331e-05,5.901043e-01,4.392086e-10
292300,2.788603e-05,5.822204e-01,4.330560e-10
292400,2.561554e-05,5.349988e-01,3.976712e-10
292500,2.824201e-05,5.900562e-01,4.383081e-10
292600,2.634948e-05,5.507042e-01,4.088080e-10
292700,2.822118e-05,5.900241e-01,4.377093e-10
292800,2.219247e-05,4.641397e-01,3.440962e-10
292900,2.180829e-05,4.562606e-01,3.380331e-10
293000,2.217612e-05,4.641146e-01,3.436266e-10
293100,3.080970e-05,6.450231e-01,4.772569e-10
293200,2.591569e-05,5.427486e-01,4.013203e-10
293300,3.153793e-05,6.607195e-01,4.882308e-10
293400,2.664725e-05,5.584502e-01,4.123900e-10
293500,3.188990e-05,6.685491e-01,4.933700e-10
293600,2.062706e-05,4.325789e-01,3.190220e-10
293700,2.624297e-05,5.505400e-01,4.057515e-10
293800,3.035571e-05,6.370362e-01,4.691929e-10
293900,2.285208e-05,4.797304e-01,3.531024e-10
294000,2.246920e-05,4.718532e-01,3.470776e-10
294100,2.433270e-05,5.111605e-01,3.757451e-10
294200,2.544641e-05,5.347381e-01,3.928200e-10
294300,2.581115e-05,5.425872e-01,3.983259e-10
294400,1.944475e-05,4.088953e-01,2.999838e-10
294500,3.289444e-05,6.919580e-01,5.073201e-10
294600,2.765110e-05,5.818580e-01,4.263205e-10
294700,2.689391e-05,5.661169e-01,4.145169e-10
294800,2.315017e-05,4.874764e-01,3.567030e-10
294900,2.575447e-05,5.424995e-01,3.967067e-10
295000,3.022244e-05,6.368301e-01,4.653835e-10
295100,2.871947e-05,6.053654e-01,4.421018e-10
295200,1.976072e-05,4.166689e-01,3.040977e-10
295300,2.273515e-05,4.795494e-01,3.497623e-10
295400,2.384456e-05,5.031202e-01,3.667153e-10
295500,2.383585e-05,5.031067e-01,3.664671e-10
295600,2.345485e-05,4.952324e-01,3.604970e-10
295700,2.195763e-05,4.637766e-01,3.373800e-10
295800,2.641395e-05,5.580891e-01,4.057252e-10
295900,2.566053e-05,5.423537e-01,3.940299e-10
296000,2.007483e-05,4.244393e-01,3.081629e-10
296100,2.415534e-05,5.108855e-01,3.706863e-10
296200,2.080317e-05,4.401357e-01,3.191449e-10
296300,2.562314e-05,5.422955e-01,3.929667e-10
296400,2.153045e-05,4.558304e-01,3.300970e-10
296500,2.634665e-05,5.579844e-01,4.038118e-10
296600,2.374045e-05,5.029584e-01,3.637539e-10
296700,2.706910e-05,5.736715e-01,4.146272e-10
296800,2.186981e-05,4.636399e-01,3.348839e-10
296900,3.075482e-05,6.522218e-01,4.707905e-10
297000,2.703959e-05,5.736255e-01,4.137900e-10
297100,2.888112e-05,6.128986e-01,4.418342e-10
297200,2.924077e-05,6.207397e-01,4.471976e-10
297300,2.886015e-05,6.128658e-01,4.412399e-10
297400,3.069901e-05,6.521347e-01,4.692088e-10
297500,3.105761e-05,6.599742e-01,4.745428e-10
297600,2.513275e-05,5.342505e-01,3.838955e-10
297700,2.660150e-05,5.656620e-01,4.062046e-10
297800,2.733053e-05,5.813593e-01,4.172077e-10
297900,2.990501e-05,6.363358e-01,4.563668e-10
298000,2.583447e-05,5.499052e-01,3.941264e-10
298100,3.025228e-05,6.441575e-01,4.613812e-10
298200,2.913494e-05,6.205743e-01,4.442033e-10
298300,3.096772e-05,6.598336e-01,4.720009e-10
298400,2.727122e-05,5.812665e-01,4.155316e-10
298500,2.505098e-05,5.341226e-01,3.815841e-10
298600,3.093414e-05,6.597809e-01,4.710529e-10
298700,2.871418e-05,6.126375e-01,4.371134e-10
298800,2.686382e-05,5.733506e-01,4.088196e-10
298900,2.464693e-05,5.262119e-01,3.749669e-10
299000,2.905081e-05,6.204424e-01,4.418295e-10
299100,3.124593e-05,6.675469e-01,4.750684e-10
299200,2.572266e-05,5.497299e-01,3.909713e-10
299300,2.497871e-05,5.340092e-01,3.795469e-10
299400,2.607131e-05,5.575537e-01,3.960270e-10
299500,2.899847e-05,6.203602e-01,4.403555e-10
299600,2.531866e-05,5.418192e-01,3.843576e-10
299700,2.861078e-05,6.124751e-01,4.342013e-10
299800,2.530043e-05,5.417906e-01,3.838450e-10
299900,3.115598e-05,6.674055e-01,4.725372e-10
300000,2.601504e-05,5.574652e-01,3.944444e-10
300100,2.563941e-05,5.495990e-01,3.886298e-10
300200,2.746092e-05,5.888405e-01,4.161117e-10
300300,2.708503e-05,5.809740e-01,4.102901e-10
300400,2.707530e-05,5.809586e-01,4.100170e-10
300500,2.926008e-05,6.280468e-01,4.429667e-10
300600,2.742148e-05,5.887784e-01,4.150050e-10
300700,3.179750e-05,6.829649e-01,4.810856e-10
300800,2.301751e-05,4.945477e-01,3.481408e-10
300900,2.556584e-05,5.494830e-01,3.865660e-10
301000,2.592177e-05,5.573181e-01,3.918279e-10
301100,3.065702e-05,6.593449e-01,4.632632e-10
301200,2.699770e-05,5.808362e-01,4.078419e-10
301300,2.881154e-05,6.200655e-01,4.351098e-10
301400,2.807208e-05,6.043518e-01,4.238130e-10
301500,3.061312e-05,6.592755e-01,4.620348e-10
301600,2.732337e-05,5.886234e-01,4.122575e-10
301700,2.804195e-05,6.043041e-01,4.229705e-10
301800,2.730382e-05,5.885925e-01,4.117113e-10
301900,2.656622e-05,5.728816e-01,4.004669e-10
302000,2.764810e-05,5.964090e-01,4.166484e-10
302100,2.872921e-05,6.199352e-01,4.328084e-10
302200,3.199073e-05,6.905427e-01,4.817966e-10
302300,2.979890e-05,6.434433e-01,4.486499e-10
302400,2.579228e-05,5.571132e-01,3.882083e-10
302500,2.796193e-05,6.041773e-01,4.207363e-10
302600,2.359580e-05,5.100065e-01,3.549323e-10
302700,2.939352e-05,6.355299e-01,4.420081e-10
302800,2.466725e-05,5.335173e-01,3.708234e-10
302900,2.864732e-05,6.198053e-01,4.305252e-10
303000,2.827463e-05,6.119437e-01,4.247950e-10
303100,3.116349e-05,6.746895e-01,4.680547e-10
303200,2.535660e-05,5.491515e-01,3.807235e-10
303300,2.824444e-05,6.118957e-01,4.239550e-10
303400,3.040627e-05,6.589474e-01,4.562660e-10
303500,2.930991e-05,6.353970e-01,4.396809e-10
303600,2.785260e-05,6.040036e-01,4.176930e-10
303700,3.073545e-05,6.667398e-01,4.607861e-10
303800,3.000161e-05,6.510348e-01,4.496479e-10
303900,2.854560e-05,6.196435e-01,4.276965e-10
304000,2.131130e-05,4.627597e-01,3.192088e-10
304100,2.599778e-05,5.647090e-01,3.892868e-10
304200,2.598856e-05,5.646943e-01,3.890309e-10
304300,2.994841e-05,6.509500e-01,4.481715e-10
304400,2.344526e-05,5.097669e-01,3.507471e-10
304500,2.848491e-05,6.195467e-01,4.260127e-10
304600,2.667261e-05,5.803198e-01,3.987879e-10
304700,2.846473e-05,6.195145e-01,4.254536e-10
304800,2.737409e-05,5.959731e-01,4.090286e-10
304900,2.448394e-05,5.332253e-01,3.657329e-10
305000,2.591500e-05,5.645768e-01,3.869927e-10
305100,2.914406e-05,6.351324e-01,4.350815e-10
305200,2.877408e-05,6.272750e-01,4.294286e-10
305300,2.696617e-05,5.880551e-01,4.023256e-10
305400,2.911317e-05,6.350830e-01,4.342271e-10
305500,2.766571e-05,6.037052e-01,4.125136e-10
305600,2.406426e-05,5.252883e-01,3.587056e-10
305700,2.800521e-05,6.115139e-01,4.173244e-10
305800,2.835425e-05,6.193378e-01,4.223983e-10
305900,2.906182e-05,6.350008e-01,4.328088e-10
306000,2.474763e-05,5.409126e-01,3.684480e-10
306100,2.975840e-05,6.506461e-01,4.429161e-10
306200,2.473019e-05,5.408846e-01,3.679669e-10
306300,2.902086e-05,6.349351e-01,4.316791e-10
306400,2.471277e-05,5.408566e-01,3.674867e-10
306500,2.613619e-05,5.721959e-01,3.885366e-10
306600,2.648489e-05,5.800192e-01,3.936021e-10
306700,2.540224e-05,5.564905e-01,3.773990e-10
306800,2.682392e-05,5.878269e-01,3.984011e-10
306900,2.645696e-05,5.799743e-01,3.928330e-10
307000,2.644766e-05,5.799593e-01,3.925771e-10
307100,2.786746e-05,6.112927e-01,4.135281e-10
307200,2.392903e-05,5.250712e-01,3.549788e-10
307300,2.749087e-05,6.034245e-01,4.076952e-10
307400,2.748122e-05,6.034090e-01,4.074300e-10
307500,2.961222e-05,6.504112e-01,4.388922e-10
307600,2.318215e-05,5.093450e-01,3.434873e-10
307700,2.673926e-05,5.876907e-01,3.960739e-10
307800,2.851188e-05,6.268539e-01,4.222044e-10
307900,3.206462e-05,7.051926e-01,4.746715e-10
308000,2.314967e-05,5.092926e-01,3.425957e-10
308100,2.527770e-05,5.562900e-01,3.739771e-10
308200,2.847194e-05,6.267895e-01,4.211092e-10
308300,2.526001e-05,5.562614e-01,3.734920e-10
308400,2.774072e-05,6.110884e-01,4.100491e-10
308500,2.559786e-05,5.640672e-01,3.782615e-10
308600,3.056453e-05,6.737296e-01,4.515196e-10
308700,2.806691e-05,6.188753e-01,4.144993e-10
308800,2.272980e-05,5.013545e-01,3.355795e-10
308900,2.804730e-05,6.188436e-01,4.139628e-10
309000,2.484336e-05,5.483284e-01,3.665651e-10
309100,2.731815e-05,6.031458e-01,4.029607e-10
309200,2.659930e-05,5.874646e-01,3.922404e-10
309300,2.871722e-05,6.344455e-01,4.233457e-10
309400,2.622634e-05,5.796021e-01,3.865103e-10
309500,2.515434e-05,5.560905e-01,3.706014e-10
309600,2.514557e-05,5.560763e-01,3.703620e-10
309700,2.655297e-05,5.873895e-01,3.909749e-10
309800,2.689763e-05,5.952062e-01,3.959322e-10
309900,2.618068e-05,5.795281e-01,3.852641e-10
310000,2.935460e-05,6.499946e-01,4.318418e-10
310100,2.863729e-05,6.343159e-01,4.211642e-10
310200,2.862733e-05,6.342998e-01,4.208927e-10
310300,3.073718e-05,6.812676e-01,4.517787e-10
310400,2.366293e-05,5.246410e-01,3.476974e-10
310500,2.471387e-05,5.481184e-01,3.630319e-10
310600,2.788168e-05,6.185750e-01,4.094437e-10
310700,3.069448e-05,6.811982e-01,4.506161e-10
310800,2.574619e-05,5.715655e-01,3.778599e-10
310900,2.644239e-05,5.872099e-01,3.879626e-10
311000,2.643321e-05,5.871950e-01,3.877131e-10
311100,2.536708e-05,5.636929e-01,3.719653e-10
311200,2.641488e-05,5.871651e-01,3.872149e-10
311300,2.534950e-05,5.636642e-01,3.714875e-10
311400,2.850830e-05,6.341061e-01,4.176551e-10
311500,2.709110e-05,6.027770e-01,3.967753e-10
311600,2.602659e-05,5.792774e-01,3.810718e-10
311700,2.285328e-05,5.088119e-01,3.345105e-10
311800,2.846884e-05,6.340418e-01,4.165842e-10
311900,2.986438e-05,6.653356e-01,4.368760e-10
312000,2.458569e-05,5.479096e-01,3.595496e-10
312100,2.282167e-05,5.087603e-01,3.336536e-10
312200,2.772752e-05,6.183238e-01,4.052577e-10
312300,3.122654e-05,6.965750e-01,4.562638e-10
312400,2.840985e-05,6.339455e-01,4.149855e-10
312500,2.840004e-05,6.339294e-01,4.147200e-10
312600,2.628725e-05,5.869568e-01,3.837544e-10
312700,2.697894e-05,6.025938e-01,3.937359e-10
312800,2.591886e-05,5.791015e-01,3.781536e-10
312900,2.310885e-05,5.164829e-01,3.370566e-10
313000,2.835109e-05,6.338493e-01,4.133961e-10
313100,2.624196e-05,5.868827e-01,3.825297e-10
313200,2.623292e-05,5.868679e-01,3.822854e-10
313300,2.587423e-05,5.790284e-01,3.769476e-10
313400,3.110830e-05,6.963814e-01,4.530666e-10
313500,3.074818e-05,6.885396e-01,4.476902e-10
313600,2.165604e-05,4.850952e-01,3.152170e-10
313700,2.409278e-05,5.398504e-01,3.505824e-10
313800,2.478260e-05,5.554843e-01,3.605143e-10
313900,2.512301e-05,5.632938e-01,3.653591e-10
314000,2.616081e-05,5.867496e-01,3.803400e-10
314100,2.998743e-05,6.727893e-01,4.358455e-10
314200,2.788570e-05,6.258348e-01,4.051797e-10
314300,3.101219e-05,6.962237e-01,4.504756e-10
314400,2.751823e-05,6.179808e-01,3.996060e-10
314500,2.611594e-05,5.866759e-01,3.791316e-10
314600,2.645507e-05,5.944833e-01,3.839425e-10
314700,2.783790e-05,6.257562e-01,4.038932e-10
314800,2.852407e-05,6.413840e-01,4.137275e-10
314900,2.608014e-05,5.866170e-01,3.781690e-10
315000,2.815691e-05,6.335304e-01,4.081633e-10
315100,2.745227e-05,6.178722e-01,3.978325e-10
315200,3.161141e-05,7.117084e-01,4.579721e-10
315300,3.542045e-05,7.977191e-01,5.130058e-10
315400,3.332549e-05,7.507756e-01,4.825228e-10
315500,4.615390e-05,1.040111e+00,6.680715e-10
315600,4.232218e-05,9.540629e-01,6.124291e-10
315700,3.502524e-05,7.898192e-01,5.066899e-10
315800,3.535994e-05,7.976193e-01,5.113826e-10
315900,4.539775e-05,1.024368e+00,6.563599e-10
316000,4.330367e-05,9.774257e-01,6.259013e-10
316100,4.363520e-05,9.852205e-01,6.305094e-10
316200,3.358072e-05,7.584445e-01,4.850852e-10
316300,3.495356e-05,7.897008e-01,5.047694e-10
316400,4.116886e-05,9.304163e-01,5.943524e-10
316500,4.184651e-05,9.460300e-01,6.039597e-10
316600,3.872076e-05,8.756423e-01,5.586840e-10
316700,3.559714e-05,8.052581e-01,5.134653e-10
316800,3.247564e-05,7.348774e-01,4.683036e-10
316900,4.248026e-05,9.615710e-01,6.123936e-10
317000,4.281105e-05,9.693645e-01,6.169830e-10
317100,3.796462e-05,8.598987e-01,5.469784e-10
317200,3.243146e-05,7.348042e-01,4.671233e-10
317300,4.656126e-05,1.055278e+00,6.704457e-10
317400,4.137372e-05,9.380013e-01,5.955763e-10
317500,3.722369e-05,8.441801e-01,5.356811e-10
317600,3.376558e-05,7.659963e-01,4.857749e-10
317700,3.237639e-05,7.347129e-01,4.656541e-10
317800,4.407204e-05,1.000435e+00,6.336832e-10
317900,4.268029e-05,9.691475e-01,6.134944e-10
318000,3.475199e-05,7.893667e-01,4.993869e-10
318100,3.370832e-05,7.659012e-01,4.842490e-10
318200,4.194919e-05,9.534451e-01,6.024618e-10
318300,4.571599e-05,1.039386e+00,6.563695e-10
318400,4.363882e-05,9.924716e-01,6.263652e-10
318500,3.263216e-05,7.423816e-01,4.682467e-10
318600,3.193435e-05,7.267345e-01,4.581012e-10
318700,4.531083e-05,1.031469e+00,6.498002e-10
318800,4.323660e-05,9.845593e-01,6.198747e-10
318900,3.670438e-05,8.360733e-01,5.260715e-10
319000,3.497739e-05,7.969847e-01,5.011743e-10
319100,4.456395e-05,1.015740e+00,6.383513e-10
319200,4.180742e-05,9.532091e-01,5.986928e-10
319300,4.213586e-05,9.609985e-01,6.032221e-10
319400,3.493013e-05,7.969059e-01,4.999198e-10
319500,3.320665e-05,7.578232e-01,4.751164e-10
319600,4.483096e-05,1.023427e+00,6.412506e-10
319700,4.207898e-05,9.609036e-01,6.017136e-10
319800,3.317304e-05,7.577671e-01,4.742254e-10
319900,3.247811e-05,7.421247e-01,4.641572e-10
320000,3.144188e-05,7.186715e-01,4.492187e-10
320100,4.202225e-05,9.608088e-01,6.002107e-10
320200,4.132504e-05,9.451626e-01,5.900825e-10
320300,3.414142e-05,7.811069e-01,4.873670e-10
320400,3.447122e-05,7.888985e-01,4.919335e-10
320500,4.367160e-05,9.997676e-01,6.230514e-10
320600,4.502118e-05,1.030985e+00,6.421210e-10
320700,4.057362e-05,9.294257e-01,5.785209e-10
320800,3.203897e-05,7.341502e-01,4.566980e-10
320900,3.305038e-05,7.575619e-01,4.709798e-10
321000,4.496065e-05,1.030884e+00,6.405217e-10
321100,4.528605e-05,1.038668e+00,6.449723e-10
321200,3.880357e-05,8.902648e-01,5.524892e-10
321300,3.164492e-05,7.262508e-01,4.504343e-10
321400,4.081844e-05,9.370749e-01,5.808440e-10
321500,3.978463e-05,9.136256e-01,5.659707e-10
321600,3.637203e-05,8.355174e-01,5.172753e-10
321700,3.364134e-05,7.730299e-01,4.783030e-10
321800,2.717581e-05,6.246553e-01,3.862673e-10
321900,4.176880e-05,9.603840e-01,5.935170e-10
322000,3.598381e-05,8.276277e-01,5.111686e-10
322100,3.223884e-05,7.417237e-01,4.578383e-10
322200,2.985335e-05,6.870535e-01,4.238397e-10
322300,4.103462e-05,9.446755e-01,5.824180e-10
322400,3.661368e-05,8.431608e-01,5.195217e-10
322500,4.236277e-05,9.758567e-01,6.009254e-10
322600,2.845826e-05,6.557597e-01,4.035716e-10
322700,2.946478e-05,6.791631e-01,4.177258e-10
322800,3.690330e-05,8.508847e-01,5.230334e-10
322900,4.298306e-05,9.913735e-01,6.090285e-10
323000,3.214194e-05,7.415605e-01,4.552905e-10
323100,3.280766e-05,7.571538e-01,4.645878e-10
323200,2.704883e-05,6.244415e-01,3.829281e-10
323300,3.920772e-05,9.054182e-01,5.549024e-10
323400,3.750521e-05,8.663704e-01,5.306558e-10
323500,3.073726e-05,7.102503e-01,4.347733e-10
323600,2.802574e-05,6.477949e-01,3.963064e-10
323700,4.354356e-05,1.006789e+00,6.155656e-10
323800,3.745523e-05,8.662860e-01,5.293456e-10
323900,3.170828e-05,7.335937e-01,4.479979e-10
324000,2.832562e-05,6.555359e-01,4.000914e-10
324100,2.663071e-05,6.165009e-01,3.760443e-10
324200,3.841634e-05,8.896126e-01,5.423115e-10
324300,3.806668e-05,8.817875e-01,5.372229e-10
324400,3.064528e-05,7.100948e-01,4.323642e-10
324500,3.366493e-05,7.803050e-01,4.748327e-10
324600,4.038449e-05,9.363433e-01,5.694482e-10
324700,4.642674e-05,1.076769e+00,6.544621e-10
324800,3.968504e-05,9.206929e-01,5.592680e-10
324900,3.362022e-05,7.802293e-01,4.736642e-10
325000,3.260079e-05,7.568041e-01,4.591716e-10
325100,4.401326e-05,1.022051e+00,6.197369e-10
325200,4.433453e-05,1.029828e+00,6.240837e-10
325300,3.659743e-05,8.503675e-01,5.150251e-10
325400,3.423578e-05,7.957374e-01,4.816539e-10
325500,4.563258e-05,1.060958e+00,6.418107e-10
325600,4.226324e-05,9.829222e-01,5.942535e-10
325700,4.124331e-05,9.594961e-01,5.797485e-10
325800,3.419044e-05,7.956604e-01,4.804719e-10
325900,3.283877e-05,7.644396e-01,4.613466e-10
326000,4.220730e-05,9.828271e-01,5.927961e-10
326100,3.650059e-05,8.502029e-01,5.125012e-10
326200,3.146716e-05,7.331848e-01,4.417026e-10
326300,3.246070e-05,7.565661e-01,4.555201e-10
326400,2.642832e-05,6.161575e-01,3.707633e-10
326500,3.678677e-05,8.579201e-01,5.159366e-10
326600,3.744325e-05,8.734976e-01,5.249956e-10
326700,3.475725e-05,8.110854e-01,4.871975e-10
326800,3.240712e-05,7.564748e-01,4.541273e-10
326900,4.308391e-05,1.006009e+00,6.035731e-10
327000,4.306970e-05,1.005985e+00,6.032040e-10
327100,3.738151e-05,8.733924e-01,5.233918e-10
327200,3.136343e-05,7.330081e-01,4.390068e-10
327300,3.168663e-05,7.407882e-01,4.434060e-10
327400,4.134577e-05,9.669003e-01,5.784081e-10
327500,4.166547e-05,9.746745e-01,5.827166e-10
327600,3.432105e-05,8.031125e-01,4.798654e-10
327700,3.364354e-05,7.874991e-01,4.702605e-10
327800,4.528728e-05,1.060369e+00,6.328358e-10
327900,4.360796e-05,1.021361e+00,6.091980e-10
328000,4.093141e-05,9.589645e-01,5.716463e-10
328100,3.393196e-05,7.952197e-01,4.737593e-10
328200,3.192547e-05,7.484242e-01,4.456194e-10
328300,4.488044e-05,1.052446e+00,6.262706e-10
328400,4.087763e-05,9.588725e-01,5.702546e-10
328500,3.488408e-05,8.185300e-01,4.865064e-10
328600,3.520475e-05,8.263058e-01,4.908409e-10
328700,4.515353e-05,1.060140e+00,6.293750e-10
328800,3.816877e-05,8.964209e-01,5.318684e-10
328900,4.213778e-05,9.899367e-01,5.870106e-10
329000,3.416353e-05,8.028429e-01,4.757901e-10
329100,3.348918e-05,7.872349e-01,4.662680e-10
329200,4.110195e-05,9.664830e-01,5.721001e-10
329300,4.042577e-05,9.508719e-01,5.625309e-10
329400,3.544378e-05,8.339415e-01,4.930677e-10
329500,3.410761e-05,8.027469e-01,4.743473e-10
329600,2.979301e-05,7.014126e-01,4.142267e-10
329700,3.971102e-05,9.351944e-01,5.519673e-10
329800,3.870558e-05,9.117928e-01,5.378418e-10
329900,3.108662e-05,7.325340e-01,4.318503e-10
330000,2.777045e-05,6.545893e-01,3.856749e-10
330100,4.494699e-05,1.059786e+00,6.240478e-10
330200,4.162846e-05,9.818371e-01,5.778118e-10
330300,3.170657e-05,7.480485e-01,4.399710e-10
330400,2.872470e-05,6.779028e-01,3.984824e-10
330500,2.673495e-05,6.311359e-01,3.707764e-10
330600,3.728474e-05,8.804525e-01,5.169431e-10
330700,3.859196e-05,9.115973e-01,5.349183e-10
330800,3.033592e-05,7.167945e-01,4.203653e-10
330900,2.801862e-05,6.622400e-01,3.881463e-10
331000,3.723614e-05,8.803688e-01,5.156945e-10
331100,3.920051e-05,9.270920e-01,5.427485e-10
331200,3.721189e-05,8.803269e-01,5.150718e-10
331300,2.831133e-05,6.699674e-01,3.917650e-10
331400,2.764393e-05,6.543712e-01,3.824232e-10
331500,3.914949e-05,9.270039e-01,5.414395e-10
331600,3.815011e-05,9.036126e-01,5.274714e-10
331700,3.517875e-05,8.334850e-01,4.862536e-10
331800,2.957998e-05,7.010455e-01,4.087519e-10
331900,3.285596e-05,7.789210e-01,4.538951e-10
332000,2.923231e-05,6.932233e-01,4.037233e-10
332100,2.692439e-05,6.386850e-01,3.717458e-10
332200,2.954156e-05,7.009791e-01,4.077681e-10
332300,2.887571e-05,6.853855e-01,3.984667e-10
332400,2.952239e-05,7.009459e-01,4.072776e-10
332500,3.082449e-05,7.320817e-01,4.251230e-10
332600,2.983106e-05,7.087007e-01,4.113078e-10
332700,2.883826e-05,6.853207e-01,3.975091e-10
332800,2.686331e-05,6.385792e-01,3.701836e-10
332900,3.176703e-05,7.553746e-01,4.376371e-10
333000,3.011980e-05,7.164209e-01,4.148292e-10
333100,3.534657e-05,8.409959e-01,4.866811e-10
333200,3.108183e-05,7.397475e-01,4.278422e-10
333300,3.565077e-05,8.487429e-01,4.905981e-10
333400,3.204261e-05,7.630719e-01,4.408237e-10
333500,3.562771e-05,8.487028e-01,4.900099e-10
333600,3.169514e-05,7.552499e-01,4.358024e-10
333700,3.103160e-05,7.396603e-01,4.265610e-10
333800,3.363391e-05,8.019285e-01,4.622049e-10
333900,3.362305e-05,8.019097e-01,4.619281e-10
334000,3.230686e-05,7.707494e-01,4.437233e-10
334100,3.164398e-05,7.551609e-01,4.344990e-10
334200,3.326437e-05,7.940681e-01,4.566225e-10
334300,3.357965e-05,8.018342e-01,4.608233e-10
334400,2.933198e-05,7.006153e-01,4.024204e-10
334500,3.258058e-05,7.784432e-01,4.468665e-10
334600,2.703317e-05,6.460927e-01,3.706775e-10
334700,3.581554e-05,8.562473e-01,4.909658e-10
334800,3.222360e-05,7.706044e-01,4.416053e-10
334900,2.928475e-05,7.005330e-01,4.012197e-10
335000,2.829948e-05,6.771661e-01,3.876142e-10
335100,3.674496e-05,8.795169e-01,5.031525e-10
335200,2.340518e-05,5.603870e-01,3.204015e-10
335300,2.372262e-05,5.681568e-01,3.246577e-10
335400,2.403986e-05,5.759263e-01,3.289089e-10
335500,2.435689e-05,5.836954e-01,3.331549e-10
335600,2.305044e-05,5.525520e-01,3.151987e-10
335700,2.466579e-05,5.914503e-01,3.371948e-10
335800,2.530675e-05,6.070006e-01,3.458623e-10
335900,2.724468e-05,6.536776e-01,3.722454e-10
336000,2.107542e-05,5.058102e-01,2.878756e-10
336100,2.495826e-05,5.991765e-01,3.408189e-10
336200,2.397816e-05,5.758185e-01,3.273454e-10
336300,2.429440e-05,5.835862e-01,3.315718e-10
336400,1.748636e-05,4.201722e-01,2.385898e-10
336500,2.395511e-05,5.757781e-01,3.267620e-10
336600,2.297659e-05,5.524229e-01,3.133287e-10
336700,2.199870e-05,5.290687e-01,2.999112e-10
336800,2.554913e-05,6.146390e-01,3.482194e-10
336900,2.166131e-05,5.212640e-01,2.951500e-10
337000,2.359358e-05,5.679311e-01,3.213905e-10
337100,3.004795e-05,7.235118e-01,4.091998e-10
337200,2.422447e-05,5.834636e-01,3.298042e-10
337300,2.453961e-05,5.912294e-01,3.340034e-10
337400,2.162669e-05,5.212032e-01,2.942759e-10
337500,2.484661e-05,5.989808e-01,3.379973e-10
337600,2.193545e-05,5.289578e-01,2.983143e-10
337700,2.257340e-05,5.445027e-01,3.069064e-10
337800,2.030957e-05,4.900410e-01,2.760522e-10
337900,2.417035e-05,5.833686e-01,3.284391e-10
338000,2.545131e-05,6.144673e-01,3.457512e-10
338100,2.318873e-05,5.600078e-01,3.149286e-10
338200,2.285937e-05,5.522171e-01,3.103710e-10
338300,2.735813e-05,6.610896e-01,3.713513e-10
338400,2.477535e-05,5.988555e-01,3.362018e-10
338500,2.380249e-05,5.755101e-01,3.229121e-10
338600,2.604578e-05,6.299357e-01,3.532491e-10
338700,2.346588e-05,5.677066e-01,3.181724e-10
338800,2.281571e-05,5.521402e-01,3.092727e-10
338900,2.377219e-05,5.754568e-01,3.221503e-10
339000,3.243550e-05,7.854025e-01,4.394323e-10
339100,2.857269e-05,6.920713e-01,3.869942e-10
339200,2.439139e-05,5.909686e-01,3.302721e-10
339300,2.374196e-05,5.754035e-01,3.213912e-10
339400,2.245148e-05,5.442880e-01,3.038396e-10
339500,2.597131e-05,6.298044e-01,3.513787e-10
339600,2.403988e-05,5.831387e-01,3.251591e-10
339700,2.659568e-05,6.453253e-01,3.596309e-10
339800,2.434494e-05,5.908866e-01,3.291068e-10
339900,2.850017e-05,6.919433e-01,3.851746e-10
340000,2.112825e-05,5.131146e-01,2.854671e-10
340100,2.272167e-05,5.519742e-01,3.069129e-10
340200,2.399415e-05,5.830579e-01,3.240132e-10
340300,2.462619e-05,5.985923e-01,3.324580e-10
340400,2.493811e-05,6.063522e-01,3.365778e-10
340500,2.301250e-05,5.596969e-01,3.105048e-10
340600,2.588086e-05,6.296444e-01,3.491128e-10
340700,2.140085e-05,5.208050e-01,2.886028e-10
340800,1.820093e-05,4.430627e-01,2.453837e-10
340900,1.947203e-05,4.741439e-01,2.624496e-10
341000,2.169966e-05,5.285417e-01,2.923951e-10
341100,2.583995e-05,6.295719e-01,3.480900e-10
341200,2.104812e-05,5.129727e-01,2.834627e-10
341300,2.518600e-05,6.139987e-01,3.390974e-10
341400,2.517804e-05,6.139846e-01,3.388988e-10
341500,2.740035e-05,6.683729e-01,3.687118e-10
341600,1.911049e-05,4.662960e-01,2.570902e-10
341700,2.451739e-05,5.983994e-01,3.297393e-10
341800,2.450965e-05,5.983857e-01,3.295464e-10
341900,2.418372e-05,5.906009e-01,3.250764e-10
342000,2.544852e-05,6.216709e-01,3.419856e-10
342100,2.194242e-05,5.361788e-01,2.947901e-10
342200,2.288923e-05,5.594781e-01,3.074273e-10
342300,2.002176e-05,4.895321e-01,2.688418e-10
342400,1.874463e-05,4.584402e-01,2.516254e-10
342500,2.509085e-05,6.138296e-01,3.367255e-10
342600,2.286041e-05,5.594268e-01,3.067099e-10
342700,2.475765e-05,6.060319e-01,3.320752e-10
342800,2.125949e-05,5.205539e-01,2.850777e-10
342900,2.569369e-05,6.293120e-01,3.444451e-10
343000,2.410008e-05,5.904520e-01,3.229947e-10
343100,2.599455e-05,6.370521e-01,3.482911e-10
343200,2.440184e-05,5.981938e-01,3.268633e-10
343300,1.995887e-05,4.894201e-01,2.672778e-10
343400,2.406981e-05,5.903980e-01,3.222426e-10
343500,2.469547e-05,6.059210e-01,3.305302e-10
343600,2.247215e-05,5.515309e-01,3.006921e-10
343700,2.531279e-05,6.214291e-01,3.386109e-10
343800,2.625378e-05,6.447179e-01,3.511045e-10
343900,2.529692e-05,6.214007e-01,3.382172e-10
344000,2.244398e-05,5.514805e-01,2.999932e-10
344100,2.306897e-05,5.670023e-01,3.082645e-10
344200,2.274583e-05,5.592224e-01,3.038651e-10
344300,2.494941e-05,6.135772e-01,3.332139e-10
344400,2.304730e-05,5.669635e-01,3.077277e-10
344500,2.524941e-05,6.213157e-01,3.370401e-10
344600,2.240183e-05,5.514052e-01,2.989495e-10
344700,2.681071e-05,6.601179e-01,3.576896e-10
344800,2.238782e-05,5.513801e-01,2.986028e-10
344900,2.332649e-05,5.746648e-01,3.110393e-10
345000,2.394945e-05,5.901828e-01,3.192607e-10
345100,2.236683e-05,5.513425e-01,2.980838e-10
345200,2.361956e-05,5.823908e-01,3.146949e-10
345300,2.550115e-05,6.289678e-01,3.396737e-10
345400,2.360481e-05,5.823643e-01,3.143306e-10
345500,2.548524e-05,6.289392e-01,3.392805e-10
345600,2.044473e-05,5.046928e-01,2.721046e-10
345700,2.546934e-05,6.289107e-01,3.388881e-10
345800,2.168933e-05,5.357266e-01,2.885155e-10
345900,2.388225e-05,5.900623e-01,3.176014e-10
346000,2.230410e-05,5.512299e-01,2.965351e-10
346100,2.449546e-05,6.055628e-01,3.255828e-10
346200,2.354599e-05,5.822587e-01,3.128795e-10
346300,2.730484e-05,6.754048e-01,3.627307e-10
346400,2.102132e-05,5.201276e-01,2.791830e-10
346500,2.289670e-05,5.666933e-01,3.040090e-10
346600,2.414380e-05,5.977315e-01,3.204820e-10
346700,2.664396e-05,6.598185e-01,3.535748e-10
346800,2.538223e-05,6.287540e-01,3.367417e-10
346900,2.192844e-05,5.433554e-01,2.908436e-10
347000,2.317429e-05,5.743913e-01,3.072860e-10
347100,2.535857e-05,6.287114e-01,3.361598e-10
347200,2.096909e-05,5.200335e-01,2.778980e-10
347300,2.722007e-05,6.752521e-01,3.606448e-10
347400,2.095608e-05,5.200100e-01,2.775781e-10
347500,2.532709e-05,6.286547e-01,3.353864e-10
347600,2.188082e-05,5.432696e-01,2.896733e-10
347700,2.374895e-05,5.898222e-01,3.143216e-10
347800,2.374159e-05,5.898089e-01,3.141409e-10
347900,3.185384e-05,7.915678e-01,4.213678e-10
348000,2.216590e-05,5.509809e-01,2.931365e-10
348100,2.340743e-05,5.820090e-01,3.094733e-10
348200,2.246417e-05,5.587160e-01,2.969238e-10
348300,2.432865e-05,6.052621e-01,3.214827e-10
348400,2.338569e-05,5.819697e-01,3.089406e-10
348500,2.369017e-05,5.897160e-01,3.128802e-10
348600,2.118991e-05,5.276288e-01,2.797848e-10
348700,2.180640e-05,5.431351e-01,2.878486e-10
348800,1.930827e-05,4.810517e-01,2.548055e-10
348900,2.117026e-05,5.275932e-01,2.793039e-10
349000,2.334234e-05,5.818912e-01,3.078792e-10
349100,2.675762e-05,6.672203e-01,3.528326e-10
349200,2.395000e-05,5.973815e-01,3.157274e-10
349300,2.456449e-05,6.128841e-01,3.237427e-10
349400,2.393522e-05,5.973547e-01,3.153660e-10
349500,2.703535e-05,6.749181e-01,3.561188e-10
349600,2.174587e-05,5.430254e-01,2.863685e-10
349700,2.111804e-05,5.274985e-01,2.780274e-10
349800,2.390571e-05,5.973012e-01,3.146452e-10
349900,2.420871e-05,6.050448e-01,3.185493e-10
350000,2.296016e-05,5.740040e-01,3.020408e-10
350100,2.388362e-05,5.972610e-01,3.141062e-10
350200,2.604683e-05,6.515429e-01,3.424656e-10
350300,2.634880e-05,6.592846e-01,3.463448e-10
350400,2.231212e-05,5.584404e-01,2.932070e-10
350500,2.230525e-05,5.584279e-01,2.930397e-10
350600,2.260809e-05,5.661712e-01,2.969402e-10
350700,2.445877e-05,6.126921e-01,3.211630e-10
350800,2.197517e-05,5.506351e-01,2.884757e-10
350900,2.660964e-05,6.669515e-01,3.492221e-10
351000,1.917780e-05,4.808148e-01,2.516213e-10
351100,2.752096e-05,6.901865e-01,3.609926e-10
351200,2.163906e-05,5.428312e-01,2.837651e-10
351300,2.194145e-05,5.505736e-01,2.876551e-10
351400,2.347941e-05,5.893333e-01,3.077373e-10
351500,2.223683e-05,5.583033e-01,2.913747e-10
351600,2.284751e-05,5.737990e-01,2.992981e-10
351700,2.314916e-05,5.815401e-01,3.031702e-10
351800,2.314207e-05,5.815271e-01,3.029979e-10
351900,2.560271e-05,6.435423e-01,3.351271e-10
352000,2.066091e-05,5.194744e-01,2.703706e-10
352100,2.497047e-05,6.280074e-01,3.266803e-10
352200,2.188100e-05,5.504633e-01,2.861868e-10
352300,2.341474e-05,5.892153e-01,3.061670e-10
352400,2.248359e-05,5.659442e-01,2.939145e-10
352500,2.586362e-05,6.512090e-01,3.380112e-10
352600,2.308546e-05,5.814237e-01,3.016245e-10
352700,2.615552e-05,6.589322e-01,3.416473e-10
352800,2.030278e-05,5.116301e-01,2.651287e-10
352900,2.214172e-05,5.581296e-01,2.890674e-10
353000,2.305725e-05,5.813721e-01,3.009413e-10
353100,2.335755e-05,5.891107e-01,3.047812e-10
353200,2.365766e-05,5.968489e-01,3.086166e-10
353300,2.365044e-05,5.968357e-01,3.084420e-10
353400,2.487144e-05,6.278262e-01,3.242813e-10
353500,2.486385e-05,6.278123e-01,3.240979e-10
353600,2.086699e-05,5.270406e-01,2.719283e-10
353700,2.300805e-05,5.812819e-01,2.997514e-10
353800,2.085427e-05,5.270173e-01,2.716209e-10
353900,2.605990e-05,6.587571e-01,3.393343e-10
354000,2.176105e-05,5.502437e-01,2.832839e-10
354100,2.328643e-05,5.889803e-01,3.030622e-10
354200,2.205411e-05,5.579690e-01,2.869494e-10
354300,2.602818e-05,6.586988e-01,3.385686e-10
354400,2.142845e-05,5.424459e-01,2.786638e-10
354500,2.356412e-05,5.966773e-01,3.063573e-10
354600,2.172135e-05,5.501708e-01,2.823260e-10
354700,2.324396e-05,5.889022e-01,3.020377e-10
354800,2.476564e-05,6.276320e-01,3.217272e-10
354900,2.414680e-05,6.121214e-01,3.136065e-10
355000,2.505615e-05,6.353525e-01,3.253323e-10
355100,2.474308e-05,6.275905e-01,3.211838e-10
355200,1.679575e-05,4.261323e-01,2.179650e-10
355300,2.167521e-05,5.500859e-01,2.812146e-10
355400,2.197383e-05,5.578213e-01,2.850150e-10
355500,2.440796e-05,6.197878e-01,3.165052e-10
355600,2.074047e-05,5.268081e-01,2.688781e-10
355700,2.805214e-05,7.127246e-01,3.635717e-10
355800,2.377613e-05,6.042533e-01,3.080723e-10
355900,2.468311e-05,6.274800e-01,3.197415e-10
356000,2.162926e-05,5.500012e-01,2.801098e-10
356100,2.192726e-05,5.577355e-01,2.838955e-10
356200,2.313843e-05,5.887078e-01,2.994993e-10
356300,2.282707e-05,5.809489e-01,2.953926e-10
356400,2.312443e-05,5.886820e-01,2.991632e-10
356500,2.463832e-05,6.273973e-01,3.186662e-10
356600,2.371862e-05,6.041471e-01,3.066916e-10
356700,2.614339e-05,6.660963e-01,3.379576e-10
356800,2.674329e-05,6.815720e-01,3.456233e-10
356900,2.126665e-05,5.421476e-01,2.747736e-10
357000,2.156394e-05,5.498805e-01,2.785428e-10
357100,2.762995e-05,7.047610e-01,3.568056e-10
357200,2.064032e-05,5.266231e-01,2.664747e-10
357300,2.579262e-05,6.582645e-01,3.329070e-10
357400,2.153792e-05,5.498324e-01,2.779197e-10
357500,2.547380e-05,6.504917e-01,3.286224e-10
357600,2.273761e-05,5.807835e-01,2.932488e-10
357700,2.303383e-05,5.885144e-01,2.969927e-10
357800,2.454182e-05,6.272187e-01,3.163547e-10
357900,2.120259e-05,5.420290e-01,2.732402e-10
358000,2.059060e-05,5.265310e-01,2.652851e-10
358100,1.967626e-05,5.032907e-01,2.534397e-10
358200,1.997296e-05,5.110224e-01,2.571952e-10
358300,2.420236e-05,6.194076e-01,3.115777e-10
358400,1.965850e-05,5.032577e-01,2.530156e-10
358500,2.267607e-05,5.806693e-01,2.917783e-10
358600,2.055345e-05,5.264620e-01,2.643981e-10
358700,2.387110e-05,6.116117e-01,3.069971e-10
358800,2.174940e-05,5.574061e-01,2.796389e-10
358900,2.446073e-05,6.270682e-01,3.144185e-10
359000,2.294391e-05,5.883475e-01,2.948456e-10
359100,2.595505e-05,6.657471e-01,3.334553e-10
359200,2.081815e-05,5.341343e-01,2.673908e-10
359300,2.141515e-05,5.496045e-01,2.749881e-10
359400,2.080566e-05,5.341111e-01,2.670933e-10
359500,2.140230e-05,5.495806e-01,2.746822e-10
359600,2.260129e-05,5.805302e-01,2.899959e-10
359700,1.958191e-05,5.031153e-01,2.511901e-10
359800,2.258774e-05,5.805050e-01,2.896736e-10
359900,2.107558e-05,5.417929e-01,2.702118e-10
360000,1.866135e-05,4.798633e-01,2.391975e-10
360100,1.955846e-05,5.030716e-01,2.506323e-10
360200,1.684532e-05,4.334061e-01,2.158095e-10
360300,2.044891e-05,5.262674e-01,2.619090e-10
360400,1.954091e-05,5.030388e-01,2.502153e-10
360500,2.223992e-05,5.726779e-01,2.847024e-10
360600,2.193282e-05,5.649268e-01,2.806994e-10
360700,2.312770e-05,5.958688e-01,2.959160e-10
360800,1.981782e-05,5.107336e-01,2.535017e-10
360900,2.341407e-05,6.035812e-01,2.994269e-10
361000,2.130644e-05,5.494018e-01,2.724043e-10
361100,2.340009e-05,6.035551e-01,2.990953e-10
361200,2.279328e-05,5.880666e-01,2.912649e-10
361300,2.218683e-05,5.725788e-01,2.834430e-10
361400,2.038182e-05,5.261421e-01,2.603171e-10
361500,2.127467e-05,5.493423e-01,2.716513e-10
361600,1.587636e-05,4.100636e-01,2.026698e-10
361700,1.796788e-05,4.642129e-01,2.293107e-10
361800,1.826190e-05,4.719396e-01,2.330036e-10
361900,2.035146e-05,5.260852e-01,2.595982e-10
362000,1.645584e-05,4.255009e-01,2.098532e-10
362100,2.422774e-05,6.266333e-01,3.088858e-10
362200,2.302446e-05,5.956756e-01,2.934701e-10
362300,2.421333e-05,6.266063e-01,3.085449e-10
362400,2.181539e-05,5.647071e-01,2.779179e-10
362500,1.941889e-05,5.028105e-01,2.473246e-10
362600,2.090643e-05,5.414766e-01,2.662027e-10
362700,2.478169e-05,6.420227e-01,3.154663e-10
362800,2.268492e-05,5.878635e-01,2.887015e-10
362900,2.267818e-05,5.878509e-01,2.885424e-10
363000,2.416299e-05,6.265118e-01,3.073561e-10
363100,2.505047e-05,6.497020e-01,3.185641e-10
363200,1.908041e-05,4.950004e-01,2.425818e-10
363300,2.205518e-05,5.723319e-01,2.803309e-10
363400,2.264454e-05,5.877877e-01,2.877490e-10
363500,2.502076e-05,6.496461e-01,3.178634e-10
363600,2.233334e-05,5.800287e-01,2.836505e-10
363700,2.500592e-05,6.496182e-01,3.175139e-10
363800,2.202250e-05,5.722704e-01,2.795608e-10
363900,2.826375e-05,7.346557e-01,3.586984e-10
364000,2.319916e-05,6.031780e-01,2.943485e-10
364100,2.289495e-05,5.954322e-01,2.904152e-10
364200,2.407717e-05,6.263503e-01,3.053340e-10
364300,2.377288e-05,6.186043e-01,3.013989e-10
364400,2.287463e-05,5.953939e-01,2.899372e-10
364500,2.286786e-05,5.953812e-01,2.897782e-10
364600,2.404869e-05,6.262966e-01,3.046644e-10
364700,2.611925e-05,6.804065e-01,3.308119e-10
364800,2.017709e-05,5.257574e-01,2.554873e-10
364900,2.165430e-05,5.644039e-01,2.741228e-10
365000,2.105481e-05,5.489291e-01,2.664665e-10
365100,2.253089e-05,5.875735e-01,2.850755e-10
365200,2.074601e-05,5.411745e-01,2.624258e-10
365300,2.103617e-05,5.488939e-01,2.660290e-10
365400,1.954898e-05,5.102285e-01,2.471592e-10
365500,2.280042e-05,5.952538e-01,2.881947e-10
365600,1.835337e-05,4.792850e-01,2.319259e-10
365700,2.189917e-05,5.720377e-01,2.766635e-10
365800,2.278026e-05,5.952157e-01,2.877222e-10
365900,2.247779e-05,5.874731e-01,2.838303e-10
366000,1.744472e-05,4.560549e-01,2.202216e-10
366100,1.921310e-05,5.024227e-01,2.424845e-10
366200,2.009394e-05,5.256002e-01,2.535375e-10
366300,2.126968e-05,5.565060e-01,2.683049e-10
366400,2.008212e-05,5.255778e-01,2.532608e-10
366500,2.214288e-05,5.796690e-01,2.791794e-10
366600,2.213637e-05,5.796567e-01,2.790271e-10
366700,2.508051e-05,6.569303e-01,3.160582e-10
366800,2.094345e-05,5.487183e-01,2.638577e-10
366900,2.211686e-05,5.796197e-01,2.785710e-10
367000,2.152075e-05,5.641512e-01,2.709947e-10
367100,2.180915e-05,5.718671e-01,2.745573e-10
367200,2.268664e-05,5.950383e-01,2.855324e-10
367300,2.356362e-05,6.182084e-01,2.964955e-10
367400,2.267333e-05,5.950130e-01,2.852216e-10
367500,2.472729e-05,6.490913e-01,3.109815e-10
367600,2.324860e-05,6.104419e-01,2.923116e-10
367700,2.500699e-05,6.567907e-01,3.143415e-10
367800,2.823491e-05,7.417714e-01,3.548279e-10
367900,2.352220e-05,6.181297e-01,2.955292e-10
368000,2.086983e-05,5.485785e-01,2.621397e-10
368100,2.350842e-05,6.181035e-01,2.952082e-10
368200,2.173892e-05,5.717336e-01,2.729192e-10
368300,2.466939e-05,6.489811e-01,3.096320e-10
368400,2.113900e-05,5.562578e-01,2.652548e-10
368500,2.494847e-05,6.566793e-01,3.129781e-10
368600,2.347404e-05,6.180380e-01,2.944078e-10
368700,2.640058e-05,6.952781e-01,3.310291e-10
368800,1.994127e-05,5.253101e-01,2.499753e-10
368900,2.081495e-05,5.484739e-01,2.608621e-10
369000,2.315353e-05,6.102609e-01,2.900978e-10
369100,2.226778e-05,5.870740e-01,2.789302e-10
369200,2.079672e-05,5.484391e-01,2.604384e-10
369300,2.108347e-05,5.561519e-01,2.639635e-10
369400,2.400473e-05,6.333818e-01,3.004624e-10
369500,2.516834e-05,6.642645e-01,3.149485e-10
369600,1.989475e-05,5.252213e-01,2.488943e-10
369700,2.076640e-05,5.483813e-01,2.597344e-10
369800,2.163754e-05,5.715402e-01,2.705627e-10
369900,2.426206e-05,6.410384e-01,3.033049e-10
370000,2.074825e-05,5.483466e-01,2.593134e-10
370100,2.191078e-05,5.792271e-01,2.737746e-10
370200,2.102822e-05,5.560463e-01,2.626816e-10
370300,2.598565e-05,6.873205e-01,3.245283e-10
370400,2.218354e-05,5.869130e-01,2.769757e-10
370500,2.042626e-05,5.405664e-01,2.549715e-10
370600,2.158720e-05,5.714439e-01,2.693958e-10
370700,2.274745e-05,6.023201e-01,2.838046e-10
370800,2.244929e-05,5.945855e-01,2.800150e-10
370900,2.244277e-05,5.945730e-01,2.798640e-10
371000,2.243625e-05,5.945605e-01,2.797132e-10
371100,2.359491e-05,6.254337e-01,2.940852e-10
371200,1.892869e-05,5.018807e-01,2.358671e-10
371300,2.358121e-05,6.254074e-01,2.937684e-10
371400,2.037291e-05,5.404642e-01,2.537373e-10
371500,2.327657e-05,6.176604e-01,2.898293e-10
371600,2.268807e-05,6.022062e-01,2.824315e-10
371700,2.326307e-05,6.176344e-01,2.895175e-10
371800,2.180280e-05,5.790202e-01,2.712767e-10
371900,2.441206e-05,6.484890e-01,3.036665e-10
372000,2.004695e-05,5.326762e-01,2.493063e-10
372100,2.091250e-05,5.558244e-01,2.600059e-10
372200,2.235828e-05,5.944109e-01,2.779124e-10
372300,2.206152e-05,5.866789e-01,2.741559e-10
372400,2.205514e-05,5.866667e-01,2.740086e-10
372500,2.030806e-05,5.403396e-01,2.522409e-10
372600,2.436263e-05,6.483939e-01,3.025266e-10
372700,2.377569e-05,6.329427e-01,2.951651e-10
372800,1.913099e-05,5.094310e-01,2.374445e-10
372900,2.231304e-05,5.943238e-01,2.768700e-10
373000,2.027872e-05,5.402831e-01,2.515651e-10
373100,2.345860e-05,6.251716e-01,2.909407e-10
373200,2.055654e-05,5.479785e-01,2.548855e-10
373300,2.199782e-05,5.865563e-01,2.726890e-10
373400,2.314892e-05,6.174148e-01,2.868873e-10
373500,2.458863e-05,6.559895e-01,3.046546e-10
373600,1.995442e-05,5.324980e-01,2.471755e-10
373700,2.139422e-05,5.710729e-01,2.649449e-10
373800,1.734166e-05,4.630225e-01,2.147052e-10
373900,2.456028e-05,6.559348e-01,3.040031e-10
374000,2.282003e-05,6.096208e-01,2.823930e-10
374100,2.367979e-05,6.327578e-01,2.929601e-10
374200,2.396166e-05,6.404610e-01,2.963743e-10
374300,2.453199e-05,6.558801e-01,3.033537e-10
374400,1.961994e-05,5.246932e-01,2.425533e-10
374500,2.019118e-05,5.401141e-01,2.495539e-10
374600,2.537590e-05,6.789865e-01,3.135575e-10
374700,2.508032e-05,6.712568e-01,3.098289e-10
374800,1.902097e-05,5.092187e-01,2.349172e-10
374900,2.420155e-05,6.480830e-01,2.988260e-10
375000,2.189035e-05,5.863486e-01,2.702222e-10
375100,2.447559e-05,6.557710e-01,3.020611e-10
375200,1.640833e-05,4.397432e-01,2.024507e-10
375300,1.611583e-05,4.320195e-01,1.987929e-10
375400,2.186521e-05,5.862999e-01,2.696467e-10
375500,2.185893e-05,5.862878e-01,2.695031e-10
375600,2.041498e-05,5.477049e-01,2.516386e-10
375700,2.299620e-05,6.171194e-01,2.833855e-10
375800,2.356434e-05,6.325343e-01,2.903156e-10
375900,2.499402e-05,6.710896e-01,3.078539e-10
376000,2.010437e-05,5.399459e-01,2.475668e-10
376100,2.038573e-05,5.476481e-01,2.509699e-10
376200,2.066693e-05,5.553499e-01,2.543694e-10
376300,2.324364e-05,6.247558e-01,2.860135e-10
376400,1.979447e-05,5.321883e-01,2.435117e-10
376500,2.380392e-05,6.401553e-01,2.927643e-10
376600,2.035656e-05,5.475914e-01,2.503040e-10
376700,2.465018e-05,6.632660e-01,3.030241e-10
376800,2.034491e-05,5.475688e-01,2.500383e-10
376900,2.148496e-05,5.784058e-01,2.639848e-10
377000,2.291074e-05,6.169534e-01,2.814345e-10
377100,2.233158e-05,6.015171e-01,2.742531e-10
377200,2.232520e-05,6.015047e-01,2.741077e-10
377300,2.117427e-05,5.706466e-01,2.599131e-10
377400,2.288456e-05,6.169025e-01,2.808382e-10
377500,2.545181e-05,6.862898e-01,3.122670e-10
377600,1.515237e-05,4.086810e-01,1.858583e-10
377700,1.657710e-05,4.472266e-01,2.032844e-10
377800,1.885822e-05,5.089025e-01,2.312012e-10
377900,2.256628e-05,6.091284e-01,2.765944e-10
378000,1.656292e-05,4.471990e-01,2.029618e-10
378100,2.026952e-05,5.474219e-01,2.483219e-10
378200,2.283239e-05,6.168007e-01,2.796514e-10
378300,2.567912e-05,6.938866e-01,3.144415e-10
378400,1.911123e-05,5.165494e-01,2.339605e-10
378500,2.024644e-05,5.473769e-01,2.477973e-10
378600,2.138099e-05,5.782031e-01,2.616195e-10
378700,2.108991e-05,5.704820e-01,2.579949e-10
378800,2.136882e-05,5.781793e-01,2.613433e-10
378900,1.965373e-05,5.319141e-01,2.403089e-10
379000,2.306520e-05,6.244080e-01,2.819529e-10
379100,2.277397e-05,6.166866e-01,2.783251e-10
379200,1.935237e-05,5.241729e-01,2.364516e-10
379300,2.133846e-05,5.781200e-01,2.606547e-10
379400,1.848808e-05,5.010270e-01,2.257817e-10
379500,2.331680e-05,6.320519e-01,2.846822e-10
379600,2.018321e-05,5.472532e-01,2.463633e-10
379700,2.131424e-05,5.780725e-01,2.601058e-10
379800,2.244462e-05,6.088906e-01,2.738339e-10
379900,2.556257e-05,6.936586e-01,3.117984e-10
380000,2.016031e-05,5.472084e-01,2.458449e-10
380100,2.072233e-05,5.626112e-01,2.526371e-10
380200,1.958130e-05,5.317723e-01,2.386684e-10
380300,2.099429e-05,5.702948e-01,2.558286e-10
380400,2.240647e-05,6.088158e-01,2.729707e-10
380500,2.296721e-05,6.242161e-01,2.797343e-10
380600,2.296071e-05,6.242033e-01,2.795873e-10
380700,2.125390e-05,5.779542e-01,2.587412e-10
380800,1.954805e-05,5.317070e-01,2.379169e-10
380900,2.294122e-05,6.241650e-01,2.791471e-10
381000,1.840441e-05,5.008629e-01,2.238893e-10
381100,1.981453e-05,5.393799e-01,2.409851e-10
381200,2.094087e-05,5.701899e-01,2.546220e-10
381300,2.348109e-05,6.395243e-01,2.854398e-10
381400,2.177751e-05,5.932815e-01,2.646667e-10
381500,2.261959e-05,6.163838e-01,2.748343e-10
381600,2.402653e-05,6.548944e-01,2.918584e-10
381700,1.921579e-05,5.239049e-01,2.333644e-10
381800,2.231793e-05,6.086418e-01,2.709725e-10
381900,2.118193e-05,5.778127e-01,2.571177e-10
382000,2.032891e-05,5.546889e-01,2.467038e-10
382100,2.173451e-05,5.931969e-01,2.636979e-10
382200,2.370369e-05,6.471107e-01,2.875199e-10
382300,2.115804e-05,5.777656e-01,2.565799e-10
382400,1.917788e-05,5.238302e-01,2.325108e-10
382500,2.001832e-05,5.469292e-01,2.426417e-10
382600,1.691213e-05,4.621843e-01,2.049422e-10
382700,2.282494e-05,6.239361e-01,2.765274e-10
382800,2.000142e-05,5.468959e-01,2.422616e-10
382900,2.253046e-05,6.162082e-01,2.728282e-10
383000,2.083481e-05,5.699810e-01,2.522343e-10
383100,2.505104e-05,6.855037e-01,3.032045e-10
383200,1.969752e-05,5.391493e-01,2.383510e-10
383300,2.053592e-05,5.622443e-01,2.484364e-10
383400,2.109262e-05,5.776365e-01,2.551097e-10
383500,2.305479e-05,6.315365e-01,2.787745e-10
383600,2.276723e-05,6.238221e-01,2.752313e-10
383700,2.135585e-05,5.853027e-01,2.581071e-10
383800,2.387812e-05,6.546016e-01,2.885220e-10
383900,2.359058e-05,6.468873e-01,2.849791e-10
384000,1.853025e-05,5.082583e-01,2.237956e-10
384100,2.105120e-05,5.775546e-01,2.541807e-10
384200,2.020348e-05,5.544412e-01,2.438865e-10
384300,2.216149e-05,6.083329e-01,2.674585e-10
384400,1.935081e-05,5.313180e-01,2.334814e-10
384500,2.270980e-05,6.237085e-01,2.739443e-10
384600,2.354430e-05,6.467957e-01,2.839427e-10
384700,2.381792e-05,6.544824e-01,2.871736e-10
384800,1.960926e-05,5.389746e-01,2.363730e-10
384900,1.988383e-05,5.466632e-01,2.396252e-10
385000,2.099816e-05,5.774495e-01,2.529938e-10
385100,2.071239e-05,5.697386e-01,2.494909e-10
385200,2.182587e-05,6.005232e-01,2.628404e-10
385300,2.014132e-05,5.543179e-01,2.424959e-10
385400,2.377130e-05,6.543899e-01,2.861314e-10
385500,2.264632e-05,6.235825e-01,2.725249e-10
385600,1.872690e-05,5.157924e-01,2.253050e-10
385700,2.151595e-05,5.927644e-01,2.587983e-10
385800,1.899579e-05,5.234697e-01,2.284307e-10
385900,2.234175e-05,6.158343e-01,2.686027e-10
386000,1.954357e-05,5.388442e-01,2.349056e-10
386100,2.093370e-05,5.773214e-01,2.515543e-10
386200,2.148593e-05,5.927047e-01,2.581286e-10
386300,2.399058e-05,6.619686e-01,2.881503e-10
386400,2.007953e-05,5.541951e-01,2.411172e-10
386500,2.118915e-05,5.849719e-01,2.543810e-10
386600,1.923216e-05,5.310823e-01,2.308317e-10
386700,1.755490e-05,4.848914e-01,2.106504e-10
386800,1.950001e-05,5.387574e-01,2.339350e-10
386900,2.060856e-05,5.695321e-01,2.471748e-10
387000,2.227331e-05,6.156981e-01,2.670780e-10
387100,2.171044e-05,6.002936e-01,2.602665e-10
387200,1.808699e-05,5.002346e-01,2.167767e-10
387300,1.947288e-05,5.387034e-01,2.333313e-10
387400,1.640829e-05,4.540409e-01,1.965635e-10
387500,2.252037e-05,6.233317e-01,2.697190e-10
387600,1.834483e-05,5.078897e-01,2.196577e-10
387700,2.167423e-05,6.002213e-01,2.594615e-10
387800,1.666785e-05,4.616994e-01,1.994829e-10
387900,1.888498e-05,5.232489e-01,2.259641e-10
388000,1.665859e-05,4.616809e-01,1.992773e-10
388100,1.526613e-05,4.231991e-01,1.825767e-10
388200,1.775930e-05,4.924400e-01,2.123435e-10
388300,2.080590e-05,5.770665e-01,2.487119e-10
388400,1.941345e-05,5.385846e-01,2.320115e-10
388500,2.190339e-05,6.078191e-01,2.617068e-10
388600,2.217450e-05,6.155007e-01,2.648832e-10
388700,2.189124e-05,6.077948e-01,2.614376e-10
388800,1.966896e-05,5.462350e-01,2.348420e-10
388900,1.966351e-05,5.462241e-01,2.347213e-10
389000,1.965806e-05,5.462132e-01,2.346006e-10
389100,2.214379e-05,6.154392e-01,2.642029e-10
389200,1.992389e-05,5.538842e-01,2.376604e-10
389300,2.240817e-05,6.231073e-01,2.672306e-10
389400,1.963630e-05,5.461696e-01,2.341189e-10
389500,2.405472e-05,6.692367e-01,2.867308e-10
389600,1.990185e-05,5.538400e-01,2.371726e-10
389700,1.962001e-05,5.461369e-01,2.337586e-10
389800,2.182468e-05,6.076614e-01,2.599641e-10
389900,2.209483e-05,6.153410e-01,2.631198e-10
390000,2.015596e-05,5.614875e-01,2.399737e-10
390100,1.932229e-05,5.384019e-01,2.299938e-10
390200,2.124865e-05,5.922303e-01,2.528635e-10
390300,2.510511e-05,6.998947e-01,2.986856e-10
390400,2.151273e-05,5.998978e-01,2.558851e-10
390500,1.957669e-05,5.460499e-01,2.328018e-10
390600,1.957129e-05,5.460391e-01,2.326826e-10
390700,2.149493e-05,5.998620e-01,2.554923e-10
390800,2.176450e-05,6.075404e-01,2.586354e-10
390900,2.313562e-05,6.459795e-01,2.748641e-10
391000,2.092646e-05,5.844461e-01,2.485593e-10
391100,2.394869e-05,6.690236e-01,2.843895e-10
391200,2.036454e-05,5.690433e-01,2.417709e-10
391300,2.008381e-05,5.613424e-01,2.383818e-10
391400,2.062837e-05,5.767102e-01,2.447877e-10
391500,2.144760e-05,5.997667e-01,2.544492e-10
391600,1.979233e-05,5.536198e-01,2.347562e-10
391700,1.951207e-05,5.459198e-01,2.313775e-10
391800,2.225413e-05,6.227976e-01,2.638312e-10
391900,2.224801e-05,6.227853e-01,2.636966e-10
392000,1.867220e-05,5.228217e-01,2.212620e-10
392100,2.113771e-05,5.920070e-01,2.504189e-10
392200,1.866194e-05,5.228010e-01,2.210364e-10
392300,2.222356e-05,6.227359e-01,2.631591e-10
392400,2.304033e-05,6.457874e-01,2.727667e-10
392500,2.111450e-05,5.919601e-01,2.499087e-10
392600,2.110871e-05,5.919484e-01,2.497814e-10
392700,1.973259e-05,5.534993e-01,2.334429e-10
392800,1.863123e-05,5.227390e-01,2.203616e-10
392900,1.698263e-05,4.766055e-01,2.008157e-10
393000,1.615646e-05,4.535350e-01,1.910016e-10
393100,1.779461e-05,4.996473e-01,2.103184e-10
393200,2.080031e-05,5.841915e-01,2.457857e-10
393300,2.188906e-05,6.149263e-01,2.585902e-10
393400,2.352430e-05,6.610327e-01,2.778432e-10
393500,2.215054e-05,6.225883e-01,2.615565e-10
393600,1.831703e-05,5.149703e-01,2.162393e-10
393700,1.940527e-05,5.457040e-01,2.290327e-10
393800,1.967320e-05,5.533791e-01,2.321406e-10
393900,2.212630e-05,6.225392e-01,2.610256e-10
394000,1.938935e-05,5.456718e-01,2.286841e-10
394100,2.047611e-05,5.764025e-01,2.414451e-10
394200,2.210815e-05,6.225024e-01,2.606284e-10
394300,2.210211e-05,6.224902e-01,2.604962e-10
394400,1.936816e-05,5.456288e-01,2.282204e-10
394500,1.799929e-05,5.071942e-01,2.120410e-10
394600,2.044815e-05,5.763458e-01,2.408336e-10
394700,1.907973e-05,5.379121e-01,2.246642e-10
394800,2.098198e-05,5.916917e-01,2.470054e-10
394900,2.070383e-05,5.839959e-01,2.436741e-10
395000,2.042584e-05,5.763004e-01,2.403461e-10
395100,2.314297e-05,6.531277e-01,2.722544e-10
395200,1.987031e-05,5.609104e-01,2.337002e-10
395300,1.932065e-05,5.455323e-01,2.271824e-10
395400,2.040357e-05,5.762552e-01,2.398601e-10
395500,2.610946e-05,7.375922e-01,3.068656e-10
395600,1.957676e-05,5.531833e-01,2.300329e-10
395700,2.283333e-05,6.453678e-01,2.682361e-10
395800,2.092486e-05,5.915756e-01,2.457588e-10
395900,2.200587e-05,6.222946e-01,2.583949e-10
396000,1.982705e-05,5.608224e-01,2.327569e-10
396100,2.009319e-05,5.684938e-01,2.358262e-10
396200,1.764462e-05,4.993428e-01,2.070401e-10
396300,2.062503e-05,5.838356e-01,2.419555e-10
396400,2.007680e-05,5.684604e-01,2.354694e-10
396500,1.925764e-05,5.454040e-01,2.258094e-10
396600,2.033706e-05,5.761197e-01,2.384108e-10
396700,2.358458e-05,6.682858e-01,2.764171e-10
396800,1.761587e-05,4.992842e-01,2.064144e-10
396900,2.004955e-05,5.684048e-01,2.348765e-10
397000,2.302364e-05,6.528846e-01,2.696547e-10
397100,2.464215e-05,6.989569e-01,2.885437e-10
397200,2.057467e-05,5.837329e-01,2.408602e-10
397300,2.246361e-05,6.374853e-01,2.629123e-10
397400,2.191638e-05,6.221120e-01,2.564480e-10
397500,2.272193e-05,6.451406e-01,2.658123e-10
397600,1.811854e-05,5.145664e-01,2.119103e-10
397700,1.757292e-05,4.991965e-01,2.054812e-10
397800,1.837900e-05,5.222262e-01,2.148569e-10
397900,1.783361e-05,5.068567e-01,2.084328e-10
398000,2.080025e-05,5.913213e-01,2.430494e-10
398100,1.863414e-05,5.298750e-01,2.176881e-10
398200,2.159895e-05,6.143358e-01,2.522653e-10
398300,2.294267e-05,6.527191e-01,2.678973e-10
398400,1.780949e-05,5.068073e-01,2.079100e-10
398500,2.023259e-05,5.759062e-01,2.361427e-10
398600,1.887865e-05,5.375020e-01,2.202893e-10
398700,2.156976e-05,6.142760e-01,2.516330e-10
398800,1.859889e-05,5.298028e-01,2.169246e-10
398900,2.263602e-05,6.449648e-01,2.639497e-10
399000,2.047467e-05,5.835282e-01,2.386920e-10
399100,2.262379e-05,6.449397e-01,2.636852e-10
399200,1.911733e-05,5.451170e-01,2.227652e-10
399300,2.072728e-05,5.911718e-01,2.414694e-10
399400,1.937613e-05,5.527732e-01,2.256765e-10
399500,2.125418e-05,6.065033e-01,2.474933e-10
399600,2.017258e-05,5.757831e-01,2.348445e-10
399700,2.070493e-05,5.911259e-01,2.409863e-10
399800,2.123700e-05,6.064680e-01,2.471221e-10
399900,2.042503e-05,5.834263e-01,2.376188e-10
400000,1.827010e-05,5.220029e-01,2.125000e-10
400100,2.095124e-05,5.987564e-01,2.436282e-10
400200,1.933440e-05,5.526875e-01,2.247752e-10
400300,2.174534e-05,6.217614e-01,2.527457e-10
400400,1.771366e-05,5.066106e-01,2.058381e-10
400500,2.200196e-05,6.294131e-01,2.556106e-10
400600,2.092306e-05,5.986984e-01,2.430204e-10
400700,2.172195e-05,6.217133e-01,2.522414e-10
400800,1.903511e-05,5.449480e-01,2.209902e-10
400900,1.795788e-05,5.142368e-01,2.084360e-10
401000,2.036466e-05,5.833021e-01,2.363169e-10
401100,2.035919e-05,5.832908e-01,2.361991e-10
401200,1.821122e-05,5.218817e-01,2.112307e-10
401300,2.570306e-05,7.367599e-01,2.980595e-10
401400,2.168114e-05,6.216292e-01,2.513624e-10
401500,2.167532e-05,6.216172e-01,2.512372e-10
401600,1.819168e-05,5.218414e-01,2.108101e-10
401700,2.032643e-05,5.832232e-01,2.354940e-10
401800,2.058836e-05,5.908858e-01,2.384739e-10
401900,2.325593e-05,6.676114e-01,2.693105e-10
402000,2.057732e-05,5.908630e-01,2.382367e-10
402100,2.137330e-05,6.138718e-01,2.473955e-10
402200,2.216886e-05,6.368798e-01,2.565452e-10
402300,2.189590e-05,6.291944e-01,2.533283e-10
402400,1.841967e-05,5.294339e-01,2.130606e-10
402500,1.868162e-05,5.370965e-01,2.160410e-10
402600,2.294556e-05,6.598487e-01,2.652900e-10
402700,1.867162e-05,5.370758e-01,2.158265e-10
402800,2.026662e-05,5.830996e-01,2.342096e-10
402900,2.079439e-05,5.984329e-01,2.402537e-10
403000,2.052231e-05,5.907493e-01,2.370558e-10
403100,2.264844e-05,6.521133e-01,2.615552e-10
403200,1.784753e-05,5.140088e-01,2.060648e-10
403300,2.290265e-05,6.597599e-01,2.643699e-10
403400,1.890295e-05,5.446750e-01,2.181507e-10
403500,2.129341e-05,6.137065e-01,2.456818e-10
403600,1.676408e-05,4.832846e-01,1.933785e-10
403700,1.862179e-05,5.369726e-01,2.147586e-10
403800,1.648918e-05,4.755952e-01,1.901206e-10
403900,2.073892e-05,5.983179e-01,2.390655e-10
404000,1.727783e-05,4.985887e-01,1.991226e-10
404100,1.727322e-05,4.985792e-01,1.990241e-10
404200,2.098801e-05,6.059538e-01,2.417712e-10
404300,2.124802e-05,6.136124e-01,2.447104e-10
404400,2.124236e-05,6.136006e-01,2.445894e-10
404500,1.937849e-05,5.598998e-01,2.230775e-10
404600,2.176182e-05,6.289166e-01,2.504564e-10
404700,2.175602e-05,6.289045e-01,2.503326e-10
404800,1.830203e-05,5.291900e-01,2.105417e-10
404900,2.068374e-05,5.982034e-01,2.378861e-10
405000,1.829229e-05,5.291698e-01,2.103338e-10
405100,2.173288e-05,6.288564e-01,2.498385e-10
405200,1.854753e-05,5.368184e-01,2.131715e-10
405300,2.013196e-05,5.828202e-01,2.313292e-10
405400,2.039143e-05,5.904776e-01,2.342574e-10
405500,1.985651e-05,5.751296e-01,2.280602e-10
405600,1.614567e-05,4.677631e-01,1.853975e-10
405700,1.719983e-05,4.984266e-01,1.974574e-10
405800,1.587255e-05,4.600773e-01,1.821785e-10
405900,2.142226e-05,6.210925e-01,2.458198e-10
406000,1.877255e-05,5.444040e-01,2.153656e-10
406100,2.193956e-05,6.364039e-01,2.516414e-10
406200,2.140521e-05,6.210570e-01,2.454569e-10
406300,2.087115e-05,6.057107e-01,2.392784e-10
406400,1.769616e-05,5.136942e-01,2.028324e-10
406500,1.874768e-05,5.443522e-01,2.148361e-10
406600,2.032660e-05,5.903425e-01,2.328767e-10
406700,2.058513e-05,5.979979e-01,2.357850e-10
406800,1.767741e-05,5.136551e-01,2.024337e-10
406900,2.215686e-05,6.439732e-01,2.536728e-10
407000,1.925027e-05,5.596328e-01,2.203454e-10
407100,2.135423e-05,6.209506e-01,2.443728e-10
407200,1.871295e-05,5.442797e-01,2.140981e-10
407300,1.818102e-05,5.289378e-01,2.079650e-10
407400,1.922990e-05,5.595902e-01,2.199130e-10
407500,2.133165e-05,6.209034e-01,2.438933e-10
407600,2.000959e-05,5.825649e-01,2.287258e-10
407700,1.974109e-05,5.748887e-01,2.256056e-10
407800,2.184103e-05,6.361981e-01,2.495477e-10
407900,2.209834e-05,6.438509e-01,2.524305e-10
408000,1.788441e-05,5.212027e-01,2.042484e-10
408100,1.998318e-05,5.825096e-01,2.281657e-10
408200,1.971504e-05,5.748341e-01,2.250532e-10
408300,2.049823e-05,5.978162e-01,2.339407e-10
408400,1.944191e-05,5.671482e-01,2.218351e-10
408500,2.206337e-05,6.437776e-01,2.516895e-10
408600,1.995683e-05,5.824544e-01,2.276077e-10
408700,2.205174e-05,6.437532e-01,2.514433e-10
408800,1.915896e-05,5.594416e-01,2.184093e-10
408900,1.862915e-05,5.441042e-01,2.123216e-10
409000,1.652573e-05,4.827875e-01,1.883059e-10
409100,1.966831e-05,5.747362e-01,2.240641e-10
409200,2.097401e-05,6.130403e-01,2.388849e-10
409300,1.992006e-05,5.823773e-01,2.268298e-10
409400,2.017686e-05,5.900290e-01,2.297021e-10
409500,1.990958e-05,5.823553e-01,2.266083e-10
409600,1.754725e-05,5.133825e-01,1.996756e-10
409700,2.068460e-05,6.053201e-01,2.353234e-10
409800,1.989388e-05,5.823223e-01,2.262766e-10
409900,2.302896e-05,6.742552e-01,2.618767e-10
410000,1.857530e-05,5.439911e-01,2.111838e-10
410100,2.040131e-05,5.976127e-01,2.318916e-10
410200,2.301082e-05,6.742170e-01,2.614938e-10
410300,2.012918e-05,5.899287e-01,2.286955e-10
410400,1.751040e-05,5.133049e-01,1.988979e-10
410500,1.828965e-05,5.362786e-01,2.077025e-10
410600,1.932970e-05,5.669125e-01,2.194643e-10
410700,1.984692e-05,5.822234e-01,2.252860e-10
410800,1.879741e-05,5.515697e-01,2.133249e-10
410900,1.853147e-05,5.438988e-01,2.102597e-10
411000,1.983131e-05,5.821906e-01,2.249572e-10
411100,2.034785e-05,5.975001e-01,2.307648e-10
411200,1.721290e-05,5.055675e-01,1.951676e-10
411300,1.929426e-05,5.668378e-01,2.187179e-10
411400,1.850721e-05,5.438476e-01,2.097489e-10
411500,2.189012e-05,6.434133e-01,2.480331e-10
411600,1.953964e-05,5.744653e-01,2.213505e-10
411700,2.083683e-05,6.127515e-01,2.359925e-10
411800,2.109177e-05,6.203992e-01,2.388264e-10
411900,2.238787e-05,6.586831e-01,2.534457e-10
412000,1.769741e-05,5.208094e-01,2.003016e-10
412100,1.899372e-05,5.590937e-01,2.149253e-10
412200,1.794828e-05,5.284485e-01,2.030501e-10
412300,2.106421e-05,6.203410e-01,2.382475e-10
412400,1.715895e-05,5.054536e-01,1.940335e-10
412500,2.105321e-05,6.203177e-01,2.380165e-10
412600,2.026817e-05,5.973318e-01,2.290900e-10
412700,1.688573e-05,4.977672e-01,1.908158e-10
412800,1.688132e-05,4.977579e-01,1.907234e-10
412900,1.505940e-05,4.441448e-01,1.701015e-10
413000,1.531505e-05,4.517941e-01,1.729505e-10
413100,2.076076e-05,6.125906e-01,2.343957e-10
413200,1.997702e-05,5.896074e-01,2.254967e-10
413300,1.815619e-05,5.359967e-01,2.048978e-10
413400,2.178175e-05,6.431841e-01,2.457584e-10
413500,2.125760e-05,6.278584e-01,2.397910e-10
413600,2.021538e-05,5.972200e-01,2.279836e-10
413700,1.839638e-05,5.436132e-01,2.074232e-10
413800,2.227714e-05,6.584487e-01,2.511236e-10
413900,2.201238e-05,6.507802e-01,2.480836e-10
414000,1.501630e-05,4.440535e-01,1.691988e-10
414100,1.837724e-05,5.435726e-01,2.070227e-10
414200,2.044260e-05,6.048089e-01,2.302379e-10
414300,2.224818e-05,6.583872e-01,2.505178e-10
414400,1.836291e-05,5.435421e-01,2.067230e-10
414500,1.913383e-05,5.664981e-01,2.153539e-10
414600,2.042135e-05,6.047637e-01,2.297939e-10
414700,2.041605e-05,6.047525e-01,2.296831e-10
414800,1.705201e-05,5.052268e-01,1.917946e-10
414900,2.195523e-05,6.506588e-01,2.468892e-10
415000,2.040015e-05,6.047187e-01,2.293511e-10
415100,2.091118e-05,6.200164e-01,2.350442e-10
415200,1.832480e-05,5.434611e-01,2.059272e-10
415300,1.961019e-05,5.817222e-01,2.203229e-10
415400,1.831529e-05,5.434409e-01,2.057289e-10
415500,1.805265e-05,5.357768e-01,2.027337e-10
415600,1.753231e-05,5.204592e-01,1.968466e-10
415700,2.010538e-05,5.969862e-01,2.256860e-10
415800,1.932709e-05,5.740145e-01,2.169014e-10
415900,2.086785e-05,6.199242e-01,2.341408e-10
416000,1.725659e-05,5.127673e-01,1.935790e-10
416100,1.956957e-05,5.816356e-01,2.194766e-10
416200,1.750509e-05,5.204012e-01,1.962794e-10
416300,2.084625e-05,6.198781e-01,2.336911e-10
416400,1.929709e-05,5.739506e-01,2.162767e-10
416500,2.083547e-05,6.198551e-01,2.334667e-10
416600,2.083008e-05,6.198436e-01,2.333547e-10
416700,2.159598e-05,6.427889e-01,2.418813e-10
416800,1.850605e-05,5.509517e-01,2.072274e-10
416900,1.721646e-05,5.126816e-01,1.927441e-10
417000,1.823960e-05,5.432794e-01,2.041532e-10
417100,2.208733e-05,6.580446e-01,2.471656e-10
417200,1.951399e-05,5.815170e-01,2.183207e-10
417300,1.950896e-05,5.815062e-01,2.182161e-10
417400,1.976055e-05,5.891467e-01,2.209815e-10
417500,2.078171e-05,6.197403e-01,2.323497e-10
417600,1.744187e-05,5.202661e-01,1.949656e-10
417700,1.871953e-05,5.585107e-01,2.092011e-10
417800,1.922744e-05,5.738017e-01,2.148297e-10
417900,2.460478e-05,7.344526e-01,2.748505e-10
418000,1.921753e-05,5.737805e-01,2.146242e-10
418100,1.895641e-05,5.661196e-01,2.116613e-10
418200,2.074424e-05,6.196600e-01,2.315725e-10
418300,2.176304e-05,6.502485e-01,2.428920e-10
418400,1.791789e-05,5.354889e-01,1.999331e-10
418500,1.893689e-05,5.660778e-01,2.112568e-10
418600,1.714115e-05,5.125205e-01,1.911817e-10
418700,1.943869e-05,5.813558e-01,2.167593e-10
418800,1.968940e-05,5.889943e-01,2.195065e-10
418900,1.993998e-05,5.966326e-01,2.222511e-10
419000,1.993485e-05,5.966216e-01,2.221450e-10
419100,2.120727e-05,6.348549e-01,2.362723e-10
419200,1.839194e-05,5.507073e-01,2.048613e-10
419300,1.813184e-05,5.430486e-01,2.019197e-10
419400,2.042499e-05,6.118745e-01,2.274066e-10
419500,2.144074e-05,6.424564e-01,2.386631e-10
419600,1.760751e-05,5.277223e-01,1.959513e-10
419700,2.066438e-05,6.194887e-01,2.299202e-10
419800,2.065908e-05,6.194773e-01,2.298107e-10
419900,2.243868e-05,6.730000e-01,2.495519e-10
420000,1.656977e-05,4.970931e-01,1.842404e-10
420100,1.580096e-05,4.741416e-01,1.756533e-10
420200,2.140226e-05,6.423736e-01,2.378686e-10
420300,1.961371e-05,5.888317e-01,2.179425e-10
420400,1.884471e-05,5.658798e-01,2.093516e-10
420500,1.960366e-05,5.888101e-01,2.177352e-10
420600,1.985317e-05,5.964460e-01,2.204581e-10
420700,2.035701e-05,6.117282e-01,2.260034e-10
420800,1.907981e-05,5.734847e-01,2.117775e-10
420900,1.907493e-05,5.734742e-01,2.116769e-10
421000,1.907005e-05,5.734637e-01,2.115763e-10
421100,1.982778e-05,5.963913e-01,2.199349e-10
421200,1.778961e-05,5.352131e-01,1.972838e-10
421300,2.057986e-05,6.193067e-01,2.281771e-10
421400,1.905055e-05,5.734216e-01,2.111749e-10
421500,2.133117e-05,6.422204e-01,2.364036e-10
421600,1.726367e-05,5.198832e-01,1.912836e-10
421700,2.055883e-05,6.192613e-01,2.277445e-10
421800,1.877734e-05,5.657345e-01,2.079642e-10
421900,1.902623e-05,5.733691e-01,2.106746e-10
422000,2.054309e-05,6.192273e-01,2.274208e-10
422100,2.003074e-05,6.039267e-01,2.217004e-10
422200,2.027911e-05,6.115602e-01,2.244004e-10
422300,2.027394e-05,6.115490e-01,2.242941e-10
422400,1.646838e-05,4.968745e-01,1.821527e-10
422500,1.899713e-05,5.733062e-01,2.100767e-10
422600,1.747290e-05,5.274321e-01,1.931791e-10
422700,1.949378e-05,5.885729e-01,2.154747e-10
422800,1.898261e-05,5.732748e-01,2.097787e-10
422900,2.024296e-05,6.114820e-01,2.236581e-10
423000,1.897294e-05,5.732539e-01,2.095803e-10
423100,2.225592e-05,6.726056e-01,2.457914e-10
423200,1.744622e-05,5.273743e-01,1.926317e-10
423300,2.072791e-05,6.267233e-01,2.288165e-10
423400,1.920635e-05,5.808549e-01,2.119737e-10
423500,1.920146e-05,5.808443e-01,2.118736e-10
423600,1.995434e-05,6.037614e-01,2.201330e-10
423700,1.515134e-05,4.585446e-01,1.671107e-10
423800,1.792453e-05,5.426012e-01,1.976544e-10
423900,2.195828e-05,6.648654e-01,2.420820e-10
424000,1.791542e-05,5.425814e-01,1.974680e-10
424100,1.917220e-05,5.807808e-01,2.112745e-10
424200,1.664532e-05,5.043531e-01,1.833887e-10
424300,2.067530e-05,6.266091e-01,2.277392e-10
424400,1.764516e-05,5.349005e-01,1.943199e-10
424500,1.915274e-05,5.807386e-01,2.108765e-10
424600,2.015567e-05,6.112927e-01,2.218707e-10
424700,2.241749e-05,6.800507e-01,2.467150e-10
424800,1.813090e-05,5.501434e-01,1.994957e-10
424900,1.888157e-05,5.730556e-01,2.077102e-10
425000,1.736664e-05,5.272016e-01,1.910035e-10
425100,1.912363e-05,5.806753e-01,2.102817e-10
425200,1.786097e-05,5.424631e-01,1.963549e-10
425300,1.886244e-05,5.730140e-01,2.073197e-10
425400,2.061771e-05,6.264840e-01,2.265629e-10
425500,1.910426e-05,5.806331e-01,2.098865e-10
425600,1.683765e-05,5.118647e-01,1.849446e-10
425700,1.859211e-05,5.653328e-01,2.041712e-10
425800,1.507087e-05,4.583697e-01,1.654664e-10
425900,2.034053e-05,6.187878e-01,2.232748e-10
426000,1.857800e-05,5.653021e-01,2.038837e-10
426100,2.108321e-05,6.416827e-01,2.313269e-10
426200,1.831769e-05,5.576427e-01,2.009398e-10
426300,2.006910e-05,6.111042e-01,2.201047e-10
426400,1.780683e-05,5.423452e-01,1.952513e-10
426500,1.604717e-05,4.888657e-01,1.759187e-10
426600,1.905121e-05,5.805175e-01,2.088055e-10
426700,2.105128e-05,6.416130e-01,2.306768e-10
426800,1.703721e-05,5.193916e-01,1.866509e-10
426900,1.703291e-05,5.193822e-01,1.865635e-10
427000,1.853114e-05,5.651999e-01,2.029299e-10
427100,2.128040e-05,6.492043e-01,2.329860e-10
427200,1.651944e-05,5.040790e-01,1.808221e-10
427300,1.926782e-05,5.880815e-01,2.108604e-10
427400,1.876263e-05,5.727963e-01,2.052874e-10
427500,2.100885e-05,6.415203e-01,2.298143e-10
427600,1.850314e-05,5.651387e-01,2.023608e-10
427700,2.099827e-05,6.414972e-01,2.295994e-10
427800,1.924357e-05,5.880285e-01,2.103678e-10
427900,2.173726e-05,6.643838e-01,2.375772e-10
428000,1.848451e-05,5.650979e-01,2.019827e-10
428100,1.773068e-05,5.421788e-01,1.937037e-10
428200,1.847521e-05,5.650775e-01,2.017941e-10
428300,1.822096e-05,5.574313e-01,1.989742e-10
428400,1.896500e-05,5.803290e-01,2.070545e-10
428500,1.871076e-05,5.726828e-01,2.042347e-10
428600,2.020254e-05,6.184863e-01,2.204706e-10
428700,2.119487e-05,6.490172e-01,2.312501e-10
428800,1.545590e-05,4.733922e-01,1.685979e-10
428900,1.520280e-05,4.657485e-01,1.658012e-10
429000,1.445149e-05,4.428349e-01,1.575736e-10
429100,1.718797e-05,5.268113e-01,1.873709e-10
429200,1.668558e-05,5.115323e-01,1.818551e-10
429300,1.842423e-05,5.649658e-01,2.007613e-10
429400,1.866852e-05,5.725902e-01,2.033795e-10
429500,2.214775e-05,6.794615e-01,2.412313e-10
429600,1.691764e-05,5.191298e-01,1.842258e-10
429700,1.765958e-05,5.420228e-01,1.922639e-10
429800,1.889847e-05,5.801830e-01,2.057078e-10
429900,2.162836e-05,6.641450e-01,2.353718e-10
430000,1.839192e-05,5.648948e-01,2.001082e-10
430100,1.938123e-05,5.954190e-01,2.108268e-10
430200,2.012162e-05,6.183086e-01,2.188337e-10
430300,2.036494e-05,6.259309e-01,2.214324e-10
430400,1.638719e-05,5.037890e-01,1.781433e-10
430500,1.787246e-05,5.495781e-01,1.942478e-10
430600,1.613082e-05,4.961381e-01,1.752812e-10
430700,1.984836e-05,6.106205e-01,2.156305e-10
430800,1.761101e-05,5.419160e-01,1.912833e-10
430900,2.008641e-05,6.182312e-01,2.181233e-10
431000,1.859388e-05,5.724260e-01,2.018723e-10
431100,2.032423e-05,6.258413e-01,2.206113e-10
431200,1.932798e-05,5.953018e-01,2.097525e-10
431300,1.932315e-05,5.952911e-01,2.096552e-10
431400,1.535559e-05,4.731717e-01,1.665718e-10
431500,1.584698e-05,4.884266e-01,1.718654e-10
431600,1.534793e-05,4.731548e-01,1.664174e-10
431700,2.004633e-05,6.181428e-01,2.173156e-10
431800,2.053617e-05,6.333943e-01,2.225783e-10
431900,1.904688e-05,5.875962e-01,2.063927e-10
432000,2.126783e-05,6.562646e-01,2.304098e-10
432100,1.928462e-05,5.952061e-01,2.088796e-10
432200,1.754958e-05,5.417805e-01,1.900460e-10
432300,2.026348e-05,6.257072e-01,2.193883e-10
432400,1.655262e-05,5.112395e-01,1.791734e-10
432500,2.025338e-05,6.256849e-01,2.191854e-10
432600,1.753210e-05,5.417419e-01,1.896948e-10
432700,1.950269e-05,6.027725e-01,2.109713e-10
432800,1.851061e-05,5.722422e-01,2.001966e-10
432900,1.751901e-05,5.417130e-01,1.894319e-10
433000,1.899477e-05,5.874811e-01,2.053454e-10
433100,1.923667e-05,5.951001e-01,2.079162e-10
433200,1.824564e-05,5.645721e-01,1.971627e-10
433300,1.898060e-05,5.874497e-01,2.050611e-10
433400,1.996165e-05,6.179556e-01,2.156141e-10
433500,1.995669e-05,6.179446e-01,2.155147e-10
433600,1.699592e-05,5.263879e-01,1.835019e-10
433700,1.748421e-05,5.416359e-01,1.887337e-10
433800,1.747987e-05,5.416263e-01,1.886467e-10
433900,2.067528e-05,6.407859e-01,2.230848e-10
434000,1.894763e-05,5.873767e-01,2.044002e-10
434100,2.066502e-05,6.407632e-01,2.228793e-10
434200,1.770848e-05,5.492158e-01,1.909514e-10
434300,2.090066e-05,6.483683e-01,2.253249e-10
434400,1.450392e-05,4.500359e-01,1.563300e-10
434500,1.720377e-05,5.339314e-01,1.853909e-10
434600,1.867375e-05,5.796867e-01,2.011890e-10
434700,1.817784e-05,5.644218e-01,1.958044e-10
434800,1.915568e-05,5.949205e-01,2.062935e-10
434900,1.865988e-05,5.796559e-01,2.009115e-10
435000,1.890073e-05,5.872725e-01,2.034615e-10
435100,1.766903e-05,5.491282e-01,1.901623e-10
435200,1.668329e-05,5.186119e-01,1.795152e-10
435300,1.986782e-05,6.177474e-01,2.137360e-10
435400,1.667504e-05,5.185936e-01,1.793503e-10
435500,2.010316e-05,6.253518e-01,2.161760e-10
435600,1.691189e-05,5.262014e-01,1.818207e-10
435700,2.254361e-05,7.015894e-01,2.423163e-10
435800,1.886336e-05,5.871894e-01,2.027152e-10
435900,2.106296e-05,6.558104e-01,2.263053e-10
436000,1.738489e-05,5.414153e-01,1.867477e-10
436100,1.811499e-05,5.642820e-01,1.945492e-10
436200,1.884473e-05,5.871480e-01,2.023436e-10
436300,1.957411e-05,6.100131e-01,2.101307e-10
436400,1.956928e-05,6.100023e-01,2.100344e-10
436500,1.980900e-05,6.176165e-01,2.125624e-10
436600,1.858164e-05,5.794818e-01,1.993500e-10
436700,1.955480e-05,6.099700e-01,2.097460e-10
436800,1.612873e-05,5.032164e-01,1.729612e-10
436900,2.247693e-05,7.014408e-01,2.409871e-10
437000,1.758631e-05,5.489440e-01,1.885123e-10
437100,1.929133e-05,6.023030e-01,2.067452e-10
437200,1.953071e-05,6.099163e-01,2.092665e-10
437300,1.976998e-05,6.175294e-01,2.117854e-10
437400,1.927708e-05,6.022711e-01,2.064617e-10
437500,1.951629e-05,6.098841e-01,2.089796e-10
437600,1.902370e-05,5.946265e-01,2.036620e-10
437700,1.706835e-05,5.336298e-01,1.826901e-10
437800,1.730793e-05,5.412436e-01,1.852153e-10
437900,1.657253e-05,5.183650e-01,1.773083e-10
438000,1.876134e-05,5.869618e-01,2.006839e-10
438100,1.875672e-05,5.869515e-01,2.005923e-10
438200,1.802151e-05,5.640734e-01,1.926890e-10
438300,2.045183e-05,6.402882e-01,2.186283e-10
438400,1.728242e-05,5.411865e-01,1.847087e-10
438500,1.873830e-05,5.869103e-01,2.002265e-10
438600,1.873370e-05,5.869000e-01,2.001352e-10
438700,2.116145e-05,6.631091e-01,2.260237e-10
438800,1.653592e-05,5.182831e-01,1.765817e-10
438900,1.993549e-05,6.249775e-01,2.128397e-10
439000,1.798615e-05,5.639942e-01,1.919874e-10
439100,2.114069e-05,6.630626e-01,2.256121e-10
439200,1.506208e-05,4.725191e-01,1.607078e-10
439300,1.505839e-05,4.725108e-01,1.606347e-10
439400,1.893978e-05,5.944387e-01,2.019968e-10
439500,2.136273e-05,6.706370e-01,2.277901e-10
439600,1.868781e-05,5.867971e-01,1.992257e-10
439700,2.110962e-05,6.629929e-01,2.249968e-10
439800,2.037671e-05,6.401199e-01,2.171395e-10
439900,2.109929e-05,6.629697e-01,2.247922e-10
440000,1.745720e-05,5.486550e-01,1.859504e-10
440100,1.818014e-05,5.715056e-01,1.936103e-10
440200,1.720632e-05,5.410159e-01,1.832012e-10
440300,1.962494e-05,6.172045e-01,2.089092e-10
440400,1.671346e-05,5.257576e-01,1.778789e-10
440500,2.106834e-05,6.629002e-01,2.241803e-10
440600,1.743160e-05,5.485975e-01,1.854443e-10
440700,1.766939e-05,5.562072e-01,1.879346e-10
440800,1.669712e-05,5.257209e-01,1.775562e-10
440900,1.741883e-05,5.485687e-01,1.851920e-10
441000,1.910766e-05,6.018913e-01,2.031047e-10
441100,1.934481e-05,6.094996e-01,2.055824e-10
441200,1.861483e-05,5.866331e-01,1.977833e-10
441300,2.006044e-05,6.323337e-01,2.130984e-10
441400,1.812248e-05,5.713759e-01,1.924716e-10
441500,2.005065e-05,6.323117e-01,2.129054e-10
441600,1.618152e-05,5.104114e-01,1.717856e-10
441700,1.810923e-05,5.713461e-01,1.922102e-10
441800,1.641503e-05,5.180114e-01,1.741917e-10
441900,1.810040e-05,5.713262e-01,1.920363e-10
442000,1.785471e-05,5.636987e-01,1.893901e-10
442100,2.002135e-05,6.322456e-01,2.123279e-10
442200,1.784601e-05,5.636791e-01,1.892188e-10
442300,2.049381e-05,6.474579e-01,2.172476e-10
442400,1.639106e-05,5.179573e-01,1.737195e-10
442500,1.807397e-05,5.712665e-01,1.915158e-10
442600,1.806957e-05,5.712566e-01,1.914293e-10
442700,1.734257e-05,5.483968e-01,1.836891e-10
442800,1.878321e-05,5.940862e-01,1.989067e-10
442900,1.757489e-05,5.559941e-01,1.860722e-10
443000,1.925547e-05,6.092981e-01,2.038227e-10
443100,1.901015e-05,6.016714e-01,2.011841e-10
443200,1.563747e-05,4.950375e-01,1.654565e-10
443300,1.779833e-05,5.635714e-01,1.882809e-10
443400,1.611079e-05,5.102517e-01,1.703937e-10
443500,2.019370e-05,6.397075e-01,2.135315e-10
443600,1.706434e-05,5.406957e-01,1.804036e-10
443700,1.802133e-05,5.711476e-01,1.904813e-10
443800,1.873764e-05,5.939832e-01,1.980113e-10
443900,2.065444e-05,6.548932e-01,2.182218e-10
444000,1.872855e-05,5.939626e-01,1.978330e-10
444100,1.824391e-05,5.787228e-01,1.926735e-10
444200,1.823948e-05,5.787127e-01,1.925868e-10
444300,1.775519e-05,5.634737e-01,1.874343e-10
444400,1.799077e-05,5.710783e-01,1.898817e-10
444500,1.894568e-05,6.015254e-01,1.999188e-10
444600,1.942062e-05,6.167433e-01,2.048878e-10
444700,1.989532e-05,6.319606e-01,2.098524e-10
444800,1.581654e-05,5.025142e-01,1.667955e-10
444900,1.796899e-05,5.710290e-01,1.894552e-10
445000,1.820417e-05,5.786327e-01,1.918950e-10
445100,1.963659e-05,6.243034e-01,2.069515e-10
445200,1.699830e-05,5.405461e-01,1.791093e-10
445300,1.795161e-05,5.709895e-01,1.891150e-10
445400,1.794727e-05,5.709796e-01,1.890300e-10
445500,2.009609e-05,6.394862e-01,2.116186e-10
445600,1.626433e-05,5.176703e-01,1.712334e-10
445700,1.602128e-05,5.100487e-01,1.686396e-10
445800,1.864713e-05,5.937778e-01,1.962386e-10
445900,2.103271e-05,6.698917e-01,2.212981e-10
446000,1.816022e-05,5.785328e-01,1.910354e-10
446100,1.887252e-05,6.013593e-01,1.984873e-10
446200,2.006214e-05,6.394090e-01,2.109552e-10
446300,1.862463e-05,5.937267e-01,1.957992e-10
446400,1.599422e-05,5.099872e-01,1.681111e-10
446500,1.837699e-05,5.860946e-01,1.931158e-10
446600,1.765674e-05,5.632501e-01,1.855087e-10
446700,1.836813e-05,5.860744e-01,1.929429e-10
446800,1.693276e-05,5.403970e-01,1.778288e-10
446900,2.002830e-05,6.393319e-01,2.102948e-10
447000,1.859323e-05,5.936552e-01,1.951864e-10
447100,1.930370e-05,6.164775e-01,2.026029e-10
447200,1.715471e-05,5.479705e-01,1.800109e-10
447300,1.738879e-05,5.555717e-01,1.824295e-10
447400,1.952791e-05,6.240561e-01,2.048292e-10
447500,1.642807e-05,5.251114e-01,1.722793e-10
447600,1.809033e-05,5.783736e-01,1.896721e-10
447700,1.737206e-05,5.555335e-01,1.821037e-10
447800,1.784371e-05,5.707438e-01,1.870093e-10
447900,1.902872e-05,6.087830e-01,1.993875e-10
448000,1.545711e-05,4.946277e-01,1.619300e-10
448100,1.878183e-05,6.011526e-01,1.967194e-10
448200,1.616275e-05,5.174389e-01,1.692525e-10
448300,1.853517e-05,5.935227e-01,1.940560e-10
448400,1.686771e-05,5.402486e-01,1.765620e-10
448500,1.805124e-05,5.782843e-01,1.889116e-10
448600,1.614723e-05,5.174034e-01,1.689508e-10
448700,2.041660e-05,6.543520e-01,2.135779e-10
448800,1.875028e-05,6.010805e-01,1.961062e-10
448900,1.613561e-05,5.173769e-01,1.687251e-10
449000,1.542005e-05,4.945429e-01,1.612095e-10
449100,1.683940e-05,5.401838e-01,1.760120e-10
449200,2.015501e-05,6.466879e-01,2.106248e-10
449300,1.659426e-05,5.325574e-01,1.733785e-10
449400,1.753831e-05,5.629796e-01,1.832043e-10
449500,1.800800e-05,5.781854e-01,1.880720e-10
449600,1.279209e-05,4.108089e-01,1.335707e-10
449700,2.036771e-05,6.542400e-01,2.126291e-10
449800,1.728473e-05,5.553338e-01,1.804072e-10
449900,2.012124e-05,6.466105e-01,2.099699e-10
450000,1.798645e-05,5.781360e-01,1.876543e-10
450100,1.869197e-05,6.009469e-01,1.949751e-10
450200,1.916060e-05,6.161502e-01,1.998223e-10
450300,2.128447e-05,6.845997e-01,2.219262e-10
450400,1.938788e-05,6.237357e-01,2.021097e-10
450500,1.843772e-05,5.932995e-01,1.921653e-10
450600,1.890596e-05,6.085019e-01,1.970052e-10
450700,1.984652e-05,6.389161e-01,2.067636e-10
450800,1.889693e-05,6.084812e-01,1.968304e-10
450900,1.912857e-05,6.160767e-01,1.992024e-10
451000,2.030450e-05,6.540950e-01,2.114051e-10
451100,1.959153e-05,6.312670e-01,2.039400e-10
451200,1.533910e-05,4.943573e-01,1.596413e-10
451300,1.627916e-05,5.247703e-01,1.693903e-10
451400,1.627528e-05,5.247614e-01,1.693152e-10
451500,1.862957e-05,6.008036e-01,1.937678e-10
451600,1.603175e-05,5.171386e-01,1.667136e-10
451700,1.909210e-05,6.159928e-01,1.984974e-10
451800,1.861625e-05,6.007729e-01,1.935105e-10
451900,1.908300e-05,6.159719e-01,1.983217e-10
452000,1.813631e-05,5.855436e-01,1.884447e-10
452100,1.577718e-05,5.094903e-01,1.638988e-10
452200,1.954021e-05,6.311489e-01,2.029490e-10
452300,1.765262e-05,5.703056e-01,1.833066e-10
452400,1.670717e-05,5.398801e-01,1.734535e-10
452500,1.811473e-05,5.854939e-01,1.880284e-10
452600,1.881602e-05,6.082950e-01,1.952679e-10
452700,1.904669e-05,6.158882e-01,1.976214e-10
452800,1.598601e-05,5.170332e-01,1.658311e-10
452900,1.880260e-05,6.082640e-01,1.950093e-10
453000,1.668334e-05,5.398252e-01,1.729944e-10
453100,1.996826e-05,6.462586e-01,2.070145e-10
453200,1.667541e-05,5.398069e-01,1.728417e-10
453300,1.878473e-05,6.082228e-01,1.946653e-10
453400,1.690224e-05,5.473913e-01,1.751215e-10
453500,1.971460e-05,6.386123e-01,2.042183e-10
453600,1.665958e-05,5.397703e-01,1.725370e-10
453700,1.665562e-05,5.397612e-01,1.724610e-10
453800,1.735526e-05,5.625585e-01,1.796688e-10
453900,1.735115e-05,5.625490e-01,1.795897e-10
454000,1.805029e-05,5.853451e-01,1.867880e-10
454100,1.828037e-05,5.929370e-01,1.891305e-10
454200,1.757311e-05,5.701221e-01,1.817762e-10
454300,2.037998e-05,6.613304e-01,2.107676e-10
454400,1.569121e-05,5.092918e-01,1.622438e-10
454500,1.545335e-05,5.016820e-01,1.597519e-10
454600,1.498152e-05,4.864713e-01,1.548428e-10
454700,1.521200e-05,4.940641e-01,1.571931e-10
454800,1.848405e-05,6.004677e-01,1.909661e-10
454900,1.847968e-05,6.004576e-01,1.908821e-10
455000,1.496734e-05,4.864384e-01,1.545707e-10
455100,1.776951e-05,5.776359e-01,1.834721e-10
455200,1.542776e-05,5.016227e-01,1.592610e-10
455300,1.752740e-05,5.700162e-01,1.808989e-10
455400,1.495318e-05,4.864056e-01,1.542993e-10
455500,1.728553e-05,5.623970e-01,1.783302e-10
455600,1.844911e-05,6.003867e-01,1.902960e-10
455700,1.727736e-05,5.623781e-01,1.781737e-10
455800,1.867382e-05,6.079661e-01,1.925357e-10
455900,2.100308e-05,6.839503e-01,2.165077e-10
456000,1.656518e-05,5.395517e-01,1.707256e-10
456100,1.866059e-05,6.079354e-01,1.922825e-10
456200,1.655737e-05,5.395336e-01,1.705759e-10
456300,1.958437e-05,6.383107e-01,2.017197e-10
456400,1.748192e-05,5.699107e-01,1.800280e-10
456500,1.817691e-05,5.926971e-01,1.871471e-10
456600,1.817262e-05,5.926872e-01,1.870651e-10
456700,2.049761e-05,6.686615e-01,2.109554e-10
456800,1.886267e-05,6.154621e-01,1.940899e-10
456900,1.839259e-05,6.002555e-01,1.892147e-10
457000,1.745721e-05,5.698532e-01,1.795556e-10
457100,1.815122e-05,5.926374e-01,1.866561e-10
457200,1.837960e-05,6.002252e-01,1.889664e-10
457300,1.884047e-05,6.154105e-01,1.936657e-10
457400,1.953367e-05,6.381927e-01,2.007507e-10
457500,1.836662e-05,6.001950e-01,1.887187e-10
457600,1.696770e-05,5.546013e-01,1.743094e-10
457700,1.789322e-05,5.849806e-01,1.837803e-10
457800,1.719204e-05,5.621797e-01,1.765429e-10
457900,1.951070e-05,6.381393e-01,2.003125e-10
458000,1.811282e-05,5.925480e-01,1.859232e-10
458100,1.926937e-05,6.305212e-01,1.977550e-10
458200,1.810431e-05,5.925281e-01,1.857610e-10
458300,1.949237e-05,6.380965e-01,1.999630e-10
458400,1.577583e-05,5.165457e-01,1.618042e-10
458500,1.600407e-05,5.241332e-01,1.641120e-10
458600,1.808731e-05,5.924884e-01,1.854370e-10
458700,1.761939e-05,5.772868e-01,1.806035e-10
458800,1.668814e-05,5.468941e-01,1.710235e-10
458900,1.737940e-05,5.696718e-01,1.780718e-10
459000,1.969203e-05,6.456173e-01,2.017268e-10
459100,1.945580e-05,6.380111e-01,1.992667e-10
459200,1.713561e-05,5.620480e-01,1.754680e-10
459300,1.620556e-05,5.316582e-01,1.659110e-10
459400,1.573886e-05,5.164593e-01,1.611005e-10
459500,1.828056e-05,5.999942e-01,1.870794e-10
459600,1.619417e-05,5.316316e-01,1.656945e-10
459700,1.827200e-05,5.999742e-01,1.869167e-10
459800,1.572411e-05,5.164249e-01,1.608203e-10
459900,1.941936e-05,6.379260e-01,1.985740e-10
460000,1.340547e-05,4.404653e-01,1.370510e-10
460100,1.455770e-05,4.784285e-01,1.488011e-10
460200,1.455430e-05,4.784205e-01,1.487364e-10
460300,1.501283e-05,4.936003e-01,1.533915e-10
460400,1.708753e-05,5.619356e-01,1.745545e-10
460500,1.731439e-05,5.695198e-01,1.768365e-10
460600,1.731034e-05,5.695103e-01,1.767598e-10
460700,1.938305e-05,6.378409e-01,1.978850e-10
460800,1.522598e-05,5.011524e-01,1.554136e-10
460900,1.775950e-05,5.846681e-01,1.812372e-10
461000,1.614123e-05,5.315076e-01,1.646896e-10
461100,1.936495e-05,6.377985e-01,1.975418e-10
461200,1.590321e-05,5.238972e-01,1.621961e-10
461300,1.797335e-05,5.922218e-01,1.832727e-10
461400,1.727803e-05,5.694345e-01,1.761473e-10
461500,2.049848e-05,6.757178e-01,2.089376e-10
461600,1.542784e-05,5.086779e-01,1.572220e-10
461700,1.611488e-05,5.314457e-01,1.641906e-10
461800,1.703176e-05,5.618047e-01,1.734978e-10
461900,1.656758e-05,5.466118e-01,1.687355e-10
462000,1.656372e-05,5.466027e-01,1.686625e-10
462100,1.563987e-05,5.162273e-01,1.592234e-10
462200,1.908539e-05,6.300905e-01,1.942622e-10
462300,1.839127e-05,6.073061e-01,1.871596e-10
462400,1.470959e-05,4.858368e-01,1.496630e-10
462500,1.700401e-05,5.617395e-01,1.729730e-10
462600,1.539194e-05,5.085936e-01,1.565430e-10
462700,1.860383e-05,6.148567e-01,1.891716e-10
462800,1.584402e-05,5.237581e-01,1.610766e-10
462900,1.744733e-05,5.768834e-01,1.773410e-10
463000,1.698424e-05,5.616930e-01,1.725996e-10
463100,1.950439e-05,6.451772e-01,1.981707e-10
463200,1.697634e-05,5.616744e-01,1.724506e-10
463300,1.880725e-05,6.223856e-01,1.910114e-10
463400,1.605124e-05,5.312960e-01,1.629881e-10
463500,1.742301e-05,5.768262e-01,1.768822e-10
463600,1.627298e-05,5.388682e-01,1.651739e-10
463700,2.016465e-05,6.678819e-01,2.046343e-10
463800,1.809815e-05,5.995659e-01,1.836266e-10
463900,1.901010e-05,6.299132e-01,1.928410e-10
464000,1.557093e-05,5.160650e-01,1.579221e-10
464100,1.602518e-05,5.312346e-01,1.624968e-10
464200,1.602146e-05,5.312258e-01,1.624268e-10
464300,1.533127e-05,5.084506e-01,1.553987e-10
464400,1.212491e-05,4.022005e-01,1.228744e-10
464500,1.944110e-05,6.450280e-01,1.969779e-10
464600,1.783594e-05,5.918982e-01,1.806784e-10
464700,1.577429e-05,5.235937e-01,1.597621e-10
464800,1.462783e-05,4.856441e-01,1.481214e-10
464900,1.256788e-05,4.173435e-01,1.272371e-10
465000,1.553488e-05,5.159798e-01,1.572436e-10
465100,1.713009e-05,5.690860e-01,1.733559e-10
465200,1.529934e-05,5.083751e-01,1.547980e-10
465300,1.529580e-05,5.083668e-01,1.547315e-10
465400,1.825941e-05,6.069951e-01,1.846746e-10
465500,1.757062e-05,5.842232e-01,1.776730e-10
465600,1.756656e-05,5.842135e-01,1.775967e-10
465700,1.801867e-05,5.993781e-01,1.821313e-10
465800,1.550615e-05,5.159119e-01,1.567040e-10
465900,1.550257e-05,5.159034e-01,1.566367e-10
466000,1.504314e-05,5.007215e-01,1.519645e-10
466100,1.549541e-05,5.158864e-01,1.565023e-10
466200,1.458055e-05,4.855322e-01,1.472331e-10
466300,1.571602e-05,5.234558e-01,1.586676e-10
466400,1.343524e-05,4.475853e-01,1.356141e-10
466500,1.320447e-05,4.399919e-01,1.332584e-10
466600,1.479470e-05,4.930862e-01,1.492773e-10
466700,1.729443e-05,5.765221e-01,1.744649e-10
466800,1.774545e-05,5.916840e-01,1.789793e-10
466900,1.796881e-05,5.992599e-01,1.811963e-10
467000,1.932908e-05,6.447627e-01,1.948746e-10
467100,1.977932e-05,6.599228e-01,1.993745e-10
467200,1.500154e-05,5.006229e-01,1.511848e-10
467300,1.658879e-05,5.537102e-01,1.671480e-10
467400,1.590340e-05,5.309462e-01,1.602104e-10
467500,1.703543e-05,5.688617e-01,1.715805e-10
467600,1.612316e-05,5.385135e-01,1.623601e-10
467700,1.838979e-05,6.143505e-01,1.851485e-10
467800,1.702367e-05,5.688337e-01,1.713605e-10
467900,1.906212e-05,6.370833e-01,1.918418e-10
468000,1.474706e-05,4.929731e-01,1.483856e-10
468100,1.587779e-05,5.308854e-01,1.597316e-10
468200,1.836865e-05,6.143002e-01,1.847533e-10
468300,1.677738e-05,5.612033e-01,1.687149e-10
468400,1.632018e-05,5.460268e-01,1.640849e-10
468500,1.676967e-05,5.611850e-01,1.685709e-10
468600,1.767208e-05,5.915096e-01,1.776070e-10
468700,1.834756e-05,6.142500e-01,1.843593e-10
468800,1.494643e-05,5.004918e-01,1.501546e-10
468900,1.698068e-05,5.687314e-01,1.705575e-10
469000,1.448685e-05,4.853095e-01,1.454803e-10
469100,1.787810e-05,5.990442e-01,1.795007e-10
469200,1.561147e-05,5.232073e-01,1.567123e-10
469300,1.741750e-05,5.838594e-01,1.748073e-10
469400,1.786580e-05,5.990148e-01,1.792714e-10
469500,1.854000e-05,6.217521e-01,1.859999e-10
469600,1.559715e-05,5.231731e-01,1.564454e-10
469700,1.740153e-05,5.838214e-01,1.745097e-10
469800,1.559001e-05,5.231561e-01,1.563123e-10
469900,1.807123e-05,6.065479e-01,1.811545e-10
470000,1.693790e-05,5.686294e-01,1.697601e-10
470100,1.964346e-05,6.595993e-01,1.968379e-10
470200,1.851029e-05,6.216812e-01,1.854465e-10
470300,1.670058e-05,5.610202e-01,1.672830e-10
470400,1.466607e-05,4.927800e-01,1.468753e-10
470500,1.669294e-05,5.610020e-01,1.671408e-10
470600,1.736571e-05,5.837358e-01,1.738429e-10
470700,1.826364e-05,6.140497e-01,1.827960e-10
470800,1.510351e-05,5.079094e-01,1.511374e-10
470900,1.780454e-05,5.988685e-01,1.781311e-10
471000,1.667386e-05,5.609563e-01,1.667861e-10
471100,1.779641e-05,5.988491e-01,1.779799e-10
471200,1.576536e-05,5.306171e-01,1.576368e-10
471300,1.463592e-05,4.927079e-01,1.463149e-10
471400,1.755910e-05,5.912399e-01,1.755034e-10
471500,1.710496e-05,5.760705e-01,1.709308e-10
471600,1.597598e-05,5.381624e-01,1.596176e-10
471700,1.664723e-05,5.608926e-01,1.662915e-10
471800,1.776798e-05,5.987810e-01,1.774521e-10
471900,1.821365e-05,6.139301e-01,1.818675e-10
472000,1.528698e-05,5.153897e-01,1.526142e-10
472100,1.618253e-05,5.456979e-01,1.615230e-10
472200,1.595413e-05,5.381101e-01,1.592122e-10
472300,1.819704e-05,6.138903e-01,1.815596e-10
472400,1.549765e-05,5.229351e-01,1.545964e-10
472500,1.863786e-05,6.290277e-01,1.858851e-10
472600,2.065412e-05,6.972242e-01,2.059541e-10
472700,1.660932e-05,5.608017e-01,1.655886e-10
472800,1.436154e-05,4.850098e-01,1.431512e-10
472900,1.301219e-05,4.395330e-01,1.296759e-10
473000,1.413071e-05,4.774161e-01,1.407953e-10
473100,1.569721e-05,5.304537e-01,1.563731e-10
473200,1.636623e-05,5.531785e-01,1.630059e-10
473300,1.681079e-05,5.683249e-01,1.674011e-10
473400,1.523832e-05,5.152729e-01,1.517129e-10
473500,1.702719e-05,5.758839e-01,1.694898e-10
473600,1.299148e-05,4.394833e-01,1.292929e-10
473700,1.589975e-05,5.379795e-01,1.582055e-10
473800,1.567225e-05,5.303937e-01,1.559114e-10
473900,1.454950e-05,4.925005e-01,1.447138e-10
474000,1.745543e-05,5.909911e-01,1.735833e-10
474100,1.745147e-05,5.909815e-01,1.735101e-10
474200,1.521065e-05,5.152063e-01,1.512014e-10
474300,1.610174e-05,5.455038e-01,1.600281e-10
474400,1.207356e-05,4.091212e-01,1.199705e-10
474500,1.296496e-05,4.394194e-01,1.288029e-10
474600,1.430291e-05,4.848688e-01,1.420674e-10
474700,1.675743e-05,5.681965e-01,1.664151e-10
474800,1.586010e-05,5.378840e-01,1.574733e-10
474900,1.585651e-05,5.378753e-01,1.574070e-10
475000,1.786244e-05,6.060469e-01,1.772853e-10
475100,1.808162e-05,6.136126e-01,1.794258e-10
475200,1.406030e-05,4.772466e-01,1.394947e-10
475300,1.740404e-05,5.908672e-01,1.726351e-10
475400,1.650779e-05,5.605573e-01,1.637131e-10
475500,1.761919e-05,5.984232e-01,1.747013e-10
475600,1.538543e-05,5.226650e-01,1.525230e-10
475700,1.850292e-05,6.287029e-01,1.833926e-10
475800,1.671573e-05,5.680959e-01,1.656465e-10
475900,1.849455e-05,6.286827e-01,1.832385e-10
476000,1.537151e-05,5.226314e-01,1.522668e-10
476100,1.781801e-05,6.059397e-01,1.764671e-10
476200,1.536456e-05,5.226146e-01,1.521389e-10
476300,1.669684e-05,5.680502e-01,1.652990e-10
476400,1.647049e-05,5.604672e-01,1.630265e-10
476500,1.646677e-05,5.604582e-01,1.629581e-10
476600,1.779789e-05,6.058911e-01,1.760970e-10
476700,1.734903e-05,5.907343e-01,1.716225e-10
476800,1.445426e-05,4.922707e-01,1.429588e-10
476900,1.534029e-05,5.225559e-01,1.516926e-10
477000,1.578137e-05,5.376938e-01,1.560241e-10
477100,1.733337e-05,5.906964e-01,1.713349e-10
477200,1.466339e-05,4.998120e-01,1.449149e-10
477300,1.776979e-05,6.058231e-01,1.755808e-10
477400,1.621128e-05,5.528047e-01,1.601504e-10
477500,1.709572e-05,5.830860e-01,1.688550e-10
477600,1.576003e-05,5.376421e-01,1.556323e-10
477700,1.442494e-05,4.921997e-01,1.424206e-10
477800,1.641854e-05,5.603415e-01,1.620725e-10
477900,1.708031e-05,5.830487e-01,1.685725e-10
478000,1.552406e-05,5.300358e-01,1.531836e-10
478100,1.596401e-05,5.451709e-01,1.574944e-10
478200,1.618209e-05,5.527339e-01,1.596150e-10
478300,1.728656e-05,5.905830e-01,1.704762e-10
478400,1.573166e-05,5.375733e-01,1.551122e-10
478500,1.506355e-05,5.148507e-01,1.484961e-10
478600,1.284544e-05,4.391304e-01,1.266055e-10
478700,1.771386e-05,6.056874e-01,1.745553e-10
478800,1.571751e-05,5.375390e-01,1.548532e-10
478900,1.726325e-05,5.905263e-01,1.700493e-10
479000,1.548918e-05,5.299511e-01,1.525447e-10
479100,1.902528e-05,6.510724e-01,1.873338e-10
479200,1.503987e-05,5.147932e-01,1.480626e-10
479300,1.658436e-05,5.677776e-01,1.632362e-10
479400,1.658064e-05,5.677685e-01,1.631681e-10
479500,1.790307e-05,6.131802e-01,1.761480e-10
479600,1.657320e-05,5.677504e-01,1.630320e-10
479700,1.612763e-05,5.526016e-01,1.586183e-10
479800,1.501962e-05,5.147439e-01,1.476925e-10
479900,1.678287e-05,5.752929e-01,1.649993e-10
480000,1.435055e-05,4.920190e-01,1.410590e-10
480100,1.500952e-05,5.147194e-01,1.475080e-10
480200,1.544751e-05,5.298497e-01,1.517832e-10
480300,1.787097e-05,6.131021e-01,1.755617e-10
480400,1.367595e-05,4.692805e-01,1.343246e-10
480500,1.543713e-05,5.298244e-01,1.515937e-10
480600,1.344935e-05,4.616968e-01,1.320481e-10
480700,1.454849e-05,4.995329e-01,1.428123e-10
480800,1.564715e-05,5.373677e-01,1.535675e-10
480900,1.608431e-05,5.524960e-01,1.578277e-10
481000,1.519958e-05,5.222140e-01,1.491176e-10
481100,1.629735e-05,5.600467e-01,1.598568e-10
481200,1.431203e-05,4.919251e-01,1.403564e-10
481300,1.673033e-05,5.751648e-01,1.640408e-10
481400,1.738685e-05,5.978592e-01,1.704453e-10
481500,2.464420e-05,8.475844e-01,2.415435e-10
481600,1.561917e-05,5.372994e-01,1.530578e-10
481700,1.627550e-05,5.599933e-01,1.594588e-10
481800,1.561219e-05,5.372824e-01,1.529307e-10
481900,1.846663e-05,6.356480e-01,1.808570e-10
482000,1.538543e-05,5.296982e-01,1.506517e-10
482100,1.406353e-05,4.842878e-01,1.376815e-10
482200,1.735580e-05,5.977833e-01,1.698802e-10
482300,1.932873e-05,6.658747e-01,1.891551e-10
482400,1.690886e-05,5.826311e-01,1.654421e-10
482500,1.624645e-05,5.599223e-01,1.589304e-10
482600,1.492584e-05,5.145151e-01,1.459837e-10
482700,1.448362e-05,4.993744e-01,1.416313e-10
482800,1.711318e-05,5.901604e-01,1.673132e-10
482900,1.645132e-05,5.674529e-01,1.608114e-10
483000,1.666695e-05,5.750099e-01,1.628881e-10
483100,1.359369e-05,4.690796e-01,1.328274e-10
483200,1.271385e-05,4.388094e-01,1.242064e-10
483300,1.358764e-05,4.690647e-01,1.327175e-10
483400,1.336551e-05,4.614919e-01,1.305228e-10
483500,1.511500e-05,5.220072e-01,1.475795e-10
483600,1.467361e-05,5.068685e-01,1.432426e-10
483700,1.751683e-05,6.052066e-01,1.709652e-10
483800,1.619947e-05,5.598072e-01,1.580775e-10
483900,1.685245e-05,5.824929e-01,1.644180e-10
484000,1.487937e-05,5.144012e-01,1.451404e-10
484100,1.487607e-05,5.143931e-01,1.450804e-10
484200,1.662250e-05,5.749009e-01,1.620817e-10
484300,1.618146e-05,5.597631e-01,1.577512e-10
484400,1.486615e-05,5.143688e-01,1.449008e-10
484500,1.573713e-05,5.446172e-01,1.533610e-10
484600,1.485955e-05,5.143525e-01,1.447812e-10
484700,1.463777e-05,5.067805e-01,1.425932e-10
484800,1.201341e-05,4.160073e-01,1.170058e-10
484900,1.266588e-05,4.386917e-01,1.233371e-10
485000,1.244474e-05,4.311213e-01,1.211606e-10
485100,1.484306e-05,5.143120e-01,1.444829e-10
485200,1.265745e-05,4.386710e-01,1.231846e-10
485300,1.592739e-05,5.521117e-01,1.549788e-10
485400,1.199743e-05,4.159680e-01,1.167167e-10
485500,1.592033e-05,5.520943e-01,1.548511e-10
485600,1.395446e-05,4.840203e-01,1.357040e-10
485700,1.264342e-05,4.386365e-01,1.229311e-10
485800,1.351239e-05,4.688799e-01,1.313550e-10
485900,1.394518e-05,4.839975e-01,1.355365e-10
486000,1.394209e-05,4.839899e-01,1.354807e-10
486100,1.633477e-05,5.671667e-01,1.587011e-10
486200,1.567791e-05,5.444715e-01,1.522904e-10
486300,1.828685e-05,6.352067e-01,1.775991e-10
486400,1.392975e-05,4.839594e-01,1.352580e-10
486500,1.544990e-05,5.368841e-01,1.499901e-10
486600,1.501137e-05,5.217524e-01,1.457051e-10
486700,1.740064e-05,6.049208e-01,1.688641e-10
486800,1.500473e-05,5.217360e-01,1.455854e-10
486900,1.695812e-05,5.897793e-01,1.645073e-10
487000,1.565019e-05,5.444031e-01,1.517905e-10
487100,1.825452e-05,6.351270e-01,1.770162e-10
487200,1.477421e-05,5.141424e-01,1.432400e-10
487300,1.477094e-05,5.141343e-01,1.431812e-10
487400,1.585354e-05,5.519297e-01,1.536462e-10
487500,1.606716e-05,5.594816e-01,1.556870e-10
487600,1.410993e-05,4.914288e-01,1.366961e-10
487700,1.258762e-05,4.384989e-01,1.219249e-10
487800,1.475465e-05,5.140941e-01,1.428879e-10
487900,1.475139e-05,5.140860e-01,1.428293e-10
488000,1.453125e-05,5.065180e-01,1.406712e-10
488100,1.604591e-05,5.594291e-01,1.553045e-10
488200,1.170659e-05,4.082256e-01,1.132839e-10
488300,1.408816e-05,4.913750e-01,1.363044e-10
488400,1.278490e-05,4.460103e-01,1.236718e-10
488500,1.646506e-05,5.745128e-01,1.592408e-10
488600,1.624483e-05,5.669446e-01,1.570812e-10
488700,1.819020e-05,6.349680e-01,1.758590e-10
488800,1.537167e-05,5.366908e-01,1.485819e-10
488900,1.623410e-05,5.669180e-01,1.568885e-10
489000,1.493209e-05,5.215564e-01,1.442784e-10
489100,1.601060e-05,5.593417e-01,1.546701e-10
489200,1.687232e-05,5.895671e-01,1.629640e-10
489300,1.665235e-05,5.819995e-01,1.608090e-10
489400,1.686490e-05,5.895487e-01,1.628308e-10
489500,1.686119e-05,5.895395e-01,1.627643e-10
489600,1.469627e-05,5.139495e-01,1.418391e-10
489700,1.577341e-05,5.517313e-01,1.522063e-10
489800,1.533789e-05,5.366071e-01,1.479758e-10
489900,1.727833e-05,6.046183e-01,1.666653e-10
490000,1.446743e-05,5.063599e-01,1.395252e-10
490100,1.640721e-05,5.743694e-01,1.582028e-10
490200,1.791446e-05,6.272621e-01,1.727036e-10
490300,1.683158e-05,5.894661e-01,1.622336e-10
490400,1.747512e-05,6.121283e-01,1.684047e-10
490500,1.466725e-05,5.138775e-01,1.413191e-10
490600,1.854569e-05,6.498938e-01,1.786543e-10
490700,1.617002e-05,5.667590e-01,1.557396e-10
490800,1.530426e-05,5.365235e-01,1.473734e-10
490900,1.616292e-05,5.667414e-01,1.556128e-10
491000,1.723667e-05,6.045148e-01,1.659193e-10
491100,1.744831e-05,6.120617e-01,1.679249e-10
491200,1.572157e-05,5.516026e-01,1.512781e-10
491300,1.291901e-05,4.533649e-01,1.242876e-10
491400,1.334672e-05,4.684698e-01,1.283782e-10
491500,1.743302e-05,6.120237e-01,1.676517e-10
491600,1.699886e-05,5.969027e-01,1.634456e-10
491700,1.914642e-05,6.724496e-01,1.840601e-10
491800,1.527077e-05,5.364402e-01,1.467747e-10
491900,1.763280e-05,6.195411e-01,1.694456e-10
492000,1.246925e-05,4.382052e-01,1.198030e-10
492100,1.483087e-05,5.213050e-01,1.424664e-10
492200,1.740634e-05,6.119572e-01,1.671752e-10
492300,1.718769e-05,6.043928e-01,1.650442e-10
492400,1.739873e-05,6.119382e-01,1.670394e-10
492500,1.352939e-05,4.759446e-01,1.298668e-10
492600,1.502937e-05,5.288191e-01,1.442378e-10
492700,1.609938e-05,5.665832e-01,1.544778e-10
492800,1.459358e-05,5.136941e-01,1.400031e-10
492900,1.459040e-05,5.136862e-01,1.399463e-10
493000,1.287107e-05,4.532455e-01,1.234319e-10
493100,1.415508e-05,4.985623e-01,1.357200e-10
493200,1.265103e-05,4.456776e-01,1.212763e-10
493300,1.586393e-05,5.589768e-01,1.520476e-10
493400,1.328850e-05,4.683247e-01,1.273396e-10
493500,1.585701e-05,5.589595e-01,1.519244e-10
493600,1.413965e-05,4.985238e-01,1.354452e-10
493700,1.520752e-05,5.362824e-01,1.456472e-10
493800,1.670321e-05,5.891462e-01,1.599420e-10
493900,1.305992e-05,4.607355e-01,1.250322e-10
494000,1.412733e-05,4.984930e-01,1.352260e-10
494100,1.348224e-05,4.758268e-01,1.290271e-10
494200,1.433513e-05,5.060303e-01,1.371637e-10
494300,1.454592e-05,5.135750e-01,1.391546e-10
494400,1.197639e-05,4.229376e-01,1.145516e-10
494500,1.347050e-05,4.757975e-01,1.288184e-10
494600,1.410889e-05,4.984468e-01,1.348981e-10
494700,1.709796e-05,6.041686e-01,1.634467e-10
494800,1.453011e-05,5.135354e-01,1.388735e-10
494900,1.388605e-05,4.908719e-01,1.326931e-10
495000,1.601888e-05,5.663819e-01,1.530456e-10
495100,1.836433e-05,6.494413e-01,1.754214e-10
495200,1.451747e-05,5.135038e-01,1.386493e-10
495300,1.579499e-05,5.588043e-01,1.508221e-10
495400,1.493796e-05,5.285906e-01,1.426120e-10
495500,1.557478e-05,5.512360e-01,1.486639e-10
495600,1.663793e-05,5.889828e-01,1.587823e-10
495700,1.706084e-05,6.040756e-01,1.627879e-10
495800,1.812321e-05,6.418205e-01,1.728924e-10
495900,1.790611e-05,6.342599e-01,1.707895e-10
496000,1.257418e-05,4.454852e-01,1.199109e-10
496100,1.470221e-05,5.209832e-01,1.401783e-10
496200,1.512508e-05,5.360759e-01,1.441833e-10
496300,1.703864e-05,6.040199e-01,1.623945e-10
496400,1.405383e-05,4.983088e-01,1.339215e-10
496500,1.681837e-05,5.964513e-01,1.602354e-10
496600,1.575050e-05,5.586927e-01,1.500335e-10
496700,1.425750e-05,5.058356e-01,1.357865e-10
496800,1.382890e-05,4.907285e-01,1.316801e-10
496900,1.148614e-05,4.076759e-01,1.093518e-10
497000,1.339759e-05,4.756145e-01,1.275257e-10
497100,1.360731e-05,4.831566e-01,1.294978e-10
497200,1.275409e-05,4.529523e-01,1.213554e-10
497300,1.402646e-05,4.982399e-01,1.334372e-10
497400,1.678562e-05,5.963690e-01,1.596561e-10
497500,1.656955e-05,5.888110e-01,1.575718e-10
497600,1.507928e-05,5.359607e-01,1.433731e-10
497700,1.507602e-05,5.359525e-01,1.433155e-10
497800,1.464818e-05,5.208473e-01,1.392225e-10
497900,1.358378e-05,4.830973e-01,1.290820e-10
498000,1.294424e-05,4.604451e-01,1.229819e-10
498100,1.676023e-05,5.963050e-01,1.592077e-10
498200,1.463552e-05,5.208154e-01,1.389990e-10
498300,1.802537e-05,6.415744e-01,1.711619e-10
498400,1.505323e-05,5.358951e-01,1.429132e-10
498500,1.589787e-05,5.660777e-01,1.509041e-10
498600,1.568251e-05,5.585215e-01,1.488323e-10
498700,1.589101e-05,5.660604e-01,1.507831e-10
498800,1.567575e-05,5.585044e-01,1.487130e-10
498900,1.482521e-05,5.283069e-01,1.406180e-10
499000,1.588073e-05,5.660345e-01,1.506018e-10
499100,1.566561e-05,5.584788e-01,1.485342e-10
499200,1.396901e-05,4.980951e-01,1.324234e-10
499300,1.862134e-05,6.641167e-01,1.764938e-10
499400,1.692484e-05,6.037332e-01,1.603847e-10
499500,1.713271e-05,6.112706e-01,1.623245e-10
499600,1.311110e-05,4.678790e-01,1.241986e-10
499700,1.775960e-05,6.338909e-01,1.682018e-10
499800,1.733302e-05,6.187888e-01,1.641313e-10
499900,1.775195e-05,6.338716e-01,1.680672e-10
500000,1.457882e-05,5.206723e-01,1.380000e-10
500100,1.563190e-05,5.583936e-01,1.479408e-10
500200,1.583973e-05,5.659309e-01,1.498801e-10
500300,1.562517e-05,5.583766e-01,1.478226e-10
500400,1.477739e-05,5.281861e-01,1.397763e-10
500500,1.350785e-05,4.829056e-01,1.277444e-10
500600,1.413799e-05,5.055341e-01,1.336790e-10
500700,1.434592e-05,5.130716e-01,1.356200e-10
500800,1.413191e-05,5.055187e-01,1.335722e-10
500900,1.518327e-05,5.432358e-01,1.434830e-10
501000,1.180667e-05,4.225103e-01,1.115533e-10
501100,1.391202e-05,4.979510e-01,1.314211e-10
501200,1.348755e-05,4.828542e-01,1.273878e-10
501300,1.453814e-05,5.205693e-01,1.372852e-10
501400,1.411371e-05,5.054726e-01,1.332527e-10
501500,1.684858e-05,6.035402e-01,1.590443e-10
501600,1.179148e-05,4.224717e-01,1.112866e-10
501700,1.452567e-05,5.205376e-01,1.370664e-10
501800,1.494349e-05,5.356175e-01,1.409831e-10
501900,1.578200e-05,5.657846e-01,1.488665e-10
502000,1.514747e-05,5.431450e-01,1.428549e-10
502100,1.556490e-05,5.582239e-01,1.467646e-10
502200,1.745418e-05,6.261064e-01,1.645488e-10
502300,1.660946e-05,5.959236e-01,1.565564e-10
502400,1.513449e-05,5.431120e-01,1.426275e-10
502500,1.471094e-05,5.280176e-01,1.386104e-10
502600,1.470779e-05,5.280096e-01,1.385553e-10
502700,1.638517e-05,5.883446e-01,1.543287e-10
502800,1.533156e-05,5.506219e-01,1.443784e-10
502900,1.637816e-05,5.883268e-01,1.542060e-10
503000,1.532499e-05,5.506052e-01,1.442636e-10
503100,1.679092e-05,6.033938e-01,1.580343e-10
503200,1.447907e-05,5.204193e-01,1.362504e-10
503300,1.384659e-05,4.977848e-01,1.302747e-10
503400,1.636065e-05,5.882822e-01,1.538998e-10
503500,1.530862e-05,5.505635e-01,1.439773e-10
503600,1.467636e-05,5.279296e-01,1.380056e-10
503700,1.530208e-05,5.505469e-01,1.438630e-10
503800,1.655624e-05,5.957883e-01,1.556255e-10
503900,1.697176e-05,6.108623e-01,1.595021e-10
504000,1.592072e-05,5.731461e-01,1.495969e-10
504100,1.487013e-05,5.354310e-01,1.396995e-10
504200,1.486696e-05,5.354229e-01,1.396441e-10
504300,1.653858e-05,5.957433e-01,1.553171e-10
504400,1.486062e-05,5.354067e-01,1.395334e-10
504500,1.632226e-05,5.881844e-01,1.532295e-10
504600,1.506349e-05,5.429313e-01,1.413865e-10
504700,1.840701e-05,6.635727e-01,1.727373e-10
504800,1.484794e-05,5.353744e-01,1.393124e-10
504900,1.463570e-05,5.278260e-01,1.372958e-10
505000,1.546873e-05,5.579790e-01,1.450838e-10
505100,1.483845e-05,5.353502e-01,1.391469e-10
505200,1.546214e-05,5.579622e-01,1.449690e-10
505300,1.545884e-05,5.579538e-01,1.449116e-10
505400,1.420240e-05,5.127066e-01,1.331093e-10
505500,1.754040e-05,6.333339e-01,1.643641e-10
505600,1.127357e-05,4.071371e-01,1.056208e-10
505700,1.231480e-05,4.448283e-01,1.153549e-10
505800,1.252086e-05,4.523609e-01,1.172637e-10
505900,1.356138e-05,4.900503e-01,1.269855e-10
506000,1.272413e-05,4.598864e-01,1.191239e-10
506100,1.397271e-05,5.051136e-01,1.307893e-10
506200,1.334423e-05,4.824893e-01,1.248837e-10
506300,1.605137e-05,5.804862e-01,1.501913e-10
506400,1.146282e-05,4.146267e-01,1.072372e-10
506500,1.229387e-05,4.447747e-01,1.149908e-10
506600,1.354122e-05,4.899987e-01,1.266348e-10
506700,1.333006e-05,4.824530e-01,1.246373e-10
506800,1.353547e-05,4.899840e-01,1.265348e-10
506900,1.207524e-05,4.372099e-01,1.128635e-10
507000,1.415417e-05,5.125832e-01,1.322705e-10
507100,1.373496e-05,4.974998e-01,1.283296e-10
507200,1.206755e-05,4.371902e-01,1.127300e-10
507300,1.331310e-05,4.824095e-01,1.243427e-10
507400,1.164649e-05,4.221020e-01,1.087570e-10
507500,1.538674e-05,5.577693e-01,1.436579e-10
507600,1.226520e-05,4.447013e-01,1.144930e-10
507700,1.413317e-05,5.125294e-01,1.319060e-10
507800,1.267560e-05,4.597621e-01,1.182809e-10
507900,1.558145e-05,5.652728e-01,1.453700e-10
508000,1.350106e-05,4.898958e-01,1.259378e-10
508100,1.412120e-05,5.124987e-01,1.316984e-10
508200,1.432583e-05,5.200276e-01,1.335826e-10
508300,1.390764e-05,5.049468e-01,1.296596e-10
508400,1.369717e-05,4.974028e-01,1.276741e-10
508500,1.307180e-05,4.747865e-01,1.218228e-10
508600,1.535093e-05,5.576774e-01,1.430372e-10
508700,1.368847e-05,4.973805e-01,1.275236e-10
508800,1.140465e-05,4.144776e-01,1.062279e-10
508900,1.160955e-05,4.220072e-01,1.081168e-10
509000,1.202164e-05,4.370723e-01,1.119341e-10
509100,1.533471e-05,5.576357e-01,1.427564e-10
509200,1.077346e-05,3.918463e-01,1.002759e-10
509300,1.719247e-05,6.254376e-01,1.599929e-10
509400,1.511790e-05,5.500754e-01,1.406614e-10
509500,1.677111e-05,6.103485e-01,1.560151e-10
509600,1.635355e-05,5.952693e-01,1.521032e-10
509700,1.365958e-05,4.973062e-01,1.270237e-10
509800,1.469129e-05,5.349729e-01,1.365931e-10
509900,1.551570e-05,5.651038e-01,1.442319e-10
510000,1.551242e-05,5.650954e-01,1.441753e-10
510100,1.550915e-05,5.650869e-01,1.441188e-10
510200,1.571262e-05,5.726129e-01,1.459831e-10
510300,1.674282e-05,6.102757e-01,1.555263e-10
510400,1.363942e-05,4.972542e-01,1.266755e-10
510500,1.404977e-05,5.123149e-01,1.304630e-10
510600,1.528624e-05,5.575109e-01,1.419189e-10
510700,1.528302e-05,5.575026e-01,1.418633e-10
510800,1.466034e-05,5.348931e-01,1.360588e-10
510900,1.486370e-05,5.424188e-01,1.379211e-10
511000,1.506696e-05,5.499442e-01,1.397819e-10
511100,1.527014e-05,5.574694e-01,1.416413e-10
511200,1.609217e-05,5.875941e-01,1.492392e-10
511300,1.485118e-05,5.423865e-01,1.377054e-10
511400,1.546673e-05,5.649775e-01,1.433870e-10
511500,1.546347e-05,5.649691e-01,1.433310e-10
511600,1.546022e-05,5.649607e-01,1.432749e-10
511700,1.463260e-05,5.348215e-01,1.355806e-10
511800,1.442347e-05,5.272810e-01,1.336188e-10
511900,1.606849e-05,5.875329e-01,1.488313e-10
512000,1.338760e-05,4.896035e-01,1.239777e-10
512100,1.523806e-05,5.573865e-01,1.410887e-10
512200,1.399960e-05,5.121854e-01,1.295984e-10
512300,1.646666e-05,6.025621e-01,1.524092e-10
512400,1.440530e-05,5.272340e-01,1.333060e-10
512500,1.728273e-05,6.326714e-01,1.599048e-10
512600,1.748481e-05,6.401937e-01,1.617453e-10
512700,1.706982e-05,6.251210e-01,1.578779e-10
512800,1.315951e-05,4.820139e-01,1.216897e-10
512900,1.541806e-05,5.648516e-01,1.425496e-10
513000,1.747014e-05,6.401557e-01,1.614932e-10
513100,1.541159e-05,5.648349e-01,1.424384e-10
513200,1.725737e-05,6.326057e-01,1.594689e-10
513300,1.417272e-05,5.196327e-01,1.309413e-10
513400,1.622334e-05,5.949330e-01,1.498599e-10
513500,1.293489e-05,4.744332e-01,1.194620e-10
513600,1.416381e-05,5.196096e-01,1.307884e-10
513700,1.600791e-05,5.873761e-01,1.477901e-10
513800,1.518381e-05,5.572460e-01,1.401566e-10
513900,1.436006e-05,5.271168e-01,1.325290e-10
514000,1.558766e-05,5.722898e-01,1.438326e-10
514100,1.558440e-05,5.722813e-01,1.437767e-10
514200,1.517110e-05,5.572130e-01,1.399386e-10
514300,1.660274e-05,6.099133e-01,1.531165e-10
514400,1.434504e-05,5.270778e-01,1.322715e-10
514500,1.598113e-05,5.873066e-01,1.473309e-10
514600,1.454389e-05,5.345917e-01,1.340568e-10
514700,1.515525e-05,5.571718e-01,1.396669e-10
514800,1.433305e-05,5.270466e-01,1.320660e-10
514900,1.535363e-05,5.646845e-01,1.414443e-10
515000,1.514575e-05,5.571471e-01,1.395042e-10
515100,1.657499e-05,6.098413e-01,1.526413e-10
515200,1.411649e-05,5.194867e-01,1.299773e-10
515300,1.431808e-05,5.270077e-01,1.318098e-10
515400,1.533760e-05,5.646428e-01,1.411700e-10
515500,1.635669e-05,6.022768e-01,1.505229e-10
515600,1.512678e-05,5.570978e-01,1.391797e-10
515700,1.655424e-05,6.097873e-01,1.522863e-10
515800,1.430315e-05,5.269689e-01,1.315544e-10
515900,1.552589e-05,5.721292e-01,1.427751e-10
516000,1.511417e-05,5.570650e-01,1.389640e-10
516100,1.449841e-05,5.344734e-01,1.332787e-10
516200,1.612867e-05,5.946870e-01,1.482385e-10
516300,1.612531e-05,5.946782e-01,1.481811e-10
516400,1.387712e-05,5.118674e-01,1.274989e-10
516500,1.387423e-05,5.118599e-01,1.274495e-10
516600,1.631922e-05,6.021792e-01,1.498826e-10
516700,1.651977e-05,6.096975e-01,1.516974e-10
516800,1.366166e-05,5.043103e-01,1.254295e-10
516900,1.447426e-05,5.344105e-01,1.328664e-10
517000,1.589799e-05,5.870902e-01,1.459095e-10
517100,1.752491e-05,6.472951e-01,1.608123e-10
517200,1.487270e-05,5.494400e-01,1.364507e-10
517300,1.507330e-05,5.569584e-01,1.382664e-10
517400,1.588477e-05,5.870557e-01,1.456840e-10
517500,1.527064e-05,5.644683e-01,1.400266e-10
517600,1.384250e-05,5.117771e-01,1.269084e-10
517700,1.485725e-05,5.493997e-01,1.361873e-10
517800,1.648201e-05,6.095989e-01,1.510535e-10
517900,1.525795e-05,5.644352e-01,1.398104e-10
518000,1.383100e-05,5.117470e-01,1.267125e-10
518100,1.586168e-05,5.869954e-01,1.452906e-10
518200,1.585838e-05,5.869867e-01,1.452345e-10
518300,1.646490e-05,6.095542e-01,1.507622e-10
518400,1.280338e-05,4.740908e-01,1.172143e-10
518500,1.381665e-05,5.117095e-01,1.264682e-10
518600,1.462636e-05,5.418021e-01,1.338559e-10
518700,1.421712e-05,5.267444e-01,1.300875e-10
518800,1.482335e-05,5.493111e-01,1.356104e-10
518900,1.685045e-05,6.245500e-01,1.541277e-10
519000,1.441126e-05,5.342458e-01,1.317934e-10
519100,1.542293e-05,5.718604e-01,1.410203e-10
519200,1.176770e-05,4.364134e-01,1.075793e-10
519300,1.176526e-05,4.364070e-01,1.075379e-10
519400,1.257405e-05,4.664972e-01,1.149100e-10
519500,1.561292e-05,5.793510e-01,1.426559e-10
519600,1.540697e-05,5.718186e-01,1.407490e-10
519700,1.418769e-05,5.266673e-01,1.295874e-10
519800,1.560323e-05,5.793255e-01,1.424912e-10
519900,1.519480e-05,5.642699e-01,1.387368e-10
520000,1.417888e-05,5.266442e-01,1.294379e-10
520100,1.620108e-05,6.018703e-01,1.478721e-10
520200,1.316066e-05,4.890125e-01,1.200999e-10
520300,1.619438e-05,6.018527e-01,1.477585e-10
520400,1.477432e-05,5.491826e-01,1.347778e-10
520500,1.335484e-05,4.965140e-01,1.218071e-10
520600,1.517282e-05,5.642122e-01,1.383639e-10
520700,1.779910e-05,6.619993e-01,1.622847e-10
520800,1.455989e-05,5.416279e-01,1.327274e-10
520900,1.415252e-05,5.265750e-01,1.289910e-10
521000,1.516029e-05,5.641793e-01,1.381516e-10
521100,1.374249e-05,5.115151e-01,1.252094e-10
521200,1.414376e-05,5.265520e-01,1.288425e-10
521300,1.535291e-05,5.716767e-01,1.398325e-10
521400,1.514777e-05,5.641464e-01,1.379397e-10
521500,1.635622e-05,6.092692e-01,1.489177e-10
521600,1.130567e-05,4.212170e-01,1.029160e-10
521700,1.372548e-05,5.114704e-01,1.249215e-10
521800,1.594250e-05,5.941996e-01,1.450738e-10
521900,1.573745e-05,5.866695e-01,1.431825e-10
522000,1.351528e-05,5.039267e-01,1.229430e-10
522100,1.351249e-05,5.039194e-01,1.228959e-10
522200,1.451789e-05,5.415175e-01,1.320167e-10
522300,1.693405e-05,6.317612e-01,1.539605e-10
522400,1.451191e-05,5.415017e-01,1.319156e-10
522500,1.370287e-05,5.114109e-01,1.245393e-10
522600,1.511035e-05,5.640479e-01,1.373069e-10
522700,1.692011e-05,6.317245e-01,1.537249e-10
522800,1.449997e-05,5.414702e-01,1.317138e-10
522900,1.570507e-05,5.865842e-01,1.426354e-10
523000,1.550053e-05,5.790555e-01,1.407529e-10
523100,1.569861e-05,5.865672e-01,1.425264e-10
523200,1.408560e-05,5.263988e-01,1.278594e-10
523300,1.488742e-05,5.564707e-01,1.351140e-10
523400,1.407980e-05,5.263835e-01,1.277617e-10
523500,1.548460e-05,5.790135e-01,1.404842e-10
523600,1.487825e-05,5.564465e-01,1.349592e-10
523700,1.728738e-05,6.466716e-01,1.567846e-10
523800,1.487214e-05,5.564303e-01,1.348561e-10
523900,1.607468e-05,6.015376e-01,1.457348e-10
524000,1.406246e-05,5.263377e-01,1.274693e-10
524100,1.426042e-05,5.338491e-01,1.292409e-10
524200,1.465912e-05,5.488792e-01,1.328308e-10
524300,2.067917e-05,7.744347e-01,1.873473e-10
524400,1.906910e-05,7.142741e-01,1.727302e-10
524500,1.766039e-05,6.616338e-01,1.599417e-10
524600,1.906128e-05,7.142534e-01,1.725985e-10
524700,1.624892e-05,6.089862e-01,1.471068e-10
524800,1.564390e-05,5.864227e-01,1.416045e-10
524900,1.644278e-05,6.164867e-01,1.488095e-10
525000,1.563749e-05,5.864057e-01,1.414966e-10
525100,1.423121e-05,5.337719e-01,1.287491e-10
525200,2.605180e-05,9.773146e-01,2.356481e-10
525300,1.642931e-05,6.164511e-01,1.485830e-10
525400,1.622563e-05,6.089246e-01,1.467151e-10
525500,1.502065e-05,5.638109e-01,1.357956e-10
525600,1.261477e-05,4.735943e-01,1.140249e-10
525700,1.341296e-05,5.036565e-01,1.212185e-10
525800,1.461113e-05,5.487522e-01,1.320236e-10
525900,1.300725e-05,4.886079e-01,1.175106e-10
526000,2.080734e-05,7.817614e-01,1.879455e-10
526100,1.660246e-05,6.238967e-01,1.499379e-10
526200,1.939891e-05,7.291218e-01,1.751621e-10
526300,1.879510e-05,7.065614e-01,1.696802e-10
526400,1.539284e-05,5.787707e-01,1.389405e-10
526500,1.758822e-05,6.614427e-01,1.587289e-10
526600,1.718498e-05,6.464006e-01,1.550625e-10
526700,1.758103e-05,6.614236e-01,1.586083e-10
526800,1.677847e-05,6.313498e-01,1.513414e-10
526900,1.837267e-05,6.914684e-01,1.656920e-10
527000,1.757027e-05,6.613950e-01,1.584278e-10
527100,1.936327e-05,7.290272e-01,1.745644e-10
527200,1.556729e-05,5.862196e-01,1.403181e-10
527300,1.755951e-05,6.613665e-01,1.582476e-10
527400,1.416444e-05,5.335948e-01,1.276286e-10
527500,1.316426e-05,4.960106e-01,1.185957e-10
527600,1.356041e-05,5.110338e-01,1.221432e-10
527700,1.555142e-05,5.861774e-01,1.400524e-10
527800,1.794029e-05,6.763489e-01,1.615376e-10
527900,1.654156e-05,6.237350e-01,1.489172e-10
528000,1.514340e-05,5.711226e-01,1.363062e-10
528100,1.673404e-05,6.312317e-01,1.505972e-10
528200,1.553558e-05,5.861353e-01,1.397873e-10
528300,1.832029e-05,6.913292e-01,1.648150e-10
528400,1.433470e-05,5.410324e-01,1.289368e-10
528500,1.512799e-05,5.710816e-01,1.360485e-10
528600,1.432886e-05,5.410169e-01,1.288392e-10
528700,1.731052e-05,6.537194e-01,1.556219e-10
528800,1.412410e-05,5.334875e-01,1.269537e-10
528900,1.491679e-05,5.635350e-01,1.340553e-10
529000,1.809536e-05,6.837460e-01,1.625923e-10
529100,1.689882e-05,6.386547e-01,1.518146e-10
529200,1.411262e-05,5.334569e-01,1.267619e-10
529300,1.828305e-05,6.912300e-01,1.641928e-10
529400,1.708721e-05,6.461405e-01,1.534266e-10
529500,1.847427e-05,6.987233e-01,1.658521e-10
529600,1.489558e-05,5.634785e-01,1.337012e-10
529700,1.687823e-05,6.385998e-01,1.514708e-10
529800,1.508806e-05,5.709751e-01,1.353816e-10
529900,1.766532e-05,6.686324e-01,1.584792e-10
530000,1.567727e-05,5.934966e-01,1.406194e-10
530100,1.686453e-05,6.385632e-01,1.512423e-10
530200,1.626601e-05,6.160169e-01,1.458493e-10
530300,1.884094e-05,7.136679e-01,1.689081e-10
530400,1.645769e-05,6.235114e-01,1.475167e-10
530500,1.804032e-05,6.835991e-01,1.616742e-10
530600,1.704563e-05,6.460295e-01,1.527334e-10
530700,1.605135e-05,6.084609e-01,1.437993e-10
530800,1.604810e-05,6.084522e-01,1.437451e-10
530900,1.604485e-05,6.084436e-01,1.436910e-10
531000,1.841813e-05,6.985734e-01,1.649164e-10
531100,1.821639e-05,6.910519e-01,1.630817e-10
531200,1.445139e-05,5.483269e-01,1.293531e-10
531300,1.662562e-05,6.309425e-01,1.487886e-10
531400,1.721591e-05,6.534668e-01,1.540445e-10
531500,1.602536e-05,6.083914e-01,1.433668e-10
531600,1.542871e-05,5.858500e-01,1.380049e-10
531700,1.641440e-05,6.233956e-01,1.467962e-10
531800,1.680653e-05,6.384081e-01,1.502769e-10
531900,1.818692e-05,6.909731e-01,1.625915e-10
532000,1.462565e-05,5.557747e-01,1.307310e-10
532100,1.640113e-05,6.233601e-01,1.465756e-10
532200,1.620025e-05,6.158409e-01,1.447552e-10
532300,1.639450e-05,6.233423e-01,1.464654e-10
532400,1.619370e-05,6.158234e-01,1.446464e-10
532500,1.540065e-05,5.857749e-01,1.375388e-10
532600,1.776640e-05,6.758845e-01,1.586391e-10
532700,1.736808e-05,6.608554e-01,1.550555e-10
532800,1.460203e-05,5.557114e-01,1.303387e-10
532900,1.657193e-05,6.307986e-01,1.478965e-10
533000,1.459613e-05,5.556956e-01,1.302409e-10
533100,1.774847e-05,6.758364e-01,1.583416e-10
533200,1.636473e-05,6.232625e-01,1.459714e-10
533300,1.734706e-05,6.607990e-01,1.547068e-10
533400,1.694939e-05,6.457717e-01,1.511341e-10
533500,1.793120e-05,6.833068e-01,1.598610e-10
533600,1.595752e-05,6.082095e-01,1.422405e-10
533700,1.674217e-05,6.382355e-01,1.492088e-10
533800,1.673880e-05,6.382264e-01,1.491529e-10
533900,1.555410e-05,5.931667e-01,1.385726e-10
534000,1.673205e-05,6.382083e-01,1.490412e-10
534100,1.751591e-05,6.682321e-01,1.559965e-10
534200,1.829946e-05,6.982551e-01,1.629466e-10
534300,1.691867e-05,6.456891e-01,1.506254e-10
534400,1.278480e-05,4.880139e-01,1.138021e-10
534500,1.514202e-05,5.781006e-01,1.347613e-10
534600,1.415592e-05,5.405539e-01,1.259635e-10
534700,1.710163e-05,6.531601e-01,1.521489e-10
534800,1.395369e-05,5.330311e-01,1.241211e-10
534900,2.161405e-05,8.258111e-01,1.922284e-10
535000,1.630550e-05,6.231032e-01,1.449908e-10
535100,1.846276e-05,7.056732e-01,1.641451e-10
535200,1.669170e-05,6.380997e-01,1.483736e-10
535300,1.452867e-05,5.555142e-01,1.291241e-10
535400,1.668499e-05,6.380816e-01,1.482628e-10
535500,1.707414e-05,6.530860e-01,1.516947e-10
535600,1.550099e-05,5.930238e-01,1.376943e-10
535700,1.667494e-05,6.380545e-01,1.480968e-10
535800,1.667159e-05,6.380455e-01,1.480415e-10
535900,1.647214e-05,6.305301e-01,1.462453e-10
536000,1.568461e-05,6.004964e-01,1.392292e-10
536100,1.489739e-05,5.704635e-01,1.322184e-10
536200,1.469842e-05,5.629495e-01,1.304300e-10
536300,1.665487e-05,6.380004e-01,1.477656e-10
536400,1.410482e-05,5.404162e-01,1.251195e-10
536500,1.762749e-05,6.755107e-01,1.563411e-10
536600,1.507828e-05,5.779288e-01,1.337086e-10
536700,1.840356e-05,7.055135e-01,1.631679e-10
536800,1.468075e-05,5.629017e-01,1.301386e-10
536900,1.585203e-05,6.079253e-01,1.404974e-10
537000,1.624018e-05,6.229270e-01,1.439128e-10
537100,1.447630e-05,5.553729e-01,1.282601e-10
537200,1.388664e-05,5.328502e-01,1.230145e-10
537300,1.564379e-05,6.003861e-01,1.385563e-10
537400,1.661819e-05,6.379013e-01,1.471613e-10
537500,1.485565e-05,5.703508e-01,1.315306e-10
537600,1.309381e-05,5.028021e-01,1.159114e-10
537700,1.367736e-05,5.253082e-01,1.210565e-10
537800,1.269786e-05,4.877794e-01,1.123678e-10
537900,1.445314e-05,5.553102e-01,1.278788e-10
538000,1.269279e-05,4.877656e-01,1.122842e-10
538100,1.444736e-05,5.552946e-01,1.277838e-10
538200,1.268771e-05,4.877519e-01,1.122008e-10
538300,1.522221e-05,5.852940e-01,1.345909e-10
538400,1.268264e-05,4.877381e-01,1.121175e-10
538500,1.228995e-05,4.727242e-01,1.086273e-10
538600,1.579821e-05,6.077797e-01,1.396119e-10
538700,1.579505e-05,6.077711e-01,1.395600e-10
538800,1.657175e-05,6.377755e-01,1.463975e-10
538900,1.520398e-05,5.852446e-01,1.342914e-10
539000,1.676002e-05,6.452606e-01,1.480100e-10
539100,1.597729e-05,6.152398e-01,1.410734e-10
539200,1.402604e-05,5.402030e-01,1.238234e-10
539300,1.636045e-05,6.302280e-01,1.444071e-10
539400,1.148898e-05,4.426539e-01,1.013912e-10
539500,1.440703e-05,5.551852e-01,1.271214e-10
539600,1.362556e-05,5.251679e-01,1.202055e-10
539700,1.381745e-05,5.326628e-01,1.218775e-10
539800,1.634415e-05,6.301837e-01,1.441397e-10
539900,1.672996e-05,6.451791e-01,1.475169e-10
540000,1.536516e-05,5.926562e-01,1.354595e-10
540100,1.613993e-05,6.226553e-01,1.422655e-10
540200,1.283160e-05,4.951166e-01,1.130849e-10
540300,1.380095e-05,5.326179e-01,1.216070e-10
540400,1.379820e-05,5.326105e-01,1.215620e-10
540500,1.573847e-05,6.076175e-01,1.386320e-10
540600,1.767798e-05,6.826225e-01,1.556895e-10
540700,1.883981e-05,7.276203e-01,1.658934e-10
540800,1.475815e-05,5.700863e-01,1.299302e-10
540900,1.475522e-05,5.700783e-01,1.298822e-10
541000,1.184065e-05,4.575565e-01,1.042090e-10
541100,1.474935e-05,5.700624e-01,1.297862e-10
541200,1.183594e-05,4.575436e-01,1.041320e-10
541300,1.726540e-05,6.675543e-01,1.518742e-10
541400,1.590429e-05,6.150414e-01,1.398773e-10
541500,1.706462e-05,6.600352e-01,1.500568e-10
541600,1.376531e-05,5.325210e-01,1.210239e-10
541700,1.453794e-05,5.625143e-01,1.277949e-10
541800,1.550405e-05,6.000069e-01,1.362643e-10
541900,1.627602e-05,6.299984e-01,1.430247e-10
542000,1.511045e-05,5.849903e-01,1.327596e-10
542100,1.626957e-05,6.299808e-01,1.429192e-10
542200,1.491081e-05,5.774743e-01,1.309609e-10
542300,1.490785e-05,5.774663e-01,1.309126e-10
542400,1.258205e-05,4.874647e-01,1.104699e-10
542500,1.296662e-05,5.024566e-01,1.138270e-10
542600,1.509248e-05,5.849413e-01,1.324662e-10
542700,1.721749e-05,6.674237e-01,1.510916e-10
542800,1.508650e-05,5.849250e-01,1.323686e-10
542900,1.643715e-05,6.374094e-01,1.441947e-10
543000,1.469384e-05,5.699110e-01,1.288795e-10
543100,1.662395e-05,6.448903e-01,1.457837e-10
543200,1.546107e-05,5.998896e-01,1.355628e-10
543300,1.661736e-05,6.448723e-01,1.456763e-10
543400,1.700045e-05,6.598602e-01,1.490093e-10
543500,1.467930e-05,5.698713e-01,1.286425e-10
543600,1.583506e-05,6.148526e-01,1.387474e-10
543700,1.563885e-05,6.073459e-01,1.370050e-10
543800,1.853127e-05,7.198074e-01,1.623166e-10
543900,1.698364e-05,6.598142e-01,1.487355e-10
544000,1.312112e-05,5.098494e-01,1.148897e-10
544100,1.389021e-05,5.398330e-01,1.216032e-10
544200,1.369458e-05,5.323279e-01,1.198702e-10
544300,1.388472e-05,5.398180e-01,1.215139e-10
544400,1.638844e-05,6.372762e-01,1.434012e-10
544500,1.677074e-05,6.522619e-01,1.467214e-10
544600,1.349103e-05,5.248011e-01,1.180084e-10
544700,1.522259e-05,5.922673e-01,1.331320e-10
544800,1.521958e-05,5.922591e-01,1.330831e-10
544900,1.560181e-05,6.072445e-01,1.364022e-10
545000,1.559873e-05,6.072361e-01,1.363522e-10
545100,1.617326e-05,6.297176e-01,1.413504e-10
545200,1.713258e-05,6.671915e-01,1.497091e-10
545300,1.597442e-05,6.222037e-01,1.395652e-10
545400,1.712582e-05,6.671730e-01,1.495994e-10
545500,1.558335e-05,6.071940e-01,1.361023e-10
545600,1.461853e-05,5.697049e-01,1.276541e-10
545700,1.557720e-05,6.071771e-01,1.360026e-10
545800,1.365140e-05,5.322096e-01,1.191684e-10
545900,1.691671e-05,6.596309e-01,1.476476e-10
546000,1.383822e-05,5.396905e-01,1.207584e-10
546100,1.537277e-05,5.996478e-01,1.341268e-10
546200,1.613823e-05,6.296215e-01,1.407816e-10
546300,1.747964e-05,6.820805e-01,1.524576e-10
546400,1.632392e-05,6.370993e-01,1.423533e-10
546500,1.632071e-05,6.370905e-01,1.423012e-10
546600,1.612553e-05,6.295866e-01,1.405756e-10
546700,1.746588e-05,6.820427e-01,1.522346e-10
546800,1.727055e-05,6.745384e-01,1.505066e-10
546900,1.726715e-05,6.745291e-01,1.504516e-10
547000,1.899013e-05,7.419717e-01,1.654362e-10
547100,1.649324e-05,6.445322e-01,1.436597e-10
547200,1.418907e-05,5.545898e-01,1.235690e-10
547300,1.591163e-05,6.220313e-01,1.385470e-10
547400,1.763353e-05,6.894709e-01,1.535141e-10
547500,1.571375e-05,6.145199e-01,1.367778e-10
547600,1.360314e-05,5.320770e-01,1.183863e-10
547700,1.570758e-05,6.145029e-01,1.366779e-10
547800,1.570449e-05,6.144944e-01,1.366280e-10
547900,1.646733e-05,6.444609e-01,1.432405e-10
548000,1.474111e-05,5.770093e-01,1.282034e-10
548100,1.397260e-05,5.470273e-01,1.214992e-10
548200,1.588354e-05,6.219539e-01,1.380925e-10
548300,1.511510e-05,5.919721e-01,1.313895e-10
548400,1.472955e-05,5.769775e-01,1.280165e-10
548500,1.644796e-05,6.444075e-01,1.429273e-10
548600,1.663595e-05,6.518916e-01,1.445365e-10
548700,1.644151e-05,6.443897e-01,1.428231e-10
548800,1.529143e-05,5.994240e-01,1.328103e-10
548900,1.567064e-05,6.144012e-01,1.360810e-10
549000,1.566757e-05,6.143927e-01,1.360314e-10
549100,1.910305e-05,7.492491e-01,1.658315e-10
549200,1.642541e-05,6.443453e-01,1.425632e-10
549300,1.909557e-05,7.492284e-01,1.657108e-10
549400,1.431888e-05,5.619136e-01,1.242379e-10
549500,1.488872e-05,5.843821e-01,1.291604e-10
549600,1.221399e-05,4.794864e-01,1.059392e-10
549700,1.240241e-05,4.869717e-01,1.075553e-10
549800,1.564305e-05,6.143250e-01,1.356358e-10
549900,1.525853e-05,5.993332e-01,1.322795e-10
550000,1.620902e-05,6.367828e-01,1.404959e-10
550100,1.563388e-05,6.142997e-01,1.354879e-10
550200,1.601206e-05,6.292739e-01,1.387421e-10
550300,1.658068e-05,6.517390e-01,1.436449e-10
550400,1.333817e-05,5.243805e-01,1.155344e-10
550500,1.600267e-05,6.292480e-01,1.385909e-10
550600,1.485672e-05,5.842937e-01,1.286448e-10
550700,1.599642e-05,6.292307e-01,1.384902e-10
550800,1.580290e-05,6.217313e-01,1.367919e-10
550900,1.713233e-05,6.741572e-01,1.482747e-10
551000,1.693866e-05,6.666574e-01,1.465740e-10
551100,1.826735e-05,7.190813e-01,1.580449e-10
551200,1.464908e-05,5.767552e-01,1.267192e-10
551300,1.540706e-05,6.067082e-01,1.332536e-10
551400,1.559423e-05,6.141900e-01,1.348498e-10
551500,1.540105e-05,6.066915e-01,1.331570e-10
551600,1.558815e-05,6.141731e-01,1.347520e-10
551700,1.425468e-05,5.617360e-01,1.232041e-10
551800,1.672223e-05,6.590946e-01,1.445071e-10
551900,1.614900e-05,6.366167e-01,1.395302e-10
552000,1.386644e-05,5.467339e-01,1.197884e-10
552100,1.595279e-05,6.291099e-01,1.377888e-10
552200,1.424079e-05,5.616975e-01,1.229811e-10
552300,1.594658e-05,6.290926e-01,1.376890e-10
552400,1.461485e-05,5.766603e-01,1.261692e-10
552500,1.556084e-05,6.140974e-01,1.343134e-10
552600,1.555781e-05,6.140890e-01,1.342648e-10
552700,1.915894e-05,7.563676e-01,1.653151e-10
552800,1.479313e-05,5.841175e-01,1.276229e-10
552900,1.611759e-05,6.365295e-01,1.390259e-10
553000,1.421863e-05,5.616360e-01,1.226256e-10
553100,1.535314e-05,6.065586e-01,1.323877e-10
553200,1.535015e-05,6.065503e-01,1.323399e-10
553300,1.307351e-05,5.166840e-01,1.126932e-10
553400,1.667023e-05,6.589503e-01,1.436727e-10
553500,1.666699e-05,6.589412e-01,1.436208e-10
553600,1.401270e-05,5.541021e-01,1.207284e-10
553700,1.457795e-05,5.765578e-01,1.255775e-10
553800,1.438583e-05,5.690623e-01,1.239018e-10
553900,1.495079e-05,5.915172e-01,1.287462e-10
554000,1.173125e-05,4.642224e-01,1.010048e-10
554100,1.437745e-05,5.690390e-01,1.237677e-10
554200,1.683349e-05,6.663655e-01,1.448862e-10
554300,1.664111e-05,6.588693e-01,1.432066e-10
554400,1.474722e-05,5.839898e-01,1.268873e-10
554500,1.531145e-05,6.064427e-01,1.317201e-10
554600,1.587546e-05,6.288950e-01,1.365493e-10
554700,1.454968e-05,5.764792e-01,1.251251e-10
554800,1.284658e-05,5.090916e-01,1.104602e-10
554900,1.586623e-05,6.288692e-01,1.364017e-10
555000,1.680739e-05,6.662929e-01,1.444688e-10
555100,1.718175e-05,6.812564e-01,1.476621e-10
555200,1.378049e-05,5.464950e-01,1.184115e-10
555300,1.415530e-05,5.614598e-01,1.216119e-10
555400,1.396386e-05,5.539661e-01,1.199472e-10
555500,1.660245e-05,6.587616e-01,1.425885e-10
555600,1.414708e-05,5.614369e-01,1.214806e-10
555700,1.753898e-05,6.961723e-01,1.505817e-10
555800,1.433016e-05,5.689072e-01,1.230117e-10
555900,1.545849e-05,6.138126e-01,1.326754e-10
556000,1.489006e-05,5.913480e-01,1.277755e-10
556100,1.394495e-05,5.539134e-01,1.196454e-10
556200,1.431907e-05,5.688763e-01,1.228349e-10
556300,1.431630e-05,5.688686e-01,1.227907e-10
556400,1.337186e-05,5.314358e-01,1.146711e-10
556500,1.318097e-05,5.239436e-01,1.130154e-10
556600,1.393148e-05,5.538758e-01,1.194305e-10
556700,1.505815e-05,5.987765e-01,1.290677e-10
556800,1.354971e-05,5.388915e-01,1.161192e-10
556900,1.524048e-05,6.062447e-01,1.305872e-10
557000,1.429695e-05,5.688145e-01,1.224823e-10
557100,1.561076e-05,6.211969e-01,1.337155e-10
557200,1.466752e-05,5.837674e-01,1.256153e-10
557300,1.635677e-05,6.511164e-01,1.400590e-10
557400,1.635362e-05,6.511076e-01,1.400088e-10
557500,1.804189e-05,7.184538e-01,1.544370e-10
557600,1.390461e-05,5.538006e-01,1.190025e-10
557700,1.427765e-05,5.687605e-01,1.221750e-10
557800,1.220880e-05,4.864333e-01,1.044543e-10
557900,1.333319e-05,5.313276e-01,1.140553e-10
558000,1.539593e-05,6.136377e-01,1.316787e-10
558100,1.539296e-05,6.136294e-01,1.316315e-10
558200,1.689146e-05,6.734866e-01,1.444218e-10
558300,1.688820e-05,6.734774e-01,1.443701e-10
558400,1.350796e-05,5.387747e-01,1.154547e-10
558500,1.631898e-05,6.510106e-01,1.394578e-10
558600,1.425291e-05,5.686912e-01,1.217816e-10
558700,1.593769e-05,6.360276e-01,1.361544e-10
558800,1.574715e-05,6.285364e-01,1.345044e-10
558900,1.536926e-05,6.135630e-01,1.312549e-10
559000,1.611588e-05,6.434842e-01,1.376084e-10
559100,1.648750e-05,6.584400e-01,1.407582e-10
559200,1.479843e-05,5.910916e-01,1.263173e-10
559300,1.479558e-05,5.910836e-01,1.262721e-10
559400,1.217124e-05,4.863280e-01,1.038576e-10
559500,1.329218e-05,5.312127e-01,1.134039e-10
559600,1.366399e-05,5.461690e-01,1.165568e-10
559700,1.403564e-05,5.611250e-01,1.197073e-10
559800,1.459427e-05,5.835621e-01,1.244511e-10
559900,1.290783e-05,5.162211e-01,1.100521e-10
560000,1.066094e-05,4.264377e-01,9.088010e-11
560100,1.533385e-05,6.134635e-01,1.306931e-10
560200,1.196559e-05,4.787944e-01,1.019680e-10
560300,1.401948e-05,5.610796e-01,1.194511e-10
560400,1.102654e-05,4.413766e-01,9.393464e-11
560500,1.401410e-05,5.610644e-01,1.193658e-10
560600,1.475869e-05,5.909799e-01,1.256872e-10
560700,1.681047e-05,6.732592e-01,1.431368e-10
560800,1.437953e-05,5.760029e-01,1.224178e-10
560900,1.437677e-05,5.759951e-01,1.223742e-10
561000,1.549407e-05,6.208695e-01,1.318628e-10
561100,1.567774e-05,6.283414e-01,1.334040e-10
561200,1.418190e-05,5.684917e-01,1.206558e-10
561300,1.567173e-05,6.283245e-01,1.333089e-10
561400,1.585526e-05,6.357960e-01,1.348479e-10
561500,1.715770e-05,6.881464e-01,1.459010e-10
561600,1.566273e-05,6.282991e-01,1.331665e-10
561700,1.379547e-05,5.534942e-01,1.172716e-10
561800,1.435200e-05,5.759254e-01,1.219824e-10
561900,1.602644e-05,6.432327e-01,1.361916e-10
562000,1.434651e-05,5.759099e-01,1.218956e-10
562100,1.583403e-05,6.357361e-01,1.345122e-10
562200,1.191981e-05,4.786655e-01,1.012438e-10
562300,1.657281e-05,6.656352e-01,1.407420e-10
562400,1.228760e-05,4.936105e-01,1.043334e-10
562500,1.172683e-05,4.711673e-01,9.955556e-11
562600,1.526058e-05,6.132572e-01,1.295342e-10
562700,1.395518e-05,5.608984e-01,1.184343e-10
562800,1.506871e-05,6.057622e-01,1.278636e-10
562900,1.562383e-05,6.281894e-01,1.325522e-10
563000,1.450507e-05,5.833109e-01,1.230404e-10
563100,1.654749e-05,6.655638e-01,1.403424e-10
563200,1.301240e-05,5.234701e-01,1.103425e-10
563300,1.524018e-05,6.131996e-01,1.292124e-10
563400,1.486563e-05,5.982355e-01,1.260162e-10
563500,1.467701e-05,5.907496e-01,1.243968e-10
563600,1.374546e-05,5.533530e-01,1.164823e-10
563700,1.578569e-05,6.355997e-01,1.337497e-10
563800,1.522565e-05,6.131585e-01,1.289834e-10
563900,1.670789e-05,6.729699e-01,1.415169e-10
564000,1.354937e-05,5.458460e-01,1.147452e-10
564100,1.354679e-05,5.458387e-01,1.147046e-10
564200,1.502850e-05,6.056485e-01,1.272298e-10
564300,1.521114e-05,6.131175e-01,1.287549e-10
564400,1.465184e-05,5.906785e-01,1.240004e-10
564500,1.446362e-05,5.831937e-01,1.223874e-10
564600,1.594403e-05,6.429998e-01,1.348922e-10
564700,1.686779e-05,6.803745e-01,1.426842e-10
564800,1.297275e-05,5.233580e-01,1.097182e-10
564900,1.259970e-05,5.083981e-01,1.065457e-10
565000,1.352358e-05,5.457730e-01,1.143394e-10
565100,1.629929e-05,6.579094e-01,1.377850e-10
565200,1.444435e-05,5.831391e-01,1.220844e-10
565300,1.499705e-05,6.055595e-01,1.267351e-10
565400,1.517931e-05,6.130273e-01,1.282544e-10
565500,1.795260e-05,7.251568e-01,1.516619e-10
565600,1.498850e-05,6.055352e-01,1.266007e-10
565700,1.572568e-05,6.354297e-01,1.328057e-10
565800,1.442788e-05,5.830924e-01,1.218256e-10
565900,1.608958e-05,6.503637e-01,1.358344e-10
566000,1.497710e-05,6.055029e-01,1.264219e-10
566100,1.515913e-05,6.129701e-01,1.279374e-10
566200,1.386242e-05,5.606359e-01,1.169746e-10
566300,1.496857e-05,6.054787e-01,1.262879e-10
566400,1.145525e-05,4.634466e-01,9.663072e-11
566500,1.293089e-05,5.232392e-01,1.090607e-10
566600,1.200498e-05,4.858585e-01,1.012349e-10
566700,1.588049e-05,6.428197e-01,1.338943e-10
566800,1.310815e-05,5.306929e-01,1.105016e-10
566900,1.605905e-05,6.502770e-01,1.353556e-10
567000,1.531780e-05,6.203709e-01,1.290868e-10
567100,1.605296e-05,6.502597e-01,1.352602e-10
567200,1.531199e-05,6.203544e-01,1.289958e-10
567300,1.328017e-05,5.381316e-01,1.118605e-10
567400,1.272442e-05,5.157026e-01,1.071619e-10
567500,1.382827e-05,5.605388e-01,1.164393e-10
567600,1.493170e-05,6.053739e-01,1.257101e-10
567700,1.474457e-05,5.978922e-01,1.241144e-10
567800,1.584741e-05,6.427256e-01,1.333760e-10
567900,1.510746e-05,6.128232e-01,1.271277e-10
568000,1.344678e-05,5.455549e-01,1.131348e-10
568100,1.399673e-05,5.679674e-01,1.177427e-10
568200,1.380995e-05,5.604867e-01,1.161526e-10
568300,1.583241e-05,6.426829e-01,1.331414e-10
568400,1.398879e-05,5.679448e-01,1.176185e-10
568500,1.564239e-05,6.351930e-01,1.315007e-10
568600,1.379950e-05,5.604569e-01,1.159892e-10
568700,1.655627e-05,6.725394e-01,1.391381e-10
568800,1.195505e-05,4.857164e-01,1.004533e-10
568900,1.195279e-05,4.857100e-01,1.004180e-10
569000,1.470834e-05,5.977890e-01,1.235479e-10
569100,1.397028e-05,5.678920e-01,1.173293e-10
569200,1.433521e-05,5.828288e-01,1.203746e-10
569300,1.470001e-05,5.977652e-01,1.234177e-10
569400,1.598324e-05,6.500611e-01,1.341697e-10
569500,1.671494e-05,6.799399e-01,1.402891e-10
569600,1.303887e-05,5.304955e-01,1.094179e-10
569700,1.377085e-05,5.603752e-01,1.155417e-10
569800,1.395183e-05,5.678393e-01,1.170412e-10
569900,1.468336e-05,5.977177e-01,1.231580e-10
570000,1.523111e-05,6.201239e-01,1.277316e-10
570100,1.577866e-05,6.425295e-01,1.323020e-10
570200,1.485849e-05,6.051652e-01,1.245663e-10
570300,1.613952e-05,6.574547e-01,1.352838e-10
570400,1.320257e-05,5.379103e-01,1.106480e-10
570500,1.540009e-05,6.275538e-01,1.290441e-10
570600,1.301429e-05,5.304253e-01,1.090347e-10
570700,1.246204e-05,5.080063e-01,1.043910e-10
570800,1.630754e-05,6.648818e-01,1.365816e-10
570900,1.465570e-05,5.976387e-01,1.227269e-10
571000,1.593508e-05,6.499235e-01,1.334188e-10
571100,1.721397e-05,7.022069e-01,1.441032e-10
571200,1.354887e-05,5.527938e-01,1.134032e-10
571300,1.555996e-05,6.349575e-01,1.302148e-10
571400,1.390982e-05,5.677192e-01,1.163866e-10
571500,1.592008e-05,6.498805e-01,1.331855e-10
571600,1.445345e-05,5.901136e-01,1.208962e-10
571700,1.591409e-05,6.498634e-01,1.330923e-10
571800,1.444801e-05,5.900980e-01,1.208116e-10
571900,1.700522e-05,6.946632e-01,1.421716e-10
572000,1.517385e-05,6.199601e-01,1.268399e-10
572100,1.462265e-05,5.975440e-01,1.222126e-10
572200,1.297516e-05,5.303133e-01,1.084258e-10
572300,1.498258e-05,6.124665e-01,1.251804e-10
572400,1.406636e-05,5.751134e-01,1.175064e-10
572500,1.515960e-05,6.199192e-01,1.266185e-10
572600,1.570458e-05,6.423175e-01,1.311492e-10
572700,1.551906e-05,6.348403e-01,1.295790e-10
572800,1.387326e-05,5.676144e-01,1.158184e-10
572900,1.514821e-05,6.198866e-01,1.264417e-10
573000,1.423300e-05,5.825363e-01,1.187833e-10
573100,1.568985e-05,6.422752e-01,1.309205e-10
573200,1.349804e-05,5.526481e-01,1.126132e-10
573300,1.531922e-05,6.273220e-01,1.277866e-10
573400,1.331063e-05,5.451656e-01,1.110139e-10
573500,1.731881e-05,7.094527e-01,1.444198e-10
573600,1.421699e-05,5.824903e-01,1.185349e-10
573700,1.403209e-05,5.750150e-01,1.169745e-10
573800,1.494046e-05,6.123455e-01,1.245268e-10
573900,1.457333e-05,5.974024e-01,1.214472e-10
574000,1.438847e-05,5.899272e-01,1.198873e-10
574100,1.474997e-05,6.048541e-01,1.228796e-10
574200,1.583959e-05,6.496495e-01,1.319359e-10
574300,1.638272e-05,6.720424e-01,1.364379e-10
574400,1.292172e-05,5.301598e-01,1.075968e-10
574500,1.237342e-05,5.077521e-01,1.030146e-10
574600,1.510002e-05,6.197481e-01,1.256947e-10
574700,1.564288e-05,6.421402e-01,1.301925e-10
574800,1.418507e-05,5.823986e-01,1.180405e-10
574900,1.654616e-05,6.794561e-01,1.376660e-10
575000,1.381618e-05,5.674504e-01,1.149338e-10
575100,1.617645e-05,6.645055e-01,1.345468e-10
575200,1.526481e-05,6.271655e-01,1.269438e-10
575300,1.399013e-05,5.748942e-01,1.163247e-10
575400,1.471413e-05,6.047509e-01,1.223250e-10
575500,1.452976e-05,5.972770e-01,1.207729e-10
575600,1.252958e-05,5.151447e-01,1.041304e-10
575700,1.234568e-05,5.076722e-01,1.025856e-10
575800,1.288794e-05,5.300625e-01,1.070742e-10
575900,1.342999e-05,5.524523e-01,1.115598e-10
576000,1.306458e-05,5.375141e-01,1.085069e-10
576100,1.469491e-05,6.046955e-01,1.220279e-10
576200,1.451078e-05,5.972223e-01,1.204796e-10
576300,1.487078e-05,6.121448e-01,1.234487e-10
576400,1.504932e-05,6.196019e-01,1.249108e-10
576500,1.577164e-05,6.494538e-01,1.308852e-10
576600,1.431871e-05,5.897262e-01,1.188086e-10
576700,1.612819e-05,6.643664e-01,1.338012e-10
576800,1.068973e-05,4.404169e-01,8.866894e-11
576900,1.141233e-05,4.702695e-01,9.464757e-11
577000,1.285912e-05,5.299794e-01,1.066293e-10
577100,1.575401e-05,6.494028e-01,1.306132e-10
577200,1.557003e-05,6.419301e-01,1.290672e-10
577300,1.212788e-05,5.001018e-01,1.005175e-10
577400,1.592619e-05,6.568415e-01,1.319773e-10
577500,1.519944e-05,6.269769e-01,1.259347e-10
577600,1.374931e-05,5.672574e-01,1.139014e-10
577700,1.428939e-05,5.896414e-01,1.183566e-10
577800,1.374420e-05,5.672426e-01,1.138226e-10
577900,1.591137e-05,6.567987e-01,1.317490e-10
578000,1.410064e-05,5.821549e-01,1.167371e-10
578100,1.464024e-05,6.045375e-01,1.211851e-10
578200,1.572178e-05,6.493096e-01,1.301167e-10
578300,1.626089e-05,6.716909e-01,1.345569e-10
578400,1.409015e-05,5.821245e-01,1.165757e-10
578500,1.517119e-05,6.268951e-01,1.254997e-10
578600,1.390434e-05,5.746464e-01,1.150016e-10
578700,1.480446e-05,6.119531e-01,1.224269e-10
578800,1.516273e-05,6.268706e-01,1.253696e-10
578900,1.461849e-05,6.044745e-01,1.208504e-10
579000,1.443533e-05,5.970041e-01,1.193171e-10
579100,1.280898e-05,5.298343e-01,1.058574e-10
579200,1.100285e-05,4.552038e-01,9.091651e-11
579300,1.316491e-05,5.447450e-01,1.087642e-10
579400,1.658831e-05,6.865190e-01,1.370253e-10
579500,1.568386e-05,6.491997e-01,1.295336e-10
579600,1.171565e-05,4.850280e-01,9.674457e-11
579700,1.405617e-05,5.820260e-01,1.160534e-10
579800,1.297252e-05,5.372478e-01,1.070893e-10
579900,1.603251e-05,6.640893e-01,1.323286e-10
580000,1.242739e-05,5.148491e-01,1.025565e-10
580100,1.332546e-05,5.521498e-01,1.099502e-10
580200,1.458327e-05,6.043724e-01,1.203094e-10
580300,1.458057e-05,6.043645e-01,1.202679e-10
580400,1.367800e-05,5.670507e-01,1.128051e-10
580500,1.493505e-05,6.192710e-01,1.231526e-10
580600,1.583181e-05,6.565680e-01,1.305265e-10
580700,1.546914e-05,6.416377e-01,1.275160e-10
580800,1.384771e-05,5.744821e-01,1.141320e-10
580900,1.294611e-05,5.371711e-01,1.066841e-10
581000,1.330326e-05,5.520853e-01,1.096098e-10
581100,1.545769e-05,6.416044e-01,1.273405e-10
581200,1.186068e-05,4.923877e-01,9.769284e-11
581300,1.329588e-05,5.520639e-01,1.094967e-10
581400,1.185629e-05,4.923749e-01,9.762564e-11
581500,1.688311e-05,7.012521e-01,1.389948e-10
581600,1.418638e-05,5.893426e-01,1.167746e-10
581700,1.346559e-05,5.594952e-01,1.108238e-10
581800,1.256556e-05,5.221887e-01,1.034000e-10
581900,1.274271e-05,5.296417e-01,1.048411e-10
582000,1.327868e-05,5.520138e-01,1.092335e-10
582100,1.255860e-05,5.221685e-01,1.032935e-10
582200,1.327378e-05,5.519995e-01,1.091584e-10
582300,1.416804e-05,5.892892e-01,1.164940e-10
582400,1.344819e-05,5.594445e-01,1.105576e-10
582500,1.452136e-05,6.041922e-01,1.193612e-10
582600,1.613186e-05,6.713160e-01,1.325780e-10
582700,1.559126e-05,6.489304e-01,1.281148e-10
582800,1.505085e-05,6.265454e-01,1.236546e-10
582900,1.612294e-05,6.712900e-01,1.324416e-10
583000,1.540352e-05,6.414466e-01,1.265119e-10
583100,1.701238e-05,7.085656e-01,1.397036e-10
583200,1.396548e-05,5.817621e-01,1.146647e-10
583300,1.432093e-05,5.966714e-01,1.175645e-10
583400,1.557114e-05,6.488718e-01,1.278075e-10
583500,1.521038e-05,6.339470e-01,1.248266e-10
583600,1.574432e-05,6.563131e-01,1.291880e-10
583700,1.448926e-05,6.040986e-01,1.188709e-10
583800,1.555967e-05,6.488383e-01,1.276324e-10
583900,1.555681e-05,6.488299e-01,1.275887e-10
584000,1.305101e-05,5.444135e-01,1.070205e-10
584100,1.447859e-05,6.040674e-01,1.187082e-10
584200,1.304620e-05,5.443994e-01,1.069473e-10
584300,1.500931e-05,6.264241e-01,1.230205e-10
584400,1.375600e-05,5.742147e-01,1.127302e-10
584500,1.393209e-05,5.816646e-01,1.141552e-10
584600,1.428669e-05,5.965714e-01,1.170422e-10
584700,1.642667e-05,6.860482e-01,1.345525e-10
584800,1.321033e-05,5.518143e-01,1.081900e-10
584900,1.267244e-05,5.294366e-01,1.037684e-10
585000,1.159940e-05,4.846893e-01,9.496676e-11
585100,1.213253e-05,5.070530e-01,9.931589e-11
585200,1.337901e-05,5.592424e-01,1.095021e-10
585300,1.284149e-05,5.368658e-01,1.050861e-10
585400,1.497898e-05,6.263354e-01,1.225586e-10
585500,1.248019e-05,5.219395e-01,1.020973e-10
585600,1.105185e-05,4.622833e-01,9.039815e-11
585700,1.265383e-05,5.293821e-01,1.034851e-10
585800,1.193875e-05,4.995514e-01,9.762163e-11
585900,1.264919e-05,5.293685e-01,1.034145e-10
586000,1.282499e-05,5.368175e-01,1.048352e-10
586100,1.531593e-05,6.411905e-01,1.251771e-10
586200,1.495700e-05,6.262710e-01,1.222243e-10
586300,1.566637e-05,6.560850e-01,1.280009e-10
586400,1.370556e-05,5.740670e-01,1.119626e-10
586500,1.334712e-05,5.591490e-01,1.090173e-10
586600,1.441225e-05,6.038732e-01,1.176985e-10
586700,1.476540e-05,6.187757e-01,1.205635e-10
586800,1.511842e-05,6.336778e-01,1.234266e-10
586900,1.440433e-05,6.038499e-01,1.175782e-10
587000,1.529068e-05,6.411164e-01,1.247936e-10
587100,1.493235e-05,6.261987e-01,1.218499e-10
587200,1.386321e-05,5.814628e-01,1.131078e-10
587300,1.368297e-05,5.740007e-01,1.116197e-10
587400,1.385814e-05,5.814478e-01,1.130308e-10
587500,1.492142e-05,6.261666e-01,1.216840e-10
587600,1.367546e-05,5.739787e-01,1.115057e-10
587700,1.509353e-05,6.336047e-01,1.230488e-10
587800,1.438061e-05,6.037803e-01,1.172184e-10
587900,1.508801e-05,6.335885e-01,1.229651e-10
588000,1.313304e-05,5.515876e-01,1.070156e-10
588100,1.330808e-05,5.590343e-01,1.084249e-10
588200,1.437010e-05,6.037494e-01,1.170590e-10
588300,1.614123e-05,6.782776e-01,1.314661e-10
588400,1.578360e-05,6.633620e-01,1.285330e-10
588500,1.436222e-05,6.037262e-01,1.169397e-10
588600,1.577783e-05,6.633450e-01,1.284457e-10
588700,1.666118e-05,7.006026e-01,1.356156e-10
588800,1.258221e-05,5.291718e-01,1.023983e-10
588900,1.470609e-05,6.186014e-01,1.196644e-10
589000,1.434911e-05,6.036876e-01,1.167413e-10
589100,1.523208e-05,6.409441e-01,1.239055e-10
589200,1.416679e-05,5.962194e-01,1.152218e-10
589300,1.540357e-05,6.483804e-01,1.252611e-10
589400,1.504672e-05,6.334670e-01,1.223401e-10
589500,1.610590e-05,6.781736e-01,1.309314e-10
589600,1.380254e-05,5.812843e-01,1.121888e-10
589700,1.468464e-05,6.185382e-01,1.193399e-10
589800,1.450508e-05,6.110781e-01,1.178621e-10
589900,1.432557e-05,6.036182e-01,1.163853e-10
590000,1.467662e-05,6.185145e-01,1.192186e-10
590100,1.166844e-05,4.918245e-01,9.476822e-11
590200,1.325717e-05,5.588844e-01,1.076547e-10
590300,1.519879e-05,6.408459e-01,1.234022e-10
590400,1.201546e-05,5.067089e-01,9.754078e-11
590500,1.201327e-05,5.067025e-01,9.750775e-11
590600,1.254098e-05,5.290503e-01,1.017751e-10
590700,1.412811e-05,5.961054e-01,1.146373e-10
590800,1.147700e-05,4.843294e-01,9.311130e-11
590900,1.200452e-05,5.066767e-01,9.737578e-11
591000,1.217884e-05,5.141212e-01,9.877434e-11
591100,1.641198e-05,6.929372e-01,1.330856e-10
591200,1.358594e-05,5.737149e-01,1.101519e-10
591300,1.146657e-05,4.842986e-01,9.295390e-11
591400,1.146448e-05,4.842924e-01,9.292246e-11
591500,1.287315e-05,5.438908e-01,1.043238e-10
591600,1.269450e-05,5.364334e-01,1.028599e-10
591700,1.427872e-05,6.034799e-01,1.156783e-10
591800,1.515737e-05,6.407236e-01,1.227774e-10
591900,1.533083e-05,6.481656e-01,1.241631e-10
592000,1.233291e-05,5.215059e-01,9.986760e-11
592100,1.215452e-05,5.140493e-01,9.840768e-11
592200,1.356128e-05,5.736419e-01,1.097802e-10
592300,1.567188e-05,6.630323e-01,1.268459e-10
592400,1.267607e-05,5.363788e-01,1.025823e-10
592500,1.566619e-05,6.630154e-01,1.267603e-10
592600,1.425540e-05,6.034109e-01,1.153272e-10
592700,1.601242e-05,6.778974e-01,1.295214e-10
592800,1.266687e-05,5.363516e-01,1.024439e-10
592900,1.319227e-05,5.586925e-01,1.066764e-10
593000,1.512439e-05,6.406259e-01,1.222810e-10
593100,1.389082e-05,5.884745e-01,1.122900e-10
593200,1.353670e-05,5.735691e-01,1.094104e-10
593300,1.529194e-05,6.480504e-01,1.235778e-10
593400,1.528917e-05,6.480422e-01,1.235362e-10
593500,1.511069e-05,6.405853e-01,1.220751e-10
593600,1.335121e-05,5.660915e-01,1.078440e-10
593700,1.299751e-05,5.511873e-01,1.049706e-10
593800,1.334638e-05,5.660771e-01,1.077713e-10
593900,1.562648e-05,6.628977e-01,1.261634e-10
594000,1.351709e-05,5.735110e-01,1.091158e-10
594100,1.562083e-05,6.628809e-01,1.260785e-10
594200,1.333672e-05,5.660485e-01,1.076263e-10
594300,1.561517e-05,6.628641e-01,1.259936e-10
594400,1.350731e-05,5.734819e-01,1.089690e-10
594500,1.350487e-05,5.734747e-01,1.089324e-10
594600,1.420385e-05,6.032580e-01,1.145527e-10
594700,1.314934e-05,5.585651e-01,1.060316e-10
594800,1.384813e-05,5.883478e-01,1.116491e-10
594900,1.349511e-05,5.734457e-01,1.087859e-10
595000,1.524496e-05,6.479110e-01,1.228727e-10
595100,1.646859e-05,7.000329e-01,1.327144e-10
595200,1.208646e-05,5.138474e-01,9.738526e-11
595300,1.366049e-05,5.808637e-01,1.100507e-10
595400,1.313272e-05,5.585157e-01,1.057824e-10
595500,1.488106e-05,6.329765e-01,1.198465e-10
595600,1.312798e-05,5.585016e-01,1.057114e-10
595700,1.470068e-05,6.255139e-01,1.183570e-10
595800,1.434807e-05,6.106130e-01,1.155002e-10
595900,1.591999e-05,6.776229e-01,1.281341e-10
596000,1.241885e-05,5.286881e-01,9.993919e-11
596100,1.469007e-05,6.254823e-01,1.181983e-10
596200,1.433772e-05,6.105822e-01,1.153453e-10
596300,1.416032e-05,6.031284e-01,1.139004e-10
596400,1.398298e-05,5.956749e-01,1.124565e-10
596500,1.310668e-05,5.584382e-01,1.053927e-10
596600,1.520101e-05,6.477801e-01,1.222145e-10
596700,1.502358e-05,6.403263e-01,1.207693e-10
596800,1.222629e-05,5.211893e-01,9.826761e-11
596900,1.239872e-05,5.286282e-01,9.963804e-11
597000,1.047590e-05,4.467224e-01,8.417296e-11
597100,1.291795e-05,5.509507e-01,1.037785e-10
597200,1.692994e-05,7.221830e-01,1.359885e-10
597300,1.465834e-05,6.253877e-01,1.177238e-10
597400,1.413229e-05,6.030449e-01,1.134814e-10
597500,1.447863e-05,6.179271e-01,1.162445e-10
597600,1.360397e-05,5.806953e-01,1.092052e-10
597700,1.377590e-05,5.881327e-01,1.105683e-10
597800,1.307604e-05,5.583468e-01,1.049348e-10
597900,1.551411e-05,6.625632e-01,1.244810e-10
598000,1.341990e-05,5.732216e-01,1.076610e-10
598100,1.428876e-05,6.104361e-01,1.146136e-10
598200,1.533152e-05,6.550939e-01,1.229589e-10
598300,1.498038e-05,6.401974e-01,1.201242e-10
598400,1.149451e-05,4.913081e-01,9.215752e-11
598500,1.184070e-05,5.061899e-01,9.491844e-11
598600,1.166448e-05,4.987396e-01,9.349134e-11
598700,1.235864e-05,5.285085e-01,9.903982e-11
598800,1.392273e-05,5.954951e-01,1.115569e-10
598900,1.444224e-05,6.178184e-01,1.157016e-10
599000,1.200404e-05,5.136016e-01,9.615358e-11
599100,1.478494e-05,6.326897e-01,1.184105e-10
599200,1.304319e-05,5.582486e-01,1.044450e-10
599300,1.269310e-05,5.433552e-01,1.016259e-10
599400,1.442929e-05,6.177796e-01,1.155087e-10
599500,1.390525e-05,5.954428e-01,1.112965e-10
599600,1.320762e-05,5.656635e-01,1.056964e-10
599700,1.390027e-05,5.954278e-01,1.112223e-10
599800,1.511383e-05,6.475197e-01,1.209139e-10
599900,1.459005e-05,6.251836e-01,1.167056e-10
600000,1.337181e-05,5.730778e-01,1.069444e-10
600100,1.145950e-05,4.912034e-01,9.163612e-11
600200,1.388782e-05,5.953905e-01,1.110371e-10
600300,1.475316e-05,6.325945e-01,1.179376e-10
600400,1.301517e-05,5.581647e-01,1.040279e-10
600500,1.509489e-05,6.474629e-01,1.206322e-10
600600,1.353093e-05,5.804767e-01,1.081170e-10
600700,1.613014e-05,6.920982e-01,1.288658e-10
600800,1.144515e-05,4.911603e-01,9.142271e-11
600900,1.074958e-05,4.613873e-01,8.585336e-11
601000,1.282785e-05,5.506811e-01,1.024360e-10
601100,1.213228e-05,5.209081e-01,9.686672e-11
601200,1.247668e-05,5.357845e-01,9.960120e-11
601300,1.195468e-05,5.134537e-01,9.541940e-11
601400,1.125965e-05,4.836822e-01,8.985795e-11
601500,1.402874e-05,6.027349e-01,1.119396e-10
601600,1.194827e-05,5.134344e-01,9.532426e-11
601700,1.506252e-05,6.473658e-01,1.201515e-10
601800,1.367502e-05,5.878305e-01,1.090668e-10
601900,1.384565e-05,5.952640e-01,1.104107e-10
602000,1.245886e-05,5.357309e-01,9.933665e-11
602100,1.505177e-05,6.473334e-01,1.199919e-10
602200,1.366526e-05,5.878012e-01,1.089220e-10
602300,1.521934e-05,6.547577e-01,1.212905e-10
602400,1.106663e-05,4.761815e-01,8.818202e-11
602500,1.123755e-05,4.836158e-01,8.953014e-11
602600,1.400121e-05,6.026522e-01,1.115313e-10
602700,1.227048e-05,5.282441e-01,9.772957e-11
602800,1.226829e-05,5.282375e-01,9.769714e-11
602900,1.295715e-05,5.579904e-01,1.031670e-10
603000,1.485488e-05,6.398210e-01,1.182589e-10
603100,1.502493e-05,6.472527e-01,1.195943e-10
603200,1.312289e-05,5.654091e-01,1.044386e-10
603300,1.398375e-05,6.025996e-01,1.112726e-10
603400,1.260039e-05,5.430768e-01,1.002495e-10
603500,1.466907e-05,6.323419e-01,1.166902e-10
603600,1.311354e-05,5.653810e-01,1.043002e-10
603700,1.362875e-05,5.876913e-01,1.083814e-10
603800,1.345384e-05,5.802450e-01,1.069740e-10
603900,1.586581e-05,6.843830e-01,1.261327e-10
604000,1.344905e-05,5.802305e-01,1.069032e-10
604100,1.413623e-05,6.099784e-01,1.123482e-10
604200,1.292718e-05,5.579001e-01,1.027235e-10
604300,1.395887e-05,6.025246e-01,1.109047e-10
604400,1.395639e-05,6.025171e-01,1.108680e-10
604500,1.378163e-05,5.950713e-01,1.094630e-10
604600,1.464038e-05,6.322554e-01,1.162660e-10
604700,1.394894e-05,6.024947e-01,1.107580e-10
604800,1.222468e-05,5.281061e-01,9.705207e-11
604900,1.394398e-05,6.024797e-01,1.106848e-10
605000,1.342515e-05,5.801585e-01,1.065501e-10
605100,1.548781e-05,6.694053e-01,1.229018e-10
605200,1.221599e-05,5.280798e-01,9.692382e-11
605300,1.496623e-05,6.470757e-01,1.187266e-10
605400,1.393160e-05,6.024423e-01,1.105020e-10
605500,1.633663e-05,7.065594e-01,1.295583e-10
605600,1.427052e-05,6.173021e-01,1.131557e-10
605700,1.392418e-05,6.024199e-01,1.103926e-10
605800,1.478108e-05,6.395984e-01,1.171682e-10
605900,1.495030e-05,6.470276e-01,1.184915e-10
606000,1.391677e-05,6.023975e-01,1.102833e-10
606100,1.923953e-05,8.329344e-01,1.524402e-10
606200,1.528585e-05,6.618772e-01,1.210955e-10
606300,1.597002e-05,6.916159e-01,1.264963e-10
606400,1.356352e-05,5.874944e-01,1.074184e-10
606500,1.493440e-05,6.469795e-01,1.182572e-10
606600,1.373035e-05,5.949163e-01,1.087064e-10
606700,1.510070e-05,6.543998e-01,1.195376e-10
606800,1.321078e-05,5.725927e-01,1.045610e-10
606900,1.509535e-05,6.543836e-01,1.194589e-10
607000,1.320610e-05,5.725786e-01,1.044921e-10
607100,1.560444e-05,6.766754e-01,1.234500e-10
607200,1.320142e-05,5.725644e-01,1.044232e-10
607300,1.422758e-05,6.171722e-01,1.125231e-10
607400,1.422506e-05,6.171646e-01,1.124860e-10
607500,1.353712e-05,5.874144e-01,1.070298e-10
607600,1.507666e-05,6.543270e-01,1.191838e-10
607700,1.387492e-05,6.022708e-01,1.096671e-10
607800,1.455753e-05,6.320048e-01,1.150449e-10
607900,1.609607e-05,6.989143e-01,1.271843e-10
608000,1.232672e-05,5.353320e-01,9.738573e-11
608100,1.386511e-05,6.022410e-01,1.095229e-10
608200,1.198008e-05,5.204488e-01,9.461832e-11
608300,1.317576e-05,5.724866e-01,1.040459e-10
608400,1.385776e-05,6.022187e-01,1.094149e-10
608500,1.471058e-05,6.393848e-01,1.161308e-10
608600,1.385287e-05,6.022039e-01,1.093430e-10
608700,1.590233e-05,6.914107e-01,1.255008e-10
608800,1.265123e-05,5.501480e-01,9.982802e-11
608900,1.093968e-05,4.757978e-01,8.630939e-11
609000,1.418489e-05,6.170427e-01,1.118957e-10
609100,1.161930e-05,5.055227e-01,9.164351e-11
609200,1.247146e-05,5.426868e-01,9.834971e-11
609300,1.315251e-05,5.724160e-01,1.037047e-10
609400,1.434566e-05,6.244461e-01,1.130953e-10
609500,1.485539e-05,6.467398e-01,1.170959e-10
609600,1.195050e-05,5.203590e-01,9.418422e-11
609700,1.228978e-05,5.352198e-01,9.684342e-11
609800,1.314092e-05,5.723808e-01,1.035347e-10
609900,1.484491e-05,6.467080e-01,1.169424e-10
610000,1.313628e-05,5.723667e-01,1.034668e-10
610100,1.449854e-05,6.318256e-01,1.141792e-10
610200,1.381382e-05,6.020852e-01,1.087704e-10
610300,1.671007e-05,7.284398e-01,1.315556e-10
610400,1.295655e-05,5.649055e-01,1.019893e-10
610500,1.448833e-05,6.317945e-01,1.140296e-10
610600,1.329283e-05,5.797572e-01,1.046047e-10
610700,1.363127e-05,5.946155e-01,1.072517e-10
610800,1.482140e-05,6.466364e-01,1.165980e-10
610900,1.345614e-05,5.871683e-01,1.058417e-10
611000,1.464588e-05,6.391881e-01,1.151824e-10
611100,1.260005e-05,5.499923e-01,9.907798e-11
611200,9.873980e-06,4.310697e-01,7.763031e-11
611300,1.140414e-05,4.979538e-01,8.964705e-11
611400,1.106178e-05,4.830835e-01,8.694257e-11
611500,1.344195e-05,5.871251e-01,1.056341e-10
611600,1.071764e-05,4.682079e-01,8.421231e-11
611700,1.530823e-05,6.688603e-01,1.202640e-10
611800,1.377499e-05,6.019669e-01,1.082022e-10
611900,1.411263e-05,6.168227e-01,1.108376e-10
612000,1.105012e-05,4.830480e-01,8.677218e-11
612100,1.053826e-05,4.607478e-01,8.274027e-11
612200,1.376531e-05,6.019373e-01,1.080608e-10
612300,1.359298e-05,5.944987e-01,1.066919e-10
612400,1.376048e-05,6.019226e-01,1.079903e-10
612500,1.392791e-05,6.093462e-01,1.092878e-10
612600,1.290653e-05,5.647530e-01,1.012581e-10
612700,1.477199e-05,6.464857e-01,1.158760e-10
612800,1.375082e-05,6.018931e-01,1.078493e-10
612900,1.391814e-05,6.093164e-01,1.091452e-10
613000,1.374600e-05,6.018783e-01,1.077790e-10
613100,1.544033e-05,6.761760e-01,1.210455e-10
613200,1.306260e-05,5.721419e-01,1.023897e-10
613300,1.526530e-05,6.687292e-01,1.196373e-10
613400,1.305802e-05,5.721279e-01,1.023230e-10
613500,1.322529e-05,5.795511e-01,1.036181e-10
613600,1.339250e-05,5.869741e-01,1.049123e-10
613700,1.440713e-05,6.315466e-01,1.128435e-10
613800,1.372674e-05,6.018194e-01,1.074982e-10
613900,1.355490e-05,5.943823e-01,1.061365e-10
614000,1.558540e-05,6.835313e-01,1.220172e-10
614100,1.304202e-05,5.720790e-01,1.020898e-10
614200,1.354778e-05,5.943605e-01,1.060328e-10
614300,1.371473e-05,6.017827e-01,1.073233e-10
614400,1.185016e-05,5.200527e-01,9.271834e-11
614500,1.370993e-05,6.017680e-01,1.072534e-10
614600,1.303062e-05,5.720441e-01,1.019238e-10
614700,1.252074e-05,5.497499e-01,9.792088e-11
614800,1.065768e-05,4.680246e-01,8.333795e-11
614900,1.217808e-05,5.348788e-01,9.521240e-11
615000,1.471261e-05,6.463039e-01,1.150109e-10
615100,1.606269e-05,7.057256e-01,1.255458e-10
615200,1.217170e-05,5.348592e-01,9.511956e-11
615300,1.402881e-05,6.165663e-01,1.096161e-10
615400,1.318140e-05,5.794166e-01,1.029792e-10
615500,1.317910e-05,5.794096e-01,1.029458e-10
615600,1.486613e-05,6.536849e-01,1.161062e-10
615700,1.114765e-05,4.902577e-01,8.705137e-11
615800,1.418544e-05,6.239567e-01,1.107567e-10
615900,1.300105e-05,5.719534e-01,1.014940e-10
616000,1.097300e-05,4.828119e-01,8.564893e-11
616100,1.198380e-05,5.273727e-01,9.352462e-11
616200,1.096917e-05,4.828002e-01,8.559334e-11
616300,1.501670e-05,6.610568e-01,1.171590e-10
616400,1.535148e-05,6.759038e-01,1.197529e-10
616500,1.450546e-05,6.387584e-01,1.131364e-10
616600,1.399702e-05,6.164687e-01,1.091544e-10
616700,1.450041e-05,6.387429e-01,1.130630e-10
616800,1.348640e-05,5.941722e-01,1.051408e-10
616900,1.516955e-05,6.684356e-01,1.182451e-10
617000,1.348170e-05,5.941578e-01,1.050726e-10
617100,1.516427e-05,6.684193e-01,1.181684e-10
617200,1.330854e-05,5.867165e-01,1.036920e-10
617300,1.515899e-05,6.684031e-01,1.180919e-10
617400,1.650358e-05,7.278079e-01,1.285473e-10
617500,1.734258e-05,7.649316e-01,1.350620e-10
617600,1.296258e-05,5.718351e-01,1.009360e-10
617700,1.346528e-05,5.941072e-01,1.048346e-10
617800,1.396779e-05,6.163788e-01,1.087307e-10
617900,1.362885e-05,6.015190e-01,1.060764e-10
618000,1.194420e-05,5.272510e-01,9.295043e-11
618100,1.681989e-05,7.425980e-01,1.308737e-10
618200,1.513527e-05,6.683301e-01,1.177483e-10
618300,1.479635e-05,6.534704e-01,1.150944e-10
618400,1.428945e-05,6.311853e-01,1.111348e-10
618500,1.411888e-05,6.237520e-01,1.097918e-10
618600,1.361227e-05,6.014679e-01,1.058364e-10
618700,1.579421e-05,6.979913e-01,1.227828e-10
618800,1.243158e-05,5.494759e-01,9.662758e-11
618900,1.142163e-05,5.049176e-01,8.876422e-11
619000,1.309901e-05,5.791632e-01,1.017849e-10
619100,1.343255e-05,5.940064e-01,1.043610e-10
619200,1.141568e-05,5.048993e-01,8.867823e-11
619300,1.393143e-05,6.162667e-01,1.082047e-10
619400,1.292209e-05,5.717104e-01,1.003502e-10
619500,1.392659e-05,6.162518e-01,1.081348e-10
619600,1.274985e-05,5.642719e-01,9.898304e-11
619700,1.375403e-05,6.088123e-01,1.067630e-10
619800,1.207461e-05,5.345604e-01,9.371290e-11
619900,1.391693e-05,6.162219e-01,1.079953e-10
620000,1.424981e-05,6.310630e-01,1.105619e-10
620100,1.391211e-05,6.162070e-01,1.079256e-10
620200,1.340694e-05,5.939273e-01,1.039912e-10
620300,1.223171e-05,5.419521e-01,9.486135e-11
620400,1.373735e-05,6.087608e-01,1.065222e-10
620500,1.507497e-05,6.681440e-01,1.168770e-10
620600,1.574224e-05,6.978309e-01,1.220322e-10
620700,1.406509e-05,6.235860e-01,1.090149e-10
620800,1.088182e-05,4.825310e-01,8.432958e-11
620900,1.305592e-05,5.790302e-01,1.011629e-10
621000,1.305366e-05,5.790232e-01,1.011303e-10
621100,1.455733e-05,6.458257e-01,1.127629e-10
621200,1.405292e-05,6.235484e-01,1.088395e-10
621300,1.572317e-05,6.977719e-01,1.217573e-10
621400,1.572045e-05,6.977635e-01,1.217182e-10
621500,1.688820e-05,7.497155e-01,1.307402e-10
621600,1.421039e-05,6.309411e-01,1.099935e-10
621700,1.420793e-05,6.309335e-01,1.099581e-10
621800,1.387123e-05,6.160806e-01,1.073363e-10
621900,1.453721e-05,6.457634e-01,1.124730e-10
622000,1.470176e-05,6.531781e-01,1.137292e-10
622100,1.403107e-05,6.234807e-01,1.085248e-10
622200,1.469668e-05,6.531624e-01,1.136561e-10
622300,1.569601e-05,6.976878e-01,1.213663e-10
622400,1.335600e-05,5.937697e-01,1.032573e-10
622500,1.502291e-05,6.679828e-01,1.161272e-10
622600,1.451964e-05,6.457090e-01,1.122202e-10
622700,1.618577e-05,7.199197e-01,1.250789e-10
622800,1.384729e-05,6.160064e-01,1.069919e-10
622900,1.401170e-05,6.234206e-01,1.082462e-10
623000,1.517672e-05,6.753642e-01,1.172291e-10
623100,1.534085e-05,6.827776e-01,1.184793e-10
623200,1.333757e-05,5.937125e-01,1.029924e-10
623300,1.500218e-05,6.679185e-01,1.158293e-10
623400,1.399962e-05,6.233831e-01,1.080726e-10
623500,1.666334e-05,7.421139e-01,1.286166e-10
623600,1.466121e-05,6.530524e-01,1.131463e-10
623700,1.732390e-05,7.717799e-01,1.336755e-10
623800,1.515580e-05,6.752993e-01,1.169286e-10
623900,1.631882e-05,7.272366e-01,1.258827e-10
624000,1.115482e-05,4.971864e-01,8.603509e-11
624100,1.148582e-05,5.120217e-01,8.857491e-11
624200,1.198314e-05,5.342771e-01,9.239638e-11
624300,1.414433e-05,6.307362e-01,1.090441e-10
624400,1.297727e-05,5.787863e-01,1.000320e-10
624500,1.364042e-05,6.084603e-01,1.051281e-10
624600,1.297280e-05,5.787724e-01,9.996792e-11
624700,1.629636e-05,7.271668e-01,1.255605e-10
624800,1.363338e-05,6.084384e-01,1.050272e-10
624900,1.180248e-05,5.268123e-01,9.090909e-11
625000,1.180045e-05,5.268060e-01,9.088000e-11
625100,1.346017e-05,6.009968e-01,1.036468e-10
625200,1.212869e-05,5.416326e-01,9.338023e-11
625300,1.345555e-05,6.009824e-01,1.035805e-10
625400,1.345323e-05,6.009752e-01,1.035474e-10
625500,1.461335e-05,6.529035e-01,1.124600e-10
625600,1.278448e-05,5.712837e-01,9.837104e-11
625700,1.377831e-05,6.157920e-01,1.060024e-10
625800,1.195021e-05,5.341746e-01,9.192452e-11
625900,1.277790e-05,5.712632e-01,9.827676e-11
626000,1.559631e-05,6.973779e-01,1.199359e-10
626100,1.393474e-05,6.231813e-01,1.071425e-10
626200,1.360062e-05,6.083364e-01,1.045581e-10
626300,1.392995e-05,6.231664e-01,1.070741e-10
626400,1.210371e-05,5.415548e-01,9.302279e-11
626500,1.259897e-05,5.638037e-01,9.681473e-11
626600,1.491727e-05,6.676543e-01,1.146124e-10
626700,1.458327e-05,6.528097e-01,1.120297e-10
626800,1.292387e-05,5.786199e-01,9.926740e-11
626900,1.225900e-05,5.489405e-01,9.414672e-11
627000,1.225690e-05,5.489340e-01,9.411669e-11
627100,1.142677e-05,5.118377e-01,8.772947e-11
627200,1.059693e-05,4.747424e-01,8.134631e-11
627300,1.208505e-05,5.414965e-01,9.275606e-11
627400,1.092434e-05,4.895664e-01,8.383491e-11
627500,1.141894e-05,5.118133e-01,8.761766e-11
627600,1.389894e-05,6.230696e-01,1.066310e-10
627700,1.555091e-05,6.972362e-01,1.192871e-10
627800,1.372877e-05,6.156374e-01,1.052944e-10
627900,1.604172e-05,7.194713e-01,1.230158e-10
628000,1.008637e-05,4.524456e-01,7.733579e-11
628100,1.206850e-05,5.414448e-01,9.251993e-11
628200,1.123997e-05,5.043536e-01,8.615551e-11
628300,1.206438e-05,5.414319e-01,9.246103e-11
628400,1.222755e-05,5.488423e-01,9.369780e-11
628500,1.106900e-05,4.969188e-01,8.480750e-11
628600,1.271891e-05,5.710790e-01,9.743432e-11
628700,1.222128e-05,5.488226e-01,9.360840e-11
628800,1.238431e-05,5.562325e-01,9.484320e-11
628900,1.320768e-05,5.933076e-01,1.011339e-10
629000,1.039927e-05,4.672242e-01,7.961763e-11
629100,1.336820e-05,6.007097e-01,1.023330e-10
629200,1.204583e-05,5.413739e-01,9.219671e-11
629300,1.435353e-05,6.451913e-01,1.098434e-10
629400,1.303144e-05,5.858564e-01,9.971113e-11
629500,1.484341e-05,6.674234e-01,1.135589e-10
629600,1.253230e-05,5.635953e-01,9.586369e-11
629700,1.351938e-05,6.080824e-01,1.033990e-10
629800,1.269286e-05,5.709975e-01,9.706338e-11
629900,1.334995e-05,6.006525e-01,1.020732e-10
630000,1.268853e-05,5.709839e-01,9.700176e-11
630100,1.301588e-05,5.858077e-01,9.948970e-11
630200,1.416677e-05,6.377071e-01,1.082709e-10
630300,1.367025e-05,6.154542e-01,1.044608e-10
630400,1.597335e-05,7.192572e-01,1.220420e-10
630500,1.811102e-05,8.156428e-01,1.383543e-10
630600,1.761408e-05,7.933886e-01,1.345383e-10
630700,2.304253e-05,1.038066e+00,1.759756e-10
630800,1.645615e-05,7.414670e-01,1.256570e-10
630900,1.859228e-05,8.378478e-01,1.419474e-10
631000,2.155021e-05,9.712988e-01,1.645063e-10
631100,1.875042e-05,8.452423e-01,1.431128e-10
631200,2.088507e-05,9.416184e-01,1.593822e-10
631300,1.677098e-05,7.562515e-01,1.279672e-10
631400,1.759009e-05,7.933133e-01,1.341976e-10
631500,2.251806e-05,1.015725e+00,1.717686e-10
631600,1.725543e-05,7.784665e-01,1.316058e-10
631700,2.218178e-05,1.000874e+00,1.691539e-10
631800,2.234229e-05,1.008276e+00,1.703530e-10
631900,1.856066e-05,8.377485e-01,1.414985e-10
632000,2.036398e-05,9.192883e-01,1.552235e-10
632100,1.773335e-05,8.006610e-01,1.351519e-10
632200,2.068540e-05,9.340934e-01,1.576273e-10
632300,2.183087e-05,9.859758e-01,1.663318e-10
632400,1.854488e-05,8.376989e-01,1.412748e-10
632500,2.247980e-05,1.015605e+00,1.712259e-10
632600,1.771829e-05,8.006136e-01,1.349383e-10
632700,1.951961e-05,8.821471e-01,1.486351e-10
632800,2.246834e-05,1.015569e+00,1.710636e-10
632900,1.770926e-05,8.005852e-01,1.348105e-10
633000,1.950967e-05,8.821158e-01,1.484942e-10
633100,1.590014e-05,7.190271e-01,1.210033e-10
633200,1.589744e-05,7.190186e-01,1.209651e-10
633300,1.949974e-05,8.820845e-01,1.483536e-10
633400,1.540054e-05,6.967644e-01,1.171499e-10
633500,2.276927e-05,1.030310e+00,1.731775e-10
633600,1.424885e-05,6.448625e-01,1.083575e-10
633700,1.703022e-05,7.708610e-01,1.294899e-10
633800,1.931948e-05,8.746204e-01,1.468749e-10
633900,1.604227e-05,7.263711e-01,1.219424e-10
634000,1.914926e-05,8.671879e-01,1.455383e-10
634100,1.947330e-05,8.820012e-01,1.479795e-10
634200,1.587050e-05,7.189336e-01,1.205839e-10
634300,2.175689e-05,9.857427e-01,1.652845e-10
634400,1.439310e-05,6.522131e-01,1.093267e-10
634500,1.913304e-05,8.671367e-01,1.453090e-10
634600,1.929330e-05,8.745378e-01,1.465048e-10
634700,1.634749e-05,7.411250e-01,1.241175e-10
634800,1.994056e-05,9.041618e-01,1.513756e-10
634900,1.552485e-05,7.040521e-01,1.178373e-10
635000,1.715614e-05,7.781537e-01,1.302003e-10
635100,2.238090e-05,1.015293e+00,1.698268e-10
635200,1.519030e-05,6.892056e-01,1.152476e-10
635300,1.927045e-05,8.744656e-01,1.461821e-10
635400,1.404219e-05,6.373149e-01,1.065060e-10
635500,1.665188e-05,7.558762e-01,1.262813e-10
635600,1.877100e-05,8.522034e-01,1.423312e-10
635700,1.925742e-05,8.744245e-01,1.459982e-10
635800,2.153856e-05,9.781582e-01,1.632687e-10
635900,2.284006e-05,1.037428e+00,1.731093e-10
636000,1.794273e-05,8.151127e-01,1.359717e-10
636100,2.152764e-05,9.781237e-01,1.631147e-10
636200,1.793667e-05,8.150935e-01,1.358862e-10
636300,2.168340e-05,9.855105e-01,1.642471e-10
636400,2.151673e-05,9.780892e-01,1.629610e-10
636500,1.792758e-05,8.150647e-01,1.357581e-10
636600,2.199832e-05,1.000295e+00,1.665599e-10
636700,1.808445e-05,8.224551e-01,1.369063e-10
636800,2.052483e-05,9.335867e-01,1.553583e-10
636900,2.133571e-05,9.706224e-01,1.614726e-10
637000,1.709826e-05,7.779706e-01,1.293840e-10
637100,2.246820e-05,1.022464e+00,1.699941e-10
637200,1.627856e-05,7.409070e-01,1.231455e-10
637300,1.871719e-05,8.520330e-01,1.415729e-10
637400,2.278230e-05,1.037245e+00,1.722955e-10
637500,1.871087e-05,8.520130e-01,1.414840e-10
637600,2.049715e-05,9.334990e-01,1.549687e-10
637700,1.626484e-05,7.408635e-01,1.229524e-10
637800,1.805093e-05,8.223489e-01,1.364344e-10
637900,2.211273e-05,1.007551e+00,1.671105e-10
638000,1.820742e-05,8.297379e-01,1.375773e-10
638100,2.178020e-05,9.927105e-01,1.645498e-10
638200,2.242658e-05,1.022332e+00,1.694086e-10
638300,1.868567e-05,8.519331e-01,1.411296e-10
638400,2.095692e-05,9.556355e-01,1.582610e-10
638500,1.705509e-05,7.778337e-01,1.287768e-10
638600,2.094986e-05,9.556131e-01,1.581619e-10
638700,2.208296e-05,1.007456e+00,1.666921e-10
638800,1.737117e-05,7.926218e-01,1.311064e-10
638900,2.240017e-05,1.022248e+00,1.690376e-10
639000,1.720304e-05,7.851957e-01,1.297998e-10
639100,1.947186e-05,8.888904e-01,1.468972e-10
639200,2.060425e-05,9.407313e-01,1.554176e-10
639300,1.670773e-05,7.629464e-01,1.260079e-10
639400,2.124606e-05,9.703379e-01,1.602124e-10
639500,1.702642e-05,7.777427e-01,1.283743e-10
639600,1.734782e-05,7.925475e-01,1.307787e-10
639700,2.139745e-05,9.777108e-01,1.612840e-10
639800,1.717992e-05,7.851222e-01,1.294754e-10
639900,2.139027e-05,9.776879e-01,1.611832e-10
640000,1.571596e-05,7.184441e-01,1.184082e-10
640100,1.765724e-05,8.073143e-01,1.330151e-10
640200,2.089359e-05,9.554342e-01,1.573723e-10
640300,1.684162e-05,7.702636e-01,1.268342e-10
640400,2.072467e-05,9.480056e-01,1.560549e-10
640500,2.217815e-05,1.014650e+00,1.669753e-10
640600,1.667129e-05,7.628305e-01,1.254970e-10
640700,2.314169e-05,1.059063e+00,1.741793e-10
640800,1.618029e-05,7.405948e-01,1.217657e-10
640900,2.086907e-05,9.553561e-01,1.570287e-10
641000,2.135082e-05,9.775623e-01,1.606305e-10
641100,1.778936e-05,8.146258e-01,1.338170e-10
641200,2.150535e-05,9.849451e-01,1.617464e-10
641300,1.616673e-05,7.405516e-01,1.215759e-10
641400,1.778042e-05,8.145973e-01,1.336918e-10
641500,2.165616e-05,9.923160e-01,1.628102e-10
641600,1.728971e-05,7.923625e-01,1.299646e-10
641700,2.439540e-05,1.118181e+00,1.833508e-10
641800,1.663779e-05,7.627237e-01,1.250281e-10
641900,1.566597e-05,7.182848e-01,1.177083e-10
642000,1.970030e-05,9.033992e-01,1.479993e-10
642100,1.614508e-05,7.404826e-01,1.212732e-10
642200,2.163079e-05,9.922351e-01,1.624554e-10
642300,2.033599e-05,9.329863e-01,1.527090e-10
642400,1.645972e-05,7.552658e-01,1.235831e-10
642500,2.049053e-05,9.403691e-01,1.538252e-10
642600,1.500237e-05,6.886087e-01,1.126086e-10
642700,1.806435e-05,8.292825e-01,1.355724e-10
642800,1.838385e-05,8.440813e-01,1.379504e-10
642900,1.483361e-05,6.811805e-01,1.112938e-10
643000,1.934495e-05,8.884860e-01,1.451207e-10
643100,1.724637e-05,7.922241e-01,1.293590e-10
643200,1.804925e-05,8.292343e-01,1.353617e-10
643300,1.804624e-05,8.292247e-01,1.353197e-10
643400,1.401572e-05,6.441224e-01,1.050817e-10
643500,1.836236e-05,8.440127e-01,1.376505e-10
643600,1.352790e-05,6.218968e-01,1.013952e-10
643700,1.561889e-05,7.181344e-01,1.170509e-10
643800,1.803118e-05,8.291765e-01,1.351096e-10
643900,1.561368e-05,7.181178e-01,1.169782e-10
644000,1.963455e-05,9.031892e-01,1.470815e-10
644100,1.609121e-05,7.403104e-01,1.205212e-10
644200,1.657118e-05,7.625109e-01,1.240983e-10
644300,2.139416e-05,9.845900e-01,1.601937e-10
644400,1.592232e-05,7.328818e-01,1.192049e-10
644500,2.090461e-05,9.623588e-01,1.564831e-10
644600,1.993646e-05,9.179316e-01,1.492145e-10
644700,1.752187e-05,8.068822e-01,1.311237e-10
644800,1.944764e-05,8.957028e-01,1.455142e-10
644900,1.655185e-05,7.624490e-01,1.238290e-10
645000,1.976250e-05,9.104867e-01,1.478277e-10
645100,2.088372e-05,9.622919e-01,1.561922e-10
645200,1.574049e-05,7.254116e-01,1.177084e-10
645300,1.911027e-05,8.808468e-01,1.428873e-10
645400,1.541412e-05,7.105909e-01,1.152347e-10
645500,1.765907e-05,8.142093e-01,1.319989e-10
645600,1.877970e-05,8.660126e-01,1.403553e-10
645700,1.508545e-05,6.957627e-01,1.127292e-10
645800,1.829208e-05,8.437876e-01,1.366718e-10
645900,1.540129e-05,7.105497e-01,1.150564e-10
646000,1.411550e-05,6.513297e-01,1.054357e-10
646100,2.116973e-05,9.769833e-01,1.581046e-10
646200,1.635571e-05,7.549329e-01,1.221339e-10
646300,1.811655e-05,8.363375e-01,1.352633e-10
646400,1.618998e-05,7.475143e-01,1.208617e-10
646500,1.730917e-05,7.993130e-01,1.291983e-10
646600,1.987019e-05,9.177191e-01,1.482929e-10
646700,1.698299e-05,7.844927e-01,1.267273e-10
646800,2.098492e-05,9.695034e-01,1.565674e-10
646900,2.098144e-05,9.694922e-01,1.565190e-10
647000,1.713466e-05,7.918662e-01,1.278042e-10
647100,1.825259e-05,8.436608e-01,1.361232e-10
647200,1.360713e-05,6.290380e-01,1.014640e-10
647300,2.048733e-05,9.472463e-01,1.527456e-10
647400,2.048393e-05,9.472354e-01,1.526984e-10
647500,1.712044e-05,7.918205e-01,1.276069e-10
647600,2.063711e-05,9.546136e-01,1.537964e-10
647700,1.711476e-05,7.918022e-01,1.275281e-10
647800,1.727185e-05,7.991930e-01,1.286802e-10
647900,2.110653e-05,9.767801e-01,1.572273e-10
648000,1.566740e-05,7.251769e-01,1.166933e-10
648100,2.046015e-05,9.471589e-01,1.523688e-10
648200,1.566221e-05,7.251602e-01,1.166213e-10
648300,1.757711e-05,8.139459e-01,1.308611e-10
648400,1.981092e-05,9.175285e-01,1.474707e-10
648500,1.725181e-05,7.991285e-01,1.284026e-10
648600,2.076263e-05,9.619028e-01,1.545110e-10
648700,1.948170e-05,9.026984e-01,1.449580e-10
648800,1.692392e-05,7.843027e-01,1.259082e-10
648900,2.027341e-05,9.396726e-01,1.508058e-10
649000,1.643949e-05,7.620879e-01,1.222694e-10
649100,2.074544e-05,9.618474e-01,1.542731e-10
649200,2.010379e-05,9.322414e-01,1.494802e-10
649300,1.675038e-05,7.768589e-01,1.245284e-10
649400,2.025664e-05,9.396185e-01,1.505737e-10
649500,1.706379e-05,7.916380e-01,1.268223e-10
649600,1.961214e-05,9.100033e-01,1.457414e-10
649700,2.056543e-05,9.543827e-01,1.528037e-10
649800,1.593956e-05,7.398231e-01,1.184161e-10
649900,2.023989e-05,9.395645e-01,1.503421e-10
650000,1.545626e-05,7.176119e-01,1.147929e-10
650100,1.609097e-05,7.471955e-01,1.194899e-10
650200,1.895553e-05,8.803490e-01,1.407418e-10
650300,1.751902e-05,8.137586e-01,1.300574e-10
650400,2.006393e-05,9.321128e-01,1.489291e-10
650500,1.416980e-05,6.583896e-01,1.051636e-10
650600,1.623686e-05,7.545502e-01,1.204875e-10
650700,2.148641e-05,9.986579e-01,1.594198e-10
650800,1.702716e-05,7.915197e-01,1.263161e-10
650900,2.068379e-05,9.616485e-01,1.534210e-10
651000,1.829418e-05,8.506793e-01,1.356769e-10
651100,1.590535e-05,7.397126e-01,1.179437e-10
651200,1.828814e-05,8.506597e-01,1.355936e-10
651300,1.510510e-05,7.027109e-01,1.119777e-10
651400,1.764621e-05,8.210527e-01,1.307969e-10
651500,1.986858e-05,9.245983e-01,1.472486e-10
651600,1.446194e-05,6.730999e-01,1.071641e-10
651700,1.970313e-05,9.171805e-01,1.459810e-10
651800,1.445717e-05,6.730844e-01,1.070983e-10
651900,1.779050e-05,8.284021e-01,1.317729e-10
652000,2.016984e-05,9.393381e-01,1.493752e-10
652100,1.683189e-05,7.840055e-01,1.246371e-10
652200,2.048072e-05,9.541090e-01,1.516345e-10
652300,1.730256e-05,8.061759e-01,1.280860e-10
652400,1.634744e-05,7.617905e-01,1.209983e-10
652500,2.094666e-05,9.762640e-01,1.550183e-10
652600,1.681803e-05,7.839606e-01,1.244462e-10
652700,1.792571e-05,8.357220e-01,1.326237e-10
652800,1.332311e-05,6.212376e-01,9.855735e-11
652900,1.522390e-05,7.099777e-01,1.126025e-10
653000,1.934386e-05,9.022530e-01,1.430551e-10
653100,1.601155e-05,7.469386e-01,1.183946e-10
653200,1.949600e-05,9.096277e-01,1.441394e-10
653300,1.901736e-05,8.874315e-01,1.405808e-10
653400,1.742971e-05,8.134696e-01,1.288263e-10
653500,1.853583e-05,8.652259e-01,1.369824e-10
653600,1.362239e-05,6.359708e-01,1.006571e-10
653700,1.789624e-05,8.356265e-01,1.322183e-10
653800,1.995182e-05,9.317498e-01,1.473841e-10
653900,1.488224e-05,6.951070e-01,1.099196e-10
654000,1.994526e-05,9.317286e-01,1.472940e-10
654100,1.630178e-05,7.616424e-01,1.203702e-10
654200,1.614086e-05,7.542392e-01,1.191651e-10
654300,2.135939e-05,9.982464e-01,1.576703e-10
654400,1.518641e-05,7.098560e-01,1.120868e-10
654500,1.771456e-05,8.281559e-01,1.307280e-10
654600,1.486514e-05,6.950515e-01,1.096847e-10
654700,1.644384e-05,7.689844e-01,1.213162e-10
654800,2.039334e-05,9.538255e-01,1.504327e-10
654900,1.786100e-05,8.355120e-01,1.317342e-10
655000,2.101879e-05,9.833791e-01,1.550026e-10
655100,2.069932e-05,9.685804e-01,1.526251e-10
655200,1.532446e-05,7.171849e-01,1.129780e-10
655300,1.769132e-05,8.280804e-01,1.304090e-10
655400,1.705669e-05,7.984970e-01,1.257132e-10
655500,2.115947e-05,9.907164e-01,1.559299e-10
655600,1.941931e-05,9.093786e-01,1.430860e-10
655700,1.625903e-05,7.615035e-01,1.197835e-10
655800,1.941295e-05,9.093579e-01,1.429988e-10
655900,1.578030e-05,7.393070e-01,1.162237e-10
656000,1.877548e-05,8.797653e-01,1.382641e-10
656100,2.003441e-05,9.388985e-01,1.475141e-10
656200,1.387984e-05,6.505679e-01,1.021834e-10
656300,1.766236e-05,8.279861e-01,1.300119e-10
656400,1.324460e-05,6.209825e-01,9.747924e-11
656500,1.497656e-05,7.022937e-01,1.102108e-10
656600,1.970277e-05,9.240601e-01,1.449700e-10
656700,1.749320e-05,8.205560e-01,1.286942e-10
656800,1.985390e-05,9.314314e-01,1.460408e-10
656900,1.559694e-05,7.318306e-01,1.147114e-10
657000,1.370416e-05,6.431166e-01,1.007763e-10
657100,1.763925e-05,8.279108e-01,1.296956e-10
657200,1.527435e-05,7.170217e-01,1.122914e-10
657300,2.015255e-05,9.461623e-01,1.481333e-10
657400,2.109375e-05,9.905024e-01,1.550299e-10
657500,1.825728e-05,8.574401e-01,1.341641e-10
657600,1.935585e-05,9.091718e-01,1.422170e-10
657700,1.400316e-05,6.578486e-01,1.028737e-10
657800,1.761908e-05,8.278450e-01,1.294197e-10
657900,1.793078e-05,8.426184e-01,1.316907e-10
658000,1.588344e-05,7.465219e-01,1.166379e-10
658100,2.059793e-05,9.682500e-01,1.512368e-10
658200,1.619268e-05,7.612872e-01,1.188753e-10
658300,1.729033e-05,8.130159e-01,1.269156e-10
658400,1.995921e-05,9.386532e-01,1.464853e-10
658500,1.618475e-05,7.612613e-01,1.187670e-10
658600,1.948137e-05,9.164595e-01,1.429382e-10
658700,1.633655e-05,7.686348e-01,1.198472e-10
658800,1.617683e-05,7.612354e-01,1.186588e-10
658900,2.041403e-05,9.607717e-01,1.497181e-10
659000,1.679958e-05,7.907801e-01,1.231921e-10
659100,1.883757e-05,8.868461e-01,1.381175e-10
659200,1.553847e-05,7.316397e-01,1.139123e-10
659300,1.616365e-05,7.611923e-01,1.184789e-10
659400,1.820075e-05,8.572554e-01,1.333921e-10
659500,1.678589e-05,7.907353e-01,1.230054e-10
659600,2.039075e-05,9.606956e-01,1.494005e-10
659700,2.070108e-05,9.754645e-01,1.516530e-10
659800,1.646409e-05,7.759289e-01,1.205965e-10
659900,2.085111e-05,9.828321e-01,1.527093e-10
660000,1.520473e-05,7.167943e-01,1.113407e-10
660100,1.833674e-05,8.645771e-01,1.342568e-10
660200,1.723686e-05,8.128411e-01,1.261861e-10
660300,1.660736e-05,7.832744e-01,1.215607e-10
660400,1.817114e-05,8.571585e-01,1.329884e-10
660500,1.628871e-05,7.684782e-01,1.191949e-10
660600,1.738224e-05,8.201935e-01,1.271791e-10
660700,1.784913e-05,8.423514e-01,1.305769e-10
660800,1.299330e-05,6.132840e-01,9.504035e-11
660900,1.815636e-05,8.571101e-01,1.327873e-10
661000,1.564949e-05,7.388797e-01,1.144372e-10
661100,1.611636e-05,7.610375e-01,1.178346e-10
661200,1.939906e-05,9.161901e-01,1.418163e-10
661300,1.626754e-05,7.684088e-01,1.189067e-10
661400,1.939276e-05,9.161694e-01,1.417305e-10
661500,2.079692e-05,9.826545e-01,1.519714e-10
661600,1.563424e-05,7.388296e-01,1.142297e-10
661700,1.953963e-05,9.235266e-01,1.427440e-10
661800,1.562917e-05,7.388130e-01,1.141607e-10
661900,1.968955e-05,9.308939e-01,1.437990e-10
662000,1.968636e-05,9.308834e-01,1.437555e-10
662100,1.624642e-05,7.683395e-01,1.186195e-10
662200,1.967997e-05,9.308624e-01,1.436687e-10
662300,1.749046e-05,8.274239e-01,1.276670e-10
662400,1.967358e-05,9.308414e-01,1.435820e-10
662500,2.013873e-05,9.529936e-01,1.469562e-10
662600,1.560889e-05,7.387464e-01,1.138852e-10
662700,2.013220e-05,9.529721e-01,1.468675e-10
662800,1.497967e-05,7.091806e-01,1.092638e-10
662900,1.606934e-05,7.608831e-01,1.171956e-10
663000,2.074636e-05,9.824885e-01,1.512846e-10
663100,1.715587e-05,8.125753e-01,1.250848e-10
663200,1.964808e-05,9.307576e-01,1.432358e-10
663300,1.590301e-05,7.534620e-01,1.159178e-10
663400,1.465334e-05,6.943591e-01,1.067940e-10
663500,1.714475e-05,8.125388e-01,1.249341e-10
663600,1.573945e-05,7.460499e-01,1.146776e-10
663700,1.386717e-05,6.574029e-01,1.010221e-10
663800,1.355335e-05,6.426226e-01,9.872219e-11
663900,1.510877e-05,7.164792e-01,1.100364e-10
664000,1.417191e-05,6.721534e-01,1.031989e-10
664100,1.557101e-05,7.386218e-01,1.133713e-10
664200,1.323321e-05,6.278215e-01,9.633657e-11
664300,1.618861e-05,7.681494e-01,1.178351e-10
664400,1.494091e-05,7.090530e-01,1.087382e-10
664500,1.416045e-05,6.721156e-01,1.030437e-10
664600,1.446933e-05,6.868797e-01,1.052767e-10
664700,1.680037e-05,7.976578e-01,1.222200e-10
664800,1.430912e-05,6.794787e-01,1.040820e-10
664900,1.337375e-05,6.351577e-01,9.726482e-11
665000,1.445998e-05,6.868489e-01,1.051501e-10
665100,1.492402e-05,7.089973e-01,1.085094e-10
665200,1.554334e-05,7.385306e-01,1.129966e-10
665300,1.460838e-05,6.942110e-01,1.061849e-10
665400,1.413987e-05,6.720478e-01,1.027651e-10
665500,1.367151e-05,6.498851e-01,9.934741e-11
665600,1.320331e-05,6.277229e-01,9.593174e-11
665700,1.320117e-05,6.277158e-01,9.590292e-11
665800,1.521772e-05,7.237113e-01,1.105372e-10
665900,1.661259e-05,7.901658e-01,1.206523e-10
666000,1.428141e-05,6.793873e-01,1.037073e-10
666100,1.521036e-05,7.236870e-01,1.104377e-10
666200,1.536309e-05,7.310634e-01,1.115311e-10
666300,1.660187e-05,7.901304e-01,1.205075e-10
666400,1.334141e-05,6.350510e-01,9.682745e-11
666500,1.302904e-05,6.202754e-01,9.454727e-11
666600,1.349219e-05,6.424209e-01,9.789458e-11
666700,1.519565e-05,7.236384e-01,1.102390e-10
666800,1.348784e-05,6.424065e-01,9.783586e-11
666900,1.333066e-05,6.350154e-01,9.668231e-11
667000,1.456837e-05,6.940789e-01,1.056443e-10
667100,1.704535e-05,8.122109e-01,1.235893e-10
667200,1.347915e-05,6.423778e-01,9.771859e-11
667300,1.456133e-05,6.940556e-01,1.055494e-10
667400,1.595294e-05,7.604993e-01,1.156205e-10
667500,1.502122e-05,7.161903e-01,1.088527e-10
667600,1.455430e-05,6.940324e-01,1.054545e-10
667700,1.718370e-05,8.195397e-01,1.244888e-10
667800,1.594267e-05,7.604653e-01,1.154820e-10
667900,1.764244e-05,8.416706e-01,1.277768e-10
668000,1.593754e-05,7.604483e-01,1.154129e-10
668100,1.639910e-05,7.825885e-01,1.187389e-10
668200,1.624178e-05,7.751970e-01,1.175835e-10
668300,1.654849e-05,7.899538e-01,1.197873e-10
668400,1.685509e-05,8.047103e-01,1.219898e-10
668500,1.747082e-05,8.342317e-01,1.264287e-10
668600,1.700426e-05,8.120749e-01,1.230354e-10
668700,1.746521e-05,8.342131e-01,1.263531e-10
668800,1.545345e-05,7.382334e-01,1.117834e-10
668900,1.606901e-05,7.677542e-01,1.162200e-10
669000,1.390364e-05,6.643953e-01,1.005450e-10
669100,1.729953e-05,8.267938e-01,1.250852e-10
669200,1.343587e-05,6.422345e-01,9.713537e-11
669300,1.451458e-05,6.939008e-01,1.049195e-10
669400,1.435787e-05,6.865112e-01,1.037723e-10
669500,1.528173e-05,7.307941e-01,1.104343e-10
669600,1.574229e-05,7.529310e-01,1.137468e-10
669700,1.373371e-05,6.569619e-01,9.922004e-11
669800,1.666295e-05,7.972033e-01,1.203659e-10
669900,1.681454e-05,8.045759e-01,1.214441e-10
670000,1.357287e-05,6.495586e-01,9.801738e-11
670100,1.387911e-05,6.643139e-01,1.002151e-10
670200,1.449364e-05,6.938313e-01,1.046379e-10
670300,1.341218e-05,6.421558e-01,9.681682e-11
670400,1.125209e-05,5.388144e-01,8.121287e-11
670500,1.232908e-05,5.904750e-01,8.897386e-11
670600,1.155666e-05,5.535642e-01,8.338812e-11
670700,1.201700e-05,5.757003e-01,8.669778e-11
670800,1.109084e-05,5.314098e-01,8.000486e-11
670900,1.463141e-05,7.011579e-01,1.055305e-10
671000,1.247320e-05,5.978227e-01,8.995183e-11
671100,1.185534e-05,5.682943e-01,8.548428e-11
671200,9.852213e-06,4.723433e-01,7.103070e-11
671300,9.850636e-06,4.723380e-01,7.100954e-11
671400,9.849060e-06,4.723328e-01,7.098839e-11
671500,1.230935e-05,5.904094e-01,8.870906e-11
671600,1.169202e-05,5.608827e-01,8.424851e-11
671700,1.261305e-05,6.051562e-01,9.087264e-11
671800,1.414897e-05,6.789482e-01,1.019243e-10
671900,1.245525e-05,5.977630e-01,8.971101e-11
672000,1.091582e-05,5.239593e-01,7.861217e-11
672100,1.168267e-05,5.608516e-01,8.412320e-11
672200,1.214189e-05,5.829840e-01,8.741784e-11
672300,1.244729e-05,5.977365e-01,8.960429e-11
672400,1.121613e-05,5.386948e-01,8.073047e-11
672500,1.244331e-05,5.977232e-01,8.955100e-11
672600,1.244132e-05,5.977166e-01,8.952437e-11
672700,1.397505e-05,6.715013e-01,1.005469e-10
672800,1.243735e-05,5.977034e-01,8.947116e-11
672900,1.136070e-05,5.460439e-01,8.171479e-11
673000,1.089839e-05,5.239012e-01,7.837873e-11
673100,1.243139e-05,5.976835e-01,8.939142e-11
673200,1.273631e-05,6.124344e-01,9.157141e-11
673300,1.150687e-05,5.533984e-01,8.272067e-11
673400,1.288564e-05,6.197994e-01,9.261964e-11
673500,1.288359e-05,6.197925e-01,9.259213e-11
673600,1.134802e-05,5.460016e-01,8.154504e-11
673700,1.195951e-05,5.755089e-01,8.592737e-11
673800,1.134440e-05,5.459896e-01,8.149664e-11
673900,1.241553e-05,5.976306e-01,8.917931e-11
674000,1.241356e-05,5.976240e-01,8.915285e-11
674100,1.256481e-05,6.049954e-01,9.022673e-11
674200,1.194998e-05,5.754771e-01,8.579996e-11
674300,1.332670e-05,6.418712e-01,9.567158e-11
674400,1.286511e-05,6.197308e-01,9.234517e-11
674500,1.270993e-05,6.123463e-01,9.121877e-11
674600,1.163616e-05,5.606965e-01,8.350086e-11
674700,1.270588e-05,6.123328e-01,9.116469e-11
674800,1.178551e-05,5.680615e-01,8.454941e-11
674900,1.254880e-05,6.049419e-01,9.001295e-11
675000,1.224079e-05,5.901807e-01,8.779150e-11
675100,1.285078e-05,6.196829e-01,9.215376e-11
675200,1.101320e-05,5.311509e-01,7.896554e-11
675300,1.208201e-05,5.827842e-01,8.661709e-11
675400,1.131552e-05,5.458931e-01,8.111097e-11
675500,1.253683e-05,6.049019e-01,8.985312e-11
675600,1.131192e-05,5.458810e-01,8.106296e-11
675700,1.238000e-05,5.975119e-01,8.870481e-11
675800,1.329492e-05,6.417649e-01,9.524735e-11
675900,1.329281e-05,6.417578e-01,9.521916e-11
676000,1.038813e-05,5.015983e-01,7.440216e-11
676100,1.160842e-05,5.606037e-01,8.313075e-11
676200,1.267560e-05,6.122315e-01,9.076068e-11
676300,1.023049e-05,4.942055e-01,7.324298e-11
676400,9.923521e-06,4.794478e-01,7.103562e-11
676500,9.769300e-06,4.720665e-01,6.992209e-11
676600,1.053085e-05,5.089411e-01,7.536247e-11
676700,1.236034e-05,5.974460e-01,8.844284e-11
676800,1.022236e-05,4.941783e-01,7.313480e-11
676900,1.083094e-05,5.236757e-01,7.747816e-11
677000,1.113427e-05,5.384212e-01,7.963712e-11
677100,1.052250e-05,5.089131e-01,7.525121e-11
677200,1.174063e-05,5.679113e-01,8.395118e-11
677300,1.372064e-05,6.637851e-01,9.809579e-11
677400,1.615731e-05,7.817828e-01,1.155009e-10
677500,1.371629e-05,6.637705e-01,9.803788e-11
677600,9.599881e-06,4.646343e-01,6.860626e-11
677700,9.903069e-06,4.793793e-01,7.076335e-11
677800,1.081548e-05,5.236239e-01,7.727255e-11
677900,1.127069e-05,5.457429e-01,8.051382e-11
678000,9.898361e-06,4.793635e-01,7.070074e-11
678100,1.050583e-05,5.088572e-01,7.502942e-11
678200,1.096086e-05,5.309756e-01,7.826849e-11
678300,1.248123e-05,6.047155e-01,8.911283e-11
678400,1.202269e-05,5.825854e-01,8.582729e-11
678500,1.278160e-05,6.194511e-01,9.123250e-11
678600,1.232316e-05,5.973213e-01,8.794827e-11
678700,1.232121e-05,5.973147e-01,8.792236e-11
678800,1.216717e-05,5.899340e-01,8.681131e-11
678900,1.292557e-05,6.267980e-01,9.220985e-11
679000,1.368374e-05,6.636612e-01,9.760520e-11
679100,1.261745e-05,6.120364e-01,8.998718e-11
679200,1.094353e-05,5.309173e-01,7.803818e-11
679300,1.124573e-05,5.456590e-01,8.018230e-11
679400,1.261146e-05,6.120163e-01,8.990773e-11
679500,1.382484e-05,6.709984e-01,9.854452e-11
679600,1.169609e-05,5.677617e-01,8.335929e-11
679700,1.260548e-05,6.119961e-01,8.982838e-11
679800,1.275534e-05,6.193628e-01,9.088390e-11
679900,1.184237e-05,5.751163e-01,8.436737e-11
680000,1.184050e-05,5.751100e-01,8.434256e-11
680100,1.168685e-05,5.677306e-01,8.323676e-11
680200,1.122975e-05,5.456052e-01,7.997025e-11
680300,1.304872e-05,6.340748e-01,9.291108e-11
680400,1.228814e-05,5.972035e-01,8.748355e-11
680500,1.274124e-05,6.193153e-01,9.069702e-11
680600,1.182928e-05,5.750722e-01,8.419392e-11
680700,1.228232e-05,5.971839e-01,8.740646e-11
680800,1.167394e-05,5.676871e-01,8.306568e-11
680900,1.152051e-05,5.603084e-01,8.196283e-11
681000,1.227651e-05,5.971643e-01,8.732946e-11
681100,1.378995e-05,6.708809e-01,9.808207e-11
681200,1.212112e-05,5.897790e-01,8.620068e-11
681300,1.317964e-05,6.413776e-01,9.371573e-11
681400,1.363196e-05,6.634869e-01,9.691885e-11
681500,1.302404e-05,6.339916e-01,9.258417e-11
681600,1.105355e-05,5.381498e-01,7.856583e-11
681700,1.180878e-05,5.750031e-01,8.392242e-11
681800,1.316925e-05,6.413426e-01,9.357832e-11
681900,1.256179e-05,6.118489e-01,8.924969e-11
682000,1.104658e-05,5.381263e-01,7.847370e-11
682100,1.165004e-05,5.676065e-01,8.274936e-11
682200,1.346351e-05,6.560575e-01,9.561732e-11
682300,1.240263e-05,6.044509e-01,8.807104e-11
682400,1.224945e-05,5.970730e-01,8.697151e-11
682500,1.134029e-05,5.528393e-01,8.050558e-11
682600,1.088497e-05,5.307200e-01,7.726271e-11
682700,1.239482e-05,6.044245e-01,8.796786e-11
682800,1.118381e-05,5.454503e-01,7.936238e-11
682900,1.329757e-05,6.486365e-01,9.434925e-11
683000,1.314439e-05,6.412587e-01,9.324979e-11
683100,1.299127e-05,6.338810e-01,9.215096e-11
683200,1.162989e-05,5.675384e-01,8.248311e-11
683300,1.359123e-05,6.633493e-01,9.638061e-11
683400,1.132425e-05,5.527851e-01,8.029367e-11
683500,1.237923e-05,6.043718e-01,8.776206e-11
683600,1.177352e-05,5.748840e-01,8.345656e-11
683700,1.282810e-05,6.264693e-01,9.091965e-11
683800,1.176982e-05,5.748715e-01,8.340775e-11
683900,1.297494e-05,6.338257e-01,9.193550e-11
684000,1.236951e-05,6.043389e-01,8.763380e-11
684100,1.327251e-05,6.485518e-01,9.401854e-11
684200,1.161162e-05,5.674766e-01,8.224218e-11
684300,1.206213e-05,5.895797e-01,8.542144e-11
684400,1.221099e-05,5.969429e-01,8.646394e-11
684500,1.220907e-05,5.969364e-01,8.643868e-11
684600,1.311139e-05,6.411470e-01,9.281442e-11
684700,1.175320e-05,5.748152e-01,8.318863e-11
684800,1.129938e-05,5.527009e-01,7.996570e-11
684900,1.220141e-05,5.969105e-01,8.633774e-11
685000,1.219950e-05,5.969040e-01,8.631254e-11
685100,1.445640e-05,7.074341e-01,1.022665e-10
685200,1.159342e-05,5.674149e-01,8.200230e-11
685300,1.294646e-05,6.337293e-01,9.156025e-11
685400,1.249288e-05,6.116158e-01,8.834051e-11
685500,1.279191e-05,6.263467e-01,9.044280e-11
685600,1.098427e-05,5.379155e-01,7.765175e-11
685700,1.158433e-05,5.673841e-01,8.188275e-11
685800,1.143210e-05,5.600094e-01,8.079577e-11
685900,1.158071e-05,5.673718e-01,8.183501e-11
686000,1.218039e-05,5.968392e-01,8.606108e-11
686100,1.398270e-05,6.852524e-01,9.878207e-11
686200,1.172559e-05,5.747216e-01,8.282533e-11
686300,1.518076e-05,7.441827e-01,1.072169e-10
686400,1.172192e-05,5.747091e-01,8.277707e-11
686500,1.232112e-05,6.041748e-01,8.699670e-11
686600,1.171825e-05,5.746967e-01,8.272885e-11
686700,1.201684e-05,5.894261e-01,8.482540e-11
686800,1.141421e-05,5.599487e-01,8.056066e-11
686900,1.201308e-05,5.894133e-01,8.477601e-11
687000,1.216134e-05,5.967745e-01,8.581072e-11
687100,1.275991e-05,6.262381e-01,9.002208e-11
687200,1.365847e-05,6.704359e-01,9.634853e-11
687300,1.185550e-05,5.820204e-01,8.361889e-11
687400,1.230379e-05,6.041159e-01,8.676904e-11
687500,1.230186e-05,6.041094e-01,8.674380e-11
687600,1.199994e-05,5.893687e-01,8.460349e-11
687700,1.394776e-05,6.851337e-01,9.832295e-11
687800,1.244605e-05,6.114568e-01,8.772508e-11
687900,1.304382e-05,6.409176e-01,9.192606e-11
688000,1.199245e-05,5.893432e-01,8.450514e-11
688100,1.288987e-05,6.335370e-01,9.081662e-11
688200,1.408673e-05,6.924632e-01,9.923583e-11
688300,1.288584e-05,6.335233e-01,9.076385e-11
688400,1.138571e-05,5.598518e-01,8.018661e-11
688500,1.138394e-05,5.598457e-01,8.016332e-11
688600,1.302958e-05,6.408691e-01,9.173926e-11
688700,1.123064e-05,5.524674e-01,7.906260e-11
688800,1.063002e-05,5.229968e-01,7.482420e-11
688900,9.730188e-06,4.787948e-01,6.848114e-11
689000,1.137506e-05,5.598155e-01,8.004702e-11
689100,1.152294e-05,5.671754e-01,8.107673e-11
689200,1.421439e-05,6.997543e-01,1.000007e-10
689300,1.211775e-05,5.966262e-01,8.523902e-11
689400,1.226544e-05,6.039854e-01,8.626633e-11
689500,1.286175e-05,6.334413e-01,9.044820e-11
689600,1.151396e-05,5.671448e-01,8.095920e-11
689700,1.225971e-05,6.039658e-01,8.619129e-11
689800,1.225780e-05,6.039593e-01,8.616631e-11
689900,1.120966e-05,5.523959e-01,7.878780e-11
690000,1.300118e-05,6.407723e-01,9.136736e-11
690100,1.240149e-05,6.113049e-01,8.714130e-11
690200,1.165260e-05,5.744731e-01,8.186810e-11
690300,1.254700e-05,6.186567e-01,8.814010e-11
690400,1.164897e-05,5.744608e-01,8.182067e-11
690500,1.149784e-05,5.670898e-01,8.074830e-11
690600,1.164535e-05,5.744484e-01,8.177329e-11
690700,1.283775e-05,6.333593e-01,9.013419e-11
690800,1.059696e-05,5.228841e-01,7.439157e-11
690900,1.223683e-05,6.038878e-01,8.589215e-11
691000,1.208573e-05,5.965169e-01,8.482013e-11
691100,1.089038e-05,5.375958e-01,7.642071e-11
691200,1.267861e-05,6.259610e-01,8.895728e-11
691300,1.267664e-05,6.259543e-01,8.893154e-11
691400,1.148176e-05,5.670348e-01,8.053821e-11
691500,1.401451e-05,6.922169e-01,9.829094e-11
691600,1.118006e-05,5.522948e-01,7.840095e-11
691700,1.207259e-05,5.964719e-01,8.464854e-11
691800,1.430603e-05,7.069221e-01,1.002952e-10
691900,1.281383e-05,6.332776e-01,8.982181e-11
692000,1.147106e-05,5.669983e-01,8.039861e-11
692100,1.206509e-05,5.964463e-01,8.455072e-11
692200,1.206322e-05,5.964399e-01,8.452630e-11
692300,1.340149e-05,6.627039e-01,9.389098e-11
692400,9.975120e-06,4.933409e-01,6.987643e-11
692500,1.101559e-05,5.448781e-01,7.715466e-11
692600,1.146039e-05,5.669617e-01,8.025937e-11
692700,1.041692e-05,5.154142e-01,7.294200e-11
692800,9.968932e-06,4.933197e-01,6.979576e-11
692900,1.115752e-05,5.522177e-01,7.810703e-11
693000,1.264323e-05,6.258400e-01,8.849576e-11
693100,1.055918e-05,5.227548e-01,7.389866e-11
693200,1.100364e-05,5.448372e-01,7.699892e-11
693300,1.367808e-05,6.773579e-01,9.570077e-11
693400,1.278405e-05,6.331756e-01,8.943361e-11
693500,1.114715e-05,5.521821e-01,7.797194e-11
693600,9.659368e-06,4.785527e-01,6.755620e-11
693700,1.144086e-05,5.668948e-01,8.000504e-11
693800,1.099341e-05,5.448022e-01,7.686580e-11
693900,1.039756e-05,5.153479e-01,7.268993e-11
694000,9.356360e-06,4.638081e-01,6.540209e-11
694100,1.098831e-05,5.447847e-01,7.679937e-11
694200,1.128354e-05,5.595026e-01,7.885230e-11
694300,1.261780e-05,6.257528e-01,8.816467e-11
694400,9.202148e-06,4.564265e-01,6.428983e-11
694500,1.291069e-05,6.404626e-01,9.018717e-11
694600,1.290870e-05,6.404558e-01,9.016120e-11
694700,1.335176e-05,6.625334e-01,9.324336e-11
694800,1.053143e-05,5.226596e-01,7.353748e-11
694900,1.186456e-05,5.889059e-01,8.283528e-11
695000,1.186273e-05,5.888997e-01,8.281145e-11
695100,1.245394e-05,6.183380e-01,8.692700e-11
695200,1.319320e-05,6.551368e-01,9.207474e-11
695300,1.259830e-05,6.256858e-01,8.791125e-11
695400,1.200359e-05,5.962354e-01,8.375016e-11
695500,1.259441e-05,6.256724e-01,8.786070e-11
695600,1.229617e-05,6.109442e-01,8.576872e-11
695700,1.288677e-05,6.403804e-01,8.987631e-11
695800,9.922762e-06,4.931613e-01,6.919520e-11
695900,1.125393e-05,5.594009e-01,7.846752e-11
696000,9.919699e-06,4.931507e-01,6.915544e-11
696100,9.474071e-06,4.710643e-01,6.603995e-11
696200,9.176590e-06,4.563387e-01,6.395782e-11
696300,1.095101e-05,5.446565e-01,7.631483e-11
696400,1.228100e-05,6.108920e-01,8.557178e-11
696500,1.065175e-05,5.299248e-01,7.420963e-11
696600,1.020636e-05,5.078391e-01,7.109714e-11
696700,9.613201e-06,4.783941e-01,6.695635e-11
696800,9.611719e-06,4.783890e-01,6.693713e-11
696900,9.758087e-06,4.857436e-01,6.794743e-11
697000,1.020006e-05,5.078175e-01,7.101556e-11
697100,1.034630e-05,5.151716e-01,7.202411e-11
697200,9.162450e-06,4.562900e-01,6.377448e-11
697300,1.137742e-05,5.666767e-01,7.918108e-11
697400,1.314850e-05,6.549830e-01,9.149474e-11
697500,1.226019e-05,6.108203e-01,8.530209e-11
697600,1.048602e-05,5.225034e-01,7.294834e-11
697700,1.417610e-05,7.064759e-01,9.860610e-11
697800,1.195924e-05,5.960827e-01,8.317505e-11
697900,1.328600e-05,6.623071e-01,9.239024e-11
698000,1.136516e-05,5.666345e-01,7.902234e-11
698100,1.180614e-05,5.887049e-01,8.207761e-11
698200,1.195188e-05,5.960573e-01,8.307978e-11
698300,1.180251e-05,5.886923e-01,8.203060e-11
698400,1.253824e-05,6.254790e-01,8.713256e-11
698500,1.150391e-05,5.739628e-01,7.993404e-11
698600,1.209199e-05,6.033904e-01,8.400917e-11
698700,1.267990e-05,6.328173e-01,8.808196e-11
698800,1.223569e-05,6.107358e-01,8.498500e-11
698900,1.223381e-05,6.107293e-01,8.496069e-11
699000,1.193719e-05,5.960066e-01,8.288972e-11
699100,1.193535e-05,5.960003e-01,8.286601e-11
699200,1.178619e-05,5.886360e-01,8.181956e-11
699300,1.178438e-05,5.886297e-01,8.179616e-11
699400,1.134072e-05,5.665501e-01,7.870630e-11
699500,1.192802e-05,5.959750e-01,8.277126e-11
699600,1.207342e-05,6.033263e-01,8.376918e-11
699700,1.251321e-05,6.253925e-01,8.680909e-11
699800,1.162814e-05,5.812410e-01,8.065833e-11
699900,1.265654e-05,6.327367e-01,8.778018e-11
700000,1.147743e-05,5.738713e-01,7.959184e-11
700100,1.132854e-05,5.665080e-01,7.854898e-11
700200,1.147390e-05,5.738592e-01,7.954638e-11
700300,1.220754e-05,6.106385e-01,8.462133e-11
700400,1.205861e-05,6.032750e-01,8.357792e-11
700500,1.279193e-05,6.400533e-01,8.864882e-11
700600,1.131986e-05,5.664780e-01,7.843691e-11
700700,1.190608e-05,5.958991e-01,8.248800e-11
700800,1.131639e-05,5.664659e-01,7.839214e-11
700900,1.131465e-05,5.664599e-01,7.836978e-11
701000,1.160676e-05,5.811670e-01,8.038242e-11
701100,1.248637e-05,6.252997e-01,8.646274e-11
701200,1.189695e-05,5.958675e-01,8.237041e-11
701300,1.072030e-05,5.370107e-01,7.421389e-11
701400,1.233380e-05,6.179236e-01,8.537245e-11
701500,1.247872e-05,6.252732e-01,8.636417e-11
701600,1.086217e-05,5.443497e-01,7.516619e-11
701700,1.086050e-05,5.443439e-01,7.514477e-11
701800,1.188603e-05,5.958296e-01,8.222962e-11
701900,1.203093e-05,6.031792e-01,8.322108e-11
702000,1.144230e-05,5.737497e-01,7.913897e-11
702100,1.129388e-05,5.663880e-01,7.810211e-11
702200,1.217206e-05,6.105156e-01,8.416402e-11
702300,1.407637e-05,7.061311e-01,9.731861e-11
702400,1.172851e-05,5.884363e-01,8.107575e-11
702500,9.821129e-06,4.928102e-01,6.788161e-11
702600,9.526504e-06,4.780944e-01,6.583655e-11
702700,1.040428e-05,5.222207e-01,7.189330e-11
702800,1.186786e-05,5.957666e-01,8.199578e-11
702900,1.186605e-05,5.957603e-01,8.197245e-11
703000,1.171776e-05,5.883990e-01,8.093742e-11
703100,1.244822e-05,6.251674e-01,8.597155e-11
703200,1.098204e-05,5.516124e-01,7.583567e-11
703300,1.215161e-05,6.104446e-01,8.390095e-11
703400,1.097869e-05,5.516008e-01,7.579255e-11
703500,9.074332e-06,4.559852e-01,6.263737e-11
703600,1.112168e-05,5.589437e-01,7.675946e-11
703700,1.287576e-05,6.471911e-01,8.885412e-11
703800,1.184975e-05,5.957037e-01,8.176294e-11
703900,1.170167e-05,5.883431e-01,8.073058e-11
704000,1.126114e-05,5.662743e-01,7.768111e-11
704100,1.491507e-05,7.501216e-01,1.028730e-10
704200,1.213492e-05,6.103867e-01,8.368663e-11
704300,1.271780e-05,6.397961e-01,8.769481e-11
704400,1.125427e-05,5.662504e-01,7.759291e-11
704500,1.227551e-05,6.177212e-01,8.462278e-11
704600,1.344256e-05,6.765446e-01,9.265579e-11
704700,1.139521e-05,5.735861e-01,7.853370e-11
704800,1.051705e-05,5.294586e-01,7.247208e-11
704900,1.153779e-05,5.809276e-01,7.949541e-11
705000,1.153603e-05,5.809215e-01,7.947286e-11
705100,1.182628e-05,5.956221e-01,8.146172e-11
705200,1.284634e-05,6.470887e-01,8.847653e-11
705300,2.617044e-04,1.318429e+01,1.802198e-09
705400,1.269650e-05,6.397220e-01,8.742152e-11
705500,1.152725e-05,5.808909e-01,7.936026e-11
705600,9.774784e-06,4.926491e-01,6.728646e-11
705700,1.254483e-05,6.323489e-01,8.634322e-11
705800,1.283461e-05,6.470479e-01,8.832616e-11
705900,1.297849e-05,6.543938e-01,8.930456e-11
706000,1.078946e-05,5.440970e-01,7.423220e-11
706100,1.137094e-05,5.735016e-01,7.822259e-11
706200,1.238953e-05,6.249631e-01,8.521843e-11
706300,1.195043e-05,6.028993e-01,8.218744e-11
706400,1.238576e-05,6.249500e-01,8.517018e-11
706500,1.340372e-05,6.764094e-01,9.215810e-11
706600,1.209065e-05,6.102325e-01,8.311910e-11
706700,1.223446e-05,6.175782e-01,8.409673e-11
706800,1.223260e-05,6.175717e-01,8.407293e-11
706900,1.193954e-05,6.028613e-01,8.204798e-11
707000,1.324796e-05,6.690219e-01,9.102749e-11
707100,1.280927e-05,6.469595e-01,8.800169e-11
707200,1.076979e-05,5.440284e-01,7.398049e-11
707300,1.135022e-05,5.734293e-01,7.795739e-11
707400,1.149399e-05,5.807749e-01,7.893452e-11
707500,1.149224e-05,5.807688e-01,7.891221e-11
707600,1.047235e-05,5.293027e-01,7.189966e-11
707700,1.279760e-05,6.469187e-01,8.785253e-11
707800,1.192323e-05,6.028043e-01,8.183946e-11
707900,1.032220e-05,5.219349e-01,7.084097e-11
708000,1.032064e-05,5.219294e-01,7.082096e-11
708100,8.720342e-06,4.410625e-01,5.983180e-11
708200,1.118941e-05,5.660242e-01,7.676246e-11
708300,1.031594e-05,5.219130e-01,7.076098e-11
708400,9.152194e-06,4.631010e-01,6.277019e-11
708500,1.118432e-05,5.660064e-01,7.669747e-11
708600,1.074694e-05,5.439485e-01,7.368845e-11
708700,1.030969e-05,5.218911e-01,7.068113e-11
708800,1.045331e-05,5.292361e-01,7.165642e-11
708900,1.074205e-05,5.439314e-01,7.362610e-11
709000,1.030500e-05,5.218747e-01,7.062133e-11
709100,1.277046e-05,6.468238e-01,8.750597e-11
709200,9.576395e-06,4.851128e-01,6.561097e-11
709300,1.073554e-05,5.439087e-01,7.354308e-11
709400,1.015371e-05,5.145028e-01,6.954817e-11
709500,1.435807e-05,7.276464e-01,9.833325e-11
709600,1.203575e-05,6.100406e-01,8.241777e-11
709700,1.304884e-05,6.614829e-01,8.934349e-11
709800,1.377169e-05,6.982246e-01,9.428044e-11
709900,1.174040e-05,5.953221e-01,8.036384e-11
710000,1.260815e-05,6.394134e-01,8.629240e-11
710100,1.376544e-05,6.982027e-01,9.420080e-11
710200,1.274921e-05,6.467494e-01,8.723512e-11
710300,1.361642e-05,6.908388e-01,9.315673e-11
710400,1.144186e-05,5.805925e-01,7.826925e-11
710500,1.259862e-05,6.393800e-01,8.617099e-11
710600,1.216235e-05,6.173259e-01,8.317616e-11
710700,1.346342e-05,6.834609e-01,9.206198e-11
710800,1.201392e-05,6.099641e-01,8.213973e-11
710900,1.389352e-05,7.054932e-01,9.497826e-11
711000,1.258910e-05,6.393466e-01,8.604984e-11
711100,1.359996e-05,6.907810e-01,9.294724e-11
711200,1.142803e-05,5.805440e-01,7.809327e-11
711300,1.214949e-05,6.172808e-01,8.301253e-11
711400,1.344919e-05,6.834109e-01,9.188090e-11
711500,1.272419e-05,6.466617e-01,8.691663e-11
711600,9.830846e-06,4.996879e-01,6.714397e-11
711700,9.973912e-06,5.070309e-01,6.811224e-11
711800,1.127316e-05,5.731594e-01,7.697481e-11
711900,1.025991e-05,5.217166e-01,7.004713e-11
712000,9.535946e-06,4.849710e-01,6.509595e-11
712100,1.242375e-05,6.319253e-01,8.479817e-11
712200,1.169968e-05,5.951792e-01,7.984562e-11
712300,1.285326e-05,6.539555e-01,8.770697e-11
712400,1.212934e-05,6.172100e-01,8.275638e-11
712500,1.328251e-05,6.759849e-01,9.061250e-11
712600,1.183697e-05,6.025020e-01,8.074065e-11
712700,1.255685e-05,6.392333e-01,8.563982e-11
712800,1.284358e-05,6.539215e-01,8.758397e-11
712900,1.240878e-05,6.318726e-01,8.460796e-11
713000,1.269544e-05,6.465606e-01,8.655130e-11
713100,1.254928e-05,6.392067e-01,8.554377e-11
713200,1.283584e-05,6.538943e-01,8.748575e-11
713300,1.341071e-05,6.832757e-01,9.139207e-11
713400,1.412959e-05,7.200034e-01,9.627862e-11
713500,1.283004e-05,6.538739e-01,8.741220e-11
713600,1.052193e-05,5.363179e-01,7.167755e-11
713700,1.268206e-05,6.465135e-01,8.638161e-11
713800,1.109514e-05,5.656935e-01,7.556273e-11
713900,1.166975e-05,5.950739e-01,7.946580e-11
714000,1.080370e-05,5.509887e-01,7.355884e-11
714100,1.238638e-05,6.317938e-01,8.432384e-11
714200,1.123247e-05,5.730163e-01,7.645835e-11
714300,1.310257e-05,6.685121e-01,8.917643e-11
714400,1.151702e-05,5.876968e-01,7.837492e-11
714500,1.122740e-05,5.729985e-01,7.639416e-11
714600,1.122571e-05,5.729925e-01,7.637278e-11
714700,1.237521e-05,6.317544e-01,8.418232e-11
714800,1.352436e-05,6.905151e-01,9.198749e-11
714900,1.265920e-05,6.464330e-01,8.609186e-11
715000,1.165047e-05,5.950060e-01,7.922148e-11
715100,1.193634e-05,6.096912e-01,8.115486e-11
715200,1.121560e-05,5.729568e-01,7.624469e-11
715300,9.344928e-06,4.774591e-01,6.351948e-11
715400,9.918511e-06,5.068359e-01,6.740952e-11
715500,8.910947e-06,4.554131e-01,6.055394e-11
715600,1.149627e-05,5.876237e-01,7.811228e-11
715700,1.163823e-05,5.949628e-01,7.906659e-11
715800,1.192380e-05,6.096469e-01,8.099621e-11
715900,1.177837e-05,6.022955e-01,7.999800e-11
716000,1.120214e-05,5.729093e-01,7.607440e-11
716100,1.120046e-05,5.729034e-01,7.605316e-11
716200,1.162950e-05,5.949320e-01,7.895623e-11
716300,1.162776e-05,5.949258e-01,7.893418e-11
716400,1.162601e-05,5.949196e-01,7.891215e-11
716500,1.133725e-05,5.802243e-01,7.694222e-11
716600,1.147904e-05,5.875628e-01,7.789443e-11
716700,1.219465e-05,6.242790e-01,8.273973e-11
716800,1.161904e-05,5.948950e-01,7.882410e-11
716900,1.247784e-05,6.389547e-01,8.463931e-11
717000,1.032494e-05,5.287846e-01,7.002679e-11
717100,1.347777e-05,6.903506e-01,9.139836e-11
717200,1.089529e-05,5.581500e-01,7.387594e-11
717300,1.218369e-05,6.242403e-01,8.260137e-11
717400,1.289845e-05,6.609534e-01,8.743590e-11
717500,1.260993e-05,6.462589e-01,8.546905e-11
717600,1.217822e-05,6.242209e-01,8.253232e-11
717700,1.117364e-05,5.728086e-01,7.571444e-11
717800,1.203135e-05,6.168644e-01,8.151591e-11
717900,1.174313e-05,6.021709e-01,7.955289e-11
718000,1.274369e-05,6.535690e-01,8.631994e-11
718100,1.102379e-05,5.654415e-01,7.466050e-11
718200,1.173786e-05,6.021523e-01,7.948644e-11
718300,1.202235e-05,6.168325e-01,8.140247e-11
718400,1.101884e-05,5.654240e-01,7.459815e-11
718500,1.144644e-05,5.874474e-01,7.748300e-11
718600,1.072943e-05,5.507263e-01,7.262010e-11
718700,1.244428e-05,6.388359e-01,8.421588e-11
718800,1.201337e-05,6.168007e-01,8.128926e-11
718900,1.186858e-05,6.094515e-01,8.029918e-11
719000,1.215275e-05,6.241307e-01,8.221123e-11
719100,1.215094e-05,6.241243e-01,8.218837e-11
719200,1.071981e-05,5.506922e-01,7.249898e-11
719300,1.157567e-05,5.947414e-01,7.827713e-11
719400,1.128817e-05,5.800505e-01,7.632314e-11
719500,1.157221e-05,5.947292e-01,7.823362e-11
719600,1.085626e-05,5.580117e-01,7.338398e-11
719700,1.228288e-05,6.314278e-01,8.301670e-11
719800,1.242385e-05,6.387634e-01,8.395867e-11
719900,1.213643e-05,6.240728e-01,8.200580e-11
720000,1.056426e-05,5.433048e-01,7.137346e-11
720100,1.141912e-05,5.873505e-01,7.713906e-11
720200,1.084654e-05,5.579773e-01,7.326176e-11
720300,1.241459e-05,6.387306e-01,8.384215e-11
720400,1.070064e-05,5.506241e-01,7.225765e-11
720500,1.169762e-05,6.020095e-01,7.897977e-11
720600,1.155324e-05,5.946618e-01,7.799495e-11
720700,1.155152e-05,5.946557e-01,7.797331e-11
720800,1.069426e-05,5.506015e-01,7.217748e-11
720900,1.069266e-05,5.505958e-01,7.215746e-11
721000,1.268674e-05,6.533670e-01,8.560310e-11
721100,1.154464e-05,5.946312e-01,7.788683e-11
721200,1.097290e-05,5.652609e-01,7.402004e-11
721300,1.082878e-05,5.579141e-01,7.303848e-11
721400,1.182441e-05,6.092947e-01,7.974360e-11
721500,1.267729e-05,6.533334e-01,8.548449e-11
721600,1.039668e-05,5.358747e-01,7.009706e-11
721700,1.110713e-05,5.725725e-01,7.487748e-11
721800,1.167499e-05,6.019291e-01,7.869554e-11
721900,1.395096e-05,7.193712e-01,9.402471e-11
722000,1.195619e-05,6.165976e-01,8.057028e-11
722100,1.266598e-05,6.532931e-01,8.534249e-11
722200,1.209492e-05,6.239252e-01,8.148430e-11
722300,1.251994e-05,6.459395e-01,8.433686e-11
722400,1.109557e-05,5.725314e-01,7.473243e-11
722500,1.095169e-05,5.651855e-01,7.375391e-11
722600,1.237215e-05,6.385796e-01,8.330927e-11
722700,1.137500e-05,5.871936e-01,7.658503e-11
722800,1.236847e-05,6.385665e-01,8.326318e-11
722900,1.137162e-05,5.871816e-01,7.654266e-11
723000,1.293329e-05,6.679122e-01,8.704319e-11
723100,1.335768e-05,6.899242e-01,8.988788e-11
723200,9.945732e-06,5.137681e-01,6.691927e-11
723300,1.065456e-05,5.504602e-01,7.167940e-11
723400,1.107910e-05,5.724727e-01,7.452596e-11
723500,1.235562e-05,6.385207e-01,8.310214e-11
723600,1.235378e-05,6.385142e-01,8.307917e-11
723700,1.093219e-05,5.651159e-01,7.350952e-11
723800,1.036274e-05,5.357538e-01,6.967159e-11
723900,1.178055e-05,6.091385e-01,7.919376e-11
724000,1.121115e-05,5.797765e-01,7.535637e-11
724100,1.050002e-05,5.430762e-01,7.056748e-11
724200,8.654141e-06,4.476663e-01,5.815443e-11
724300,9.645808e-06,4.990328e-01,6.480999e-11
724400,1.021169e-05,5.283822e-01,6.860340e-11
724500,1.191188e-05,6.164396e-01,8.001520e-11
724600,1.134296e-05,5.870794e-01,7.618392e-11
724700,1.119952e-05,5.797349e-01,7.521086e-11
724800,8.788191e-06,4.549772e-01,5.900996e-11
724900,1.006240e-05,5.210170e-01,6.755728e-11
725000,9.068993e-06,4.696443e-01,6.087990e-11
725100,1.360147e-05,7.044592e-01,9.129467e-11
725200,1.175787e-05,6.090575e-01,7.891008e-11
725300,1.246433e-05,6.457411e-01,8.364064e-11
725400,1.147115e-05,5.943693e-01,7.696618e-11
725500,1.146945e-05,5.943632e-01,7.694496e-11
725600,1.075986e-05,5.576684e-01,7.217537e-11
725700,1.118294e-05,5.796757e-01,7.500373e-11
725800,1.146436e-05,5.943450e-01,7.688137e-11
725900,1.174569e-05,6.090139e-01,7.875797e-11
726000,9.904537e-06,5.136210e-01,6.640409e-11
726100,1.046896e-05,5.429652e-01,7.017927e-11
726200,1.032596e-05,5.356224e-01,6.921184e-11
726300,1.131445e-05,5.869774e-01,7.582770e-11
726400,1.018150e-05,5.282743e-01,6.822614e-11
726500,1.131110e-05,5.869655e-01,7.578596e-11
726600,9.047545e-06,4.695676e-01,6.061208e-11
726700,1.257988e-05,6.529857e-01,8.426548e-11
726800,9.751501e-06,5.062422e-01,6.531144e-11
726900,1.088050e-05,5.649312e-01,7.286373e-11
727000,1.257431e-05,6.529658e-01,8.419595e-11
727100,1.257245e-05,6.529591e-01,8.417279e-11
727200,1.214686e-05,6.309428e-01,8.131314e-11
727300,1.059163e-05,5.502352e-01,7.089312e-11
727400,1.228448e-05,6.382664e-01,8.221341e-11
727500,1.228266e-05,6.382599e-01,8.219081e-11
727600,1.129274e-05,5.868997e-01,7.555698e-11
727700,1.199676e-05,6.235745e-01,8.025723e-11
727800,1.199499e-05,6.235682e-01,8.023518e-11
727900,1.142883e-05,5.942178e-01,7.643840e-11
728000,1.086284e-05,5.648679e-01,7.264370e-11
728100,1.086124e-05,5.648622e-01,7.262375e-11
728200,1.184688e-05,6.162070e-01,7.920415e-11
728300,1.226817e-05,6.382079e-01,8.201034e-11
728400,1.339431e-05,6.968866e-01,8.952694e-11
728500,1.268747e-05,6.602016e-01,8.479171e-11
728600,1.169894e-05,6.088464e-01,7.817534e-11
728700,1.254280e-05,6.528528e-01,8.380356e-11
728800,1.127277e-05,5.868280e-01,7.530837e-11
728900,1.141199e-05,5.941573e-01,7.622881e-11
729000,1.155118e-05,6.014865e-01,7.714873e-11
729100,1.183117e-05,6.161506e-01,7.900873e-11
729200,1.182943e-05,6.161444e-01,7.898706e-11
729300,1.112366e-05,5.794632e-01,7.426508e-11
729400,1.140359e-05,5.941271e-01,7.612433e-11
729500,1.069809e-05,5.574470e-01,7.140572e-11
729600,8.163131e-06,4.254157e-01,5.447890e-11
729700,1.139856e-05,5.941090e-01,7.606175e-11
729800,1.069337e-05,5.574300e-01,7.134703e-11
729900,1.097316e-05,5.720934e-01,7.320452e-11
730000,1.167485e-05,6.087599e-01,7.787577e-11
730100,1.181377e-05,6.160881e-01,7.879245e-11
730200,1.139017e-05,5.940789e-01,7.595762e-11
730300,1.279449e-05,6.674152e-01,8.531174e-11
730400,1.082451e-05,5.647302e-01,7.216709e-11
730500,1.068236e-05,5.573904e-01,7.121036e-11
730600,9.134888e-06,4.767106e-01,6.088692e-11
730700,9.976642e-06,5.207094e-01,6.648905e-11
730800,1.264459e-05,6.600475e-01,8.425883e-11
730900,1.109751e-05,5.793692e-01,7.394029e-11
731000,1.221951e-05,6.380330e-01,8.140564e-11
731100,1.221772e-05,6.380265e-01,8.138337e-11
731200,1.221592e-05,6.380201e-01,8.136111e-11
731300,1.221413e-05,6.380136e-01,8.133887e-11
731400,1.080862e-05,5.646730e-01,7.196989e-11
731500,1.192984e-05,6.233340e-01,7.942556e-11
731600,1.080544e-05,5.646616e-01,7.193054e-11
731700,1.136510e-05,5.939886e-01,7.564651e-11
731800,1.122314e-05,5.866495e-01,7.469219e-11
731900,1.220337e-05,6.379749e-01,8.120556e-11
732000,1.136009e-05,5.939706e-01,7.558452e-11
732100,1.135843e-05,5.939646e-01,7.556387e-11
732200,1.093614e-05,5.719601e-01,7.274534e-11
732300,1.107472e-05,5.792871e-01,7.365785e-11
732400,1.107310e-05,5.792812e-01,7.363774e-11
732500,1.177220e-05,6.159384e-01,7.827697e-11
732600,1.317172e-05,6.892574e-01,8.757175e-11
732700,1.120833e-05,5.865961e-01,7.450881e-11
732800,1.036619e-05,5.425959e-01,6.890184e-11
732900,1.134511e-05,5.939165e-01,7.539900e-11
733000,1.050319e-05,5.499172e-01,6.979484e-11
733100,1.274201e-05,6.672261e-01,8.466130e-11
733200,1.078012e-05,5.645702e-01,7.161695e-11
733300,1.273827e-05,6.672126e-01,8.461513e-11
733400,1.203661e-05,6.305462e-01,7.994414e-11
733500,1.315436e-05,6.891947e-01,8.735698e-11
733600,1.203308e-05,6.305335e-01,7.990056e-11
733700,1.077223e-05,5.645417e-01,7.151937e-11
733800,1.202956e-05,6.305208e-01,7.985701e-11
733900,1.146837e-05,6.011881e-01,7.612198e-11
734000,1.146669e-05,6.011821e-01,7.610124e-11
734100,1.202428e-05,6.305017e-01,7.979175e-11
734200,1.244191e-05,6.524893e-01,8.255269e-11
734300,1.230031e-05,6.451515e-01,8.160291e-11
734400,1.104071e-05,5.791643e-01,7.323720e-11
734500,1.089936e-05,5.718273e-01,7.229046e-11
734600,1.075805e-05,5.644905e-01,7.134423e-11
734700,1.355037e-05,7.111042e-01,8.985074e-11
734800,1.229133e-05,6.451190e-01,8.149189e-11
734900,1.173091e-05,6.157892e-01,7.776654e-11
735000,1.172920e-05,6.157830e-01,7.774538e-11
735100,1.298400e-05,6.817529e-01,8.605183e-11
735200,1.074863e-05,5.644564e-01,7.122783e-11
735300,1.130534e-05,5.937728e-01,7.490760e-11
735400,1.172235e-05,6.157582e-01,7.766083e-11
735500,1.102298e-05,5.791001e-01,7.301830e-11
735600,1.074235e-05,5.644336e-01,7.115039e-11
735700,1.129874e-05,5.937489e-01,7.482617e-11
735800,1.129709e-05,5.937429e-01,7.480583e-11
735900,1.171379e-05,6.157272e-01,7.755534e-11
736000,9.760070e-06,5.131008e-01,6.461189e-11
736100,1.045569e-05,5.497454e-01,6.920821e-11
736200,9.199667e-06,4.837711e-01,6.088668e-11
736300,9.895168e-06,5.204152e-01,6.548152e-11
736400,9.196984e-06,4.837613e-01,6.085361e-11
736500,1.170354e-05,6.156901e-01,7.742902e-11
736600,1.156253e-05,6.083543e-01,7.648648e-11
736700,1.337158e-05,7.036316e-01,8.844227e-11
736800,1.044502e-05,5.497067e-01,6.907677e-11
736900,1.197522e-05,6.303240e-01,7.918654e-11
737000,1.211270e-05,6.376470e-01,8.008557e-11
737100,1.169331e-05,6.156530e-01,7.730302e-11
737200,1.169161e-05,6.156468e-01,7.728205e-11
737300,1.099408e-05,5.789953e-01,7.266221e-11
737400,1.238393e-05,6.522793e-01,8.183776e-11
737500,1.210388e-05,6.376150e-01,7.997702e-11
737600,1.085017e-05,5.716490e-01,7.168409e-11
737700,1.154401e-05,6.082871e-01,7.625855e-11
737800,9.873563e-06,5.203368e-01,6.521553e-11
737900,1.195779e-05,6.302608e-01,7.897205e-11
738000,1.153897e-05,6.082688e-01,7.619656e-11
738100,1.195431e-05,6.302481e-01,7.892926e-11
738200,1.209155e-05,6.375702e-01,7.982541e-11
738300,1.278461e-05,6.742054e-01,8.439022e-11
738400,1.139332e-05,6.009162e-01,7.519699e-11
738500,1.111382e-05,5.862538e-01,7.334305e-11
738600,1.264013e-05,6.668570e-01,8.340514e-11
738700,1.124947e-05,5.935701e-01,7.421964e-11
738800,1.152556e-05,6.082200e-01,7.603163e-11
738900,1.055199e-05,5.569188e-01,6.960048e-11
739000,1.193867e-05,6.301913e-01,7.873713e-11
739100,1.124293e-05,5.935463e-01,7.413932e-11
739200,9.575918e-06,5.056085e-01,6.313863e-11
739300,1.054586e-05,5.568965e-01,6.952519e-11
739400,1.068306e-05,5.642184e-01,7.042094e-11
739500,1.193000e-05,6.301597e-01,7.863069e-11
739600,1.012516e-05,5.348977e-01,6.672661e-11
739700,1.275862e-05,6.741109e-01,8.407107e-11
739800,1.137016e-05,6.008319e-01,7.491266e-11
739900,1.178443e-05,6.228074e-01,7.763238e-11
740000,1.108962e-05,5.861658e-01,7.304602e-11
740100,1.053361e-05,5.568519e-01,6.937497e-11
740200,1.164073e-05,6.154618e-01,7.665688e-11
740300,9.699197e-06,5.128797e-01,6.386347e-11
740400,1.177589e-05,6.227762e-01,7.752756e-11
740500,1.108158e-05,5.861365e-01,7.294741e-11
740600,9.971977e-06,5.275176e-01,6.563494e-11
740700,1.260164e-05,6.667169e-01,8.293287e-11
740800,1.066138e-05,5.641395e-01,7.015502e-11
740900,9.829201e-06,5.201753e-01,6.467094e-11
741000,9.274099e-06,4.908648e-01,6.101103e-11
741100,1.037995e-05,5.494700e-01,6.827750e-11
741200,1.010169e-05,5.348122e-01,6.643884e-11
741300,1.134546e-05,6.007419e-01,7.460980e-11
741400,1.134381e-05,6.007359e-01,7.458967e-11
741500,1.244872e-05,6.593377e-01,8.184463e-11
741600,1.037243e-05,5.494426e-01,6.818547e-11
741700,1.078577e-05,5.714146e-01,7.089377e-11
741800,1.119898e-05,5.933862e-01,7.360060e-11
741900,1.064441e-05,5.640775e-01,6.994714e-11
742000,1.147218e-05,6.080256e-01,7.537725e-11
742100,1.147052e-05,6.080195e-01,7.535694e-11
742200,1.105432e-05,5.860371e-01,7.261362e-11
742300,1.215800e-05,6.446343e-01,7.985346e-11
742400,9.807873e-06,5.200975e-01,6.440987e-11
742500,1.132576e-05,6.006700e-01,7.436883e-11
742600,1.104793e-05,5.860137e-01,7.253542e-11
742700,1.146057e-05,6.079832e-01,7.523523e-11
742800,1.063056e-05,5.640269e-01,6.977775e-11
742900,1.035294e-05,5.493714e-01,6.794704e-11
743000,1.131758e-05,6.006401e-01,7.426877e-11
743100,1.269594e-05,6.738822e-01,8.330351e-11
743200,1.034845e-05,5.493550e-01,6.789220e-11
743300,1.131267e-05,6.006222e-01,7.420883e-11
743400,1.131104e-05,6.006162e-01,7.418887e-11
743500,1.089565e-05,5.786367e-01,7.145542e-11
743600,9.377177e-06,4.980621e-01,6.148939e-11
743700,9.375823e-06,4.980571e-01,6.147285e-11
743800,1.185595e-05,6.298895e-01,7.772417e-11
743900,1.130287e-05,6.005863e-01,7.408917e-11
744000,8.407022e-06,4.467732e-01,5.510030e-11
744100,1.033501e-05,5.493058e-01,6.772806e-11
744200,8.404596e-06,4.467643e-01,5.507069e-11
744300,1.060755e-05,5.639428e-01,6.949678e-11
744400,1.060602e-05,5.639372e-01,6.947811e-11
744500,1.143081e-05,6.078743e-01,7.487187e-11
744600,1.129146e-05,6.005446e-01,7.394993e-11
744700,1.197824e-05,6.371568e-01,7.843801e-11
744800,1.087522e-05,5.785619e-01,7.120619e-11
744900,1.142422e-05,6.078502e-01,7.479148e-11
745000,1.059685e-05,5.639036e-01,6.936624e-11
745100,1.197133e-05,6.371315e-01,7.835381e-11
745200,1.100654e-05,5.858622e-01,7.203015e-11
745300,1.141764e-05,6.078260e-01,7.471122e-11
745400,1.196616e-05,6.371125e-01,7.829075e-11
745500,1.196444e-05,6.371062e-01,7.826975e-11
745600,9.762673e-06,5.199321e-01,6.385818e-11
745700,1.058616e-05,5.638644e-01,6.923608e-11
745800,1.072210e-05,5.711817e-01,7.011644e-11
745900,1.182010e-05,6.297582e-01,7.728714e-11
746000,9.757052e-06,5.199115e-01,6.378972e-11
746100,1.195410e-05,6.370683e-01,7.814392e-11
746200,1.112808e-05,5.931267e-01,7.273518e-11
746300,1.071439e-05,5.711534e-01,7.002252e-11
746400,1.071285e-05,5.711477e-01,7.000376e-11
746500,1.043666e-05,5.564974e-01,6.819052e-11
746600,1.112168e-05,5.931032e-01,7.265727e-11
746700,1.180650e-05,6.297082e-01,7.712162e-11
746800,1.111848e-05,5.930914e-01,7.261835e-11
746900,1.070514e-05,5.711194e-01,6.991006e-11
747000,1.180141e-05,6.296895e-01,7.705969e-11
747100,1.276016e-05,6.809366e-01,8.330968e-11
747200,1.111209e-05,5.930679e-01,7.254063e-11
747300,1.097332e-05,5.857403e-01,7.162589e-11
747400,1.097175e-05,5.857345e-01,7.160672e-11
747500,1.165581e-05,6.223368e-01,7.606179e-11
747600,1.069438e-05,5.710799e-01,6.977921e-11
747700,1.165246e-05,6.223245e-01,7.602110e-11
747800,1.110251e-05,5.930327e-01,7.242427e-11
747900,1.233435e-05,6.589188e-01,8.044989e-11
748000,9.043893e-06,4.832023e-01,5.898081e-11
748100,9.316613e-06,4.978399e-01,6.075186e-11
748200,1.109614e-05,5.930093e-01,7.234685e-11
748300,1.082061e-05,5.783614e-01,7.054165e-11
748400,9.997353e-06,5.344299e-01,6.516664e-11
748500,1.109136e-05,5.929917e-01,7.228887e-11
748600,1.218506e-05,6.515524e-01,7.940729e-11
748700,1.026683e-05,5.490556e-01,6.689838e-11
748800,9.991618e-06,5.344088e-01,6.509703e-11
748900,1.176926e-05,6.295713e-01,7.666918e-11
749000,1.067291e-05,5.710009e-01,6.951859e-11
749100,1.094501e-05,5.856361e-01,7.128209e-11
749200,9.985889e-06,5.343877e-01,6.502754e-11
749300,1.162574e-05,6.222261e-01,7.569679e-11
749400,1.121381e-05,6.002593e-01,7.300565e-11
749500,1.285301e-05,6.880953e-01,8.366707e-11
749600,1.052702e-05,5.636470e-01,6.851751e-11
749700,1.052552e-05,5.636414e-01,6.849923e-11
749800,9.430606e-06,5.050763e-01,6.136606e-11
749900,9.565911e-06,5.123912e-01,6.223882e-11
750000,9.564541e-06,5.123861e-01,6.222222e-11
750100,9.973022e-06,5.343403e-01,6.487159e-11
750200,1.079118e-05,5.782530e-01,7.018479e-11
750300,1.119937e-05,6.002060e-01,7.283061e-11
750400,1.065153e-05,5.709221e-01,6.925944e-11
750500,1.078655e-05,5.782359e-01,7.012869e-11
750600,9.965888e-06,5.343140e-01,6.478519e-11
750700,1.160246e-05,6.221403e-01,7.541472e-11
750800,1.146432e-05,6.148149e-01,7.450763e-11
750900,1.132622e-05,6.074897e-01,7.360103e-11
751000,1.118816e-05,6.001646e-01,7.269491e-11
751100,1.241435e-05,6.660298e-01,8.065214e-11
751200,1.050295e-05,5.635582e-01,6.822595e-11
751300,1.009230e-05,5.415960e-01,6.555034e-11
751400,1.118176e-05,6.001410e-01,7.261753e-11
751500,1.131651e-05,6.074538e-01,7.348355e-11
751600,1.090592e-05,5.854919e-01,7.080867e-11
751700,1.008653e-05,5.415747e-01,6.548060e-11
751800,1.063023e-05,5.708434e-01,6.900173e-11
751900,1.035618e-05,5.562009e-01,6.721457e-11
752000,1.008221e-05,5.415587e-01,6.542836e-11
752100,1.103436e-05,5.927814e-01,7.159849e-11
752200,8.717260e-06,4.683659e-01,5.655660e-11
752300,1.089502e-05,5.854516e-01,7.067696e-11
752400,1.034879e-05,5.561736e-01,6.712527e-11
752500,1.157265e-05,6.220302e-01,7.505436e-11
752600,1.143487e-05,6.147061e-01,7.415166e-11
752700,1.170546e-05,6.293358e-01,7.589700e-11
752800,1.115943e-05,6.000585e-01,7.234768e-11
752900,1.088570e-05,5.854172e-01,7.056436e-11
753000,1.047599e-05,5.634585e-01,6.790016e-11
753100,9.930364e-06,5.341827e-01,6.435578e-11
753200,9.656922e-06,5.195424e-01,6.257599e-11
753300,9.519552e-06,5.122199e-01,6.167826e-11
753400,1.060599e-05,5.707537e-01,6.870896e-11
753500,1.006066e-05,5.414790e-01,6.516812e-11
753600,1.101077e-05,5.926942e-01,7.131374e-11
753700,1.060146e-05,5.707369e-01,6.865427e-11
753800,1.059995e-05,5.707313e-01,6.863606e-11
753900,1.154958e-05,6.219447e-01,7.477586e-11
754000,1.018935e-05,5.487694e-01,6.596120e-11
754100,1.181796e-05,6.365662e-01,7.649471e-11
754200,1.032227e-05,5.560754e-01,6.680524e-11
754300,1.235780e-05,6.658206e-01,7.996928e-11
754400,1.059089e-05,5.706978e-01,6.852693e-11
754500,1.045362e-05,5.633756e-01,6.763044e-11
754600,1.072362e-05,5.780031e-01,6.936869e-11
754700,1.085782e-05,5.853139e-01,7.022816e-11
754800,1.112768e-05,5.999408e-01,7.196479e-11
754900,1.071904e-05,5.779861e-01,6.931357e-11
755000,1.098885e-05,5.926129e-01,7.104952e-11
755100,1.139422e-05,6.145555e-01,7.366146e-11
755200,9.222582e-06,4.974924e-01,5.961492e-11
755300,1.098416e-05,5.925955e-01,7.099309e-11
755400,1.057584e-05,5.706419e-01,6.834561e-11
755500,1.138774e-05,6.145314e-01,7.358349e-11
755600,1.043728e-05,5.633150e-01,6.743368e-11
755700,1.233322e-05,6.657294e-01,7.967325e-11
755800,1.165391e-05,6.291447e-01,7.527568e-11
755900,1.205873e-05,6.510852e-01,7.788096e-11
756000,1.002493e-05,5.413465e-01,6.473783e-11
756100,1.042987e-05,5.632875e-01,6.734452e-11
756200,1.002209e-05,5.413359e-01,6.470359e-11
756300,9.749836e-06,5.267001e-01,6.293820e-11
756400,1.001924e-05,5.413253e-01,6.466938e-11
756500,8.664060e-06,4.681687e-01,5.591549e-11
756600,9.745684e-06,5.266846e-01,6.288830e-11
756700,1.096234e-05,5.925144e-01,7.073063e-11
756800,8.119099e-06,4.388953e-01,5.237922e-11
756900,9.335639e-06,5.047247e-01,6.022018e-11
757000,8.116795e-06,4.388867e-01,5.235154e-11
757100,1.000929e-05,5.412883e-01,6.454985e-11
757200,8.790701e-06,4.754513e-01,5.668422e-11
757300,1.068257e-05,5.778506e-01,6.887493e-11
757400,1.041065e-05,5.632160e-01,6.711354e-11
757500,1.270730e-05,6.875557e-01,8.190918e-11
757600,8.650552e-06,4.681184e-01,5.575323e-11
757700,1.094680e-05,5.924566e-01,7.054406e-11
757800,1.040475e-05,5.631940e-01,6.704270e-11
757900,1.067349e-05,5.778168e-01,6.876592e-11
758000,9.186003e-06,4.973564e-01,5.917531e-11
758100,9.589909e-06,5.192936e-01,6.176968e-11
758200,9.858651e-06,5.339164e-01,6.349292e-11
758300,1.012732e-05,5.485389e-01,6.521525e-11
758400,8.640753e-06,4.680819e-01,5.563567e-11
758500,1.106940e-05,5.997242e-01,7.126441e-11
758600,1.052794e-05,5.704638e-01,6.777023e-11
758700,1.174104e-05,6.362803e-01,7.556994e-11
758800,9.850280e-06,5.338852e-01,6.339255e-11
758900,1.187263e-05,6.435813e-01,7.639828e-11
759000,1.119646e-05,6.070083e-01,7.203848e-11
759100,1.146464e-05,6.216290e-01,7.375491e-11
759200,1.038414e-05,5.631172e-01,6.679567e-11
759300,1.038267e-05,5.631118e-01,6.677808e-11
759400,1.105531e-05,5.996716e-01,7.109559e-11
759500,1.091895e-05,5.923528e-01,7.021008e-11
759600,1.091740e-05,5.923470e-01,7.019159e-11
759700,1.118539e-05,6.069670e-01,7.190579e-11
759800,1.280074e-05,6.947145e-01,8.228014e-11
759900,1.172113e-05,6.362060e-01,7.533146e-11
760000,1.064182e-05,5.776987e-01,6.838643e-11
760100,1.050563e-05,5.703805e-01,6.750301e-11
760200,1.036948e-05,5.630625e-01,6.662006e-11
760300,1.171451e-05,6.361813e-01,7.525221e-11
760400,1.103970e-05,5.996134e-01,7.090872e-11
760500,1.171120e-05,6.361690e-01,7.521264e-11
760600,1.036362e-05,5.630406e-01,6.655000e-11
760700,1.197704e-05,6.507809e-01,7.690121e-11
760800,1.049525e-05,5.703418e-01,6.737885e-11
760900,1.049377e-05,5.703362e-01,6.736114e-11
761000,1.089584e-05,5.922665e-01,6.993357e-11
761100,1.049081e-05,5.703252e-01,6.732574e-11
761200,1.089276e-05,5.922550e-01,6.989683e-11
761300,9.277710e-06,5.045086e-01,5.952610e-11
761400,9.276402e-06,5.045037e-01,5.951047e-11
761500,9.947202e-06,5.410567e-01,6.380606e-11
761600,8.467370e-06,4.606249e-01,5.430711e-11
761700,1.128823e-05,6.141606e-01,7.239047e-11
761800,1.074918e-05,5.849092e-01,6.892520e-11
761900,1.088202e-05,5.922148e-01,6.976845e-11
762000,1.061183e-05,5.775866e-01,6.802791e-11
762100,1.155049e-05,6.287591e-01,7.403627e-11
762200,1.087742e-05,5.921976e-01,6.971354e-11
762300,1.221859e-05,6.653020e-01,7.829960e-11
762400,9.666090e-06,5.263877e-01,6.193508e-11
762500,1.033589e-05,5.629369e-01,6.621876e-11
762600,1.113972e-05,6.067963e-01,7.135994e-11
762700,1.073556e-05,5.848582e-01,6.876263e-11
762800,1.100240e-05,5.994738e-01,7.046322e-11
762900,1.113501e-05,6.067786e-01,7.130383e-11
763000,1.153586e-05,6.287043e-01,7.386171e-11
763100,1.220483e-05,6.652504e-01,7.813552e-11
763200,9.923411e-06,5.409677e-01,6.352212e-11
763300,1.153099e-05,6.286861e-01,7.380367e-11
763400,9.920619e-06,5.409572e-01,6.348884e-11
763500,1.152775e-05,6.286739e-01,7.376500e-11
763600,1.045393e-05,5.701871e-01,6.688562e-11
763700,1.112249e-05,6.067317e-01,7.115452e-11
763800,1.098694e-05,5.994159e-01,7.027883e-11
763900,1.259301e-05,6.871286e-01,8.054245e-11
764000,1.098385e-05,5.994043e-01,7.024204e-11
764100,1.111624e-05,6.067082e-01,7.108005e-11
764200,1.044511e-05,5.701540e-01,6.678063e-11
764300,1.071143e-05,5.847677e-01,6.847504e-11
764400,1.097768e-05,5.993811e-01,7.016855e-11
764500,1.084228e-05,5.920659e-01,6.929470e-11
764600,1.137610e-05,6.212977e-01,7.269765e-11
764700,9.634875e-06,5.262706e-01,6.156308e-11
764800,1.016872e-05,5.555025e-01,6.496626e-11
764900,1.163887e-05,6.358981e-01,7.434982e-11
765000,1.029962e-05,5.628009e-01,6.578666e-11
765100,1.163560e-05,6.358858e-01,7.431096e-11
765200,9.494391e-06,5.189363e-01,6.062872e-11
765300,1.149863e-05,6.285646e-01,7.341842e-11
765400,9.224354e-06,5.043086e-01,5.889008e-11
765500,1.002507e-05,5.481563e-01,6.399424e-11
765600,8.687171e-06,4.750642e-01,5.544719e-11
765700,8.285063e-06,4.531338e-01,5.287427e-11
765800,1.015446e-05,5.554489e-01,6.479670e-11
765900,9.217888e-06,5.042843e-01,5.881322e-11
766000,8.548727e-06,4.677375e-01,5.453715e-11
766100,9.482414e-06,5.188913e-01,6.048636e-11
766200,9.748158e-06,5.335028e-01,6.217397e-11
766300,9.880310e-06,5.408058e-01,6.300922e-11
766400,1.148091e-05,6.284980e-01,7.320782e-11
766500,1.054494e-05,5.773356e-01,6.723150e-11
766600,1.027654e-05,5.627141e-01,6.551234e-11
766700,1.147609e-05,6.284798e-01,7.315054e-11
766800,1.027366e-05,5.627033e-01,6.547817e-11
766900,1.013882e-05,5.553901e-01,6.461095e-11
767000,1.027079e-05,5.626925e-01,6.544402e-11
767100,1.213650e-05,6.649938e-01,7.732277e-11
767200,1.013456e-05,5.553741e-01,6.456043e-11
767300,1.039981e-05,5.699837e-01,6.624212e-11
767400,1.039835e-05,5.699782e-01,6.622486e-11
767500,9.597136e-06,5.261287e-01,6.111471e-11
767600,1.026217e-05,5.626600e-01,6.534176e-11
767700,1.039399e-05,5.699618e-01,6.617311e-11
767800,9.593109e-06,5.261135e-01,6.106696e-11
767900,9.991425e-06,5.480296e-01,6.359485e-11
768000,7.858822e-06,4.311125e-01,5.001492e-11
768100,9.056359e-06,4.968707e-01,5.762931e-11
768200,8.655604e-06,4.749453e-01,5.507250e-11
768300,9.053827e-06,4.968611e-01,5.759931e-11
768400,8.653184e-06,4.749362e-01,5.504383e-11
768500,9.716834e-06,5.333848e-01,6.180237e-11
768600,9.449299e-06,5.187665e-01,6.009351e-11
768700,1.304087e-05,7.160370e-01,8.292440e-11
768800,9.845814e-06,5.406758e-01,6.260009e-11
768900,1.130780e-05,6.210406e-01,7.188681e-11
769000,1.010909e-05,5.552780e-01,6.425855e-11
769100,1.037367e-05,5.698852e-01,6.593242e-11
769200,1.077116e-05,5.917981e-01,6.845048e-11
769300,1.050374e-05,5.771803e-01,6.674299e-11
769400,1.129991e-05,6.210108e-01,7.179341e-11
769500,1.010204e-05,5.552514e-01,6.417507e-11
769600,8.239988e-06,4.529639e-01,5.233974e-11
769700,1.156095e-05,6.356046e-01,7.342539e-11
769800,1.036354e-05,5.698469e-01,6.581256e-11
769900,1.208912e-05,6.648150e-01,7.676138e-11
770000,1.075914e-05,5.917528e-01,6.830832e-11
770100,1.155450e-05,6.355802e-01,7.334914e-11
770200,1.128731e-05,6.209632e-01,7.164434e-11
770300,1.261347e-05,6.940111e-01,8.005230e-11
770400,1.101865e-05,6.063407e-01,6.992227e-11
770500,1.154806e-05,6.355559e-01,7.327300e-11
770600,1.075015e-05,5.917187e-01,6.820198e-11
770700,1.127945e-05,6.209335e-01,7.155141e-11
770800,1.101251e-05,6.063175e-01,6.984972e-11
770900,1.074565e-05,5.917018e-01,6.814891e-11
771000,1.154002e-05,6.355254e-01,7.317799e-11
771100,1.021216e-05,5.624712e-01,6.474993e-11
771200,9.680310e-06,5.332468e-01,6.137038e-11
771300,1.034190e-05,5.697651e-01,6.555683e-11
771400,9.942755e-06,5.478458e-01,6.301907e-11
771500,1.126689e-05,6.208860e-01,7.140310e-11
771600,9.807454e-06,5.405308e-01,6.214659e-11
771700,1.099872e-05,6.062653e-01,6.968689e-11
771800,9.407237e-06,5.186075e-01,5.959623e-11
771900,1.179053e-05,6.500793e-01,7.468578e-11
772000,1.019938e-05,5.624228e-01,6.459905e-11
772100,9.933076e-06,5.478091e-01,6.290485e-11
772200,1.112350e-05,6.135404e-01,7.043519e-11
772300,1.125436e-05,6.208385e-01,7.125525e-11
772400,8.737461e-06,4.820582e-01,5.531328e-11
772500,1.151596e-05,6.354343e-01,7.289408e-11
772600,1.177906e-05,6.500358e-01,7.455051e-11
772700,1.111577e-05,6.135111e-01,7.034407e-11
772800,1.032035e-05,5.696834e-01,6.530259e-11
772900,1.031892e-05,5.696780e-01,6.528569e-11
773000,1.018521e-05,5.623691e-01,6.443202e-11
773100,1.150637e-05,6.353979e-01,7.278098e-11
773200,1.018238e-05,5.623583e-01,6.439869e-11
773300,1.203205e-05,6.645990e-01,7.608786e-11
773400,1.017955e-05,5.623476e-01,6.436539e-11
773500,1.176434e-05,6.499800e-01,7.437712e-11
773600,8.590744e-06,4.747000e-01,5.430633e-11
773700,8.721699e-06,4.819984e-01,5.512756e-11
773800,9.116874e-06,5.039027e-01,5.761846e-11
773900,9.115609e-06,5.038979e-01,5.760357e-11
774000,9.378529e-06,5.184987e-01,5.925792e-11
774100,9.509301e-06,5.257964e-01,6.007702e-11
774200,1.188498e-05,6.572393e-01,7.507687e-11
774300,1.214740e-05,6.718382e-01,7.672543e-11
774400,9.769383e-06,5.403865e-01,6.169799e-11
774500,1.095603e-05,6.061034e-01,6.918393e-11
774600,1.095451e-05,6.060976e-01,6.916607e-11
774700,1.082103e-05,5.987895e-01,6.831511e-11
774800,1.029175e-05,5.695748e-01,6.496589e-11
774900,1.160960e-05,6.425911e-01,7.327593e-11
775000,1.187181e-05,6.571892e-01,7.492196e-11
775100,1.266150e-05,7.009952e-01,7.989613e-11
775200,8.307962e-06,4.600237e-01,5.241831e-11
775300,1.107575e-05,6.133591e-01,6.987305e-11
775400,1.160156e-05,6.425606e-01,7.318146e-11
775500,1.080905e-05,5.987439e-01,6.817423e-11
775600,1.133475e-05,6.279450e-01,7.148137e-11
775700,8.697555e-06,4.819067e-01,5.484365e-11
775800,1.146337e-05,6.352346e-01,7.227527e-11
775900,9.880850e-06,5.476108e-01,6.229021e-11
776000,9.879483e-06,5.476056e-01,6.227415e-11
776100,1.080007e-05,5.987098e-01,6.806886e-11
776200,9.876750e-06,5.475952e-01,6.224206e-11
776300,1.171879e-05,6.498068e-01,7.384156e-11
776400,1.105890e-05,6.132950e-01,6.967520e-11
776500,1.105737e-05,6.132892e-01,6.965726e-11
776600,1.066099e-05,5.913804e-01,6.715220e-11
776700,1.210711e-05,6.716849e-01,7.625200e-11
776800,1.013172e-05,5.621657e-01,6.380318e-11
776900,1.052501e-05,5.840627e-01,6.627195e-11
777000,1.104973e-05,6.132601e-01,6.956764e-11
777100,1.078515e-05,5.986529e-01,6.789379e-11
777200,1.078366e-05,5.986473e-01,6.787632e-11
777300,1.078217e-05,5.986416e-01,6.785885e-11
777400,1.143804e-05,6.351381e-01,7.197807e-11
777500,1.130501e-05,6.278317e-01,7.113243e-11
777600,9.857658e-06,5.475225e-01,6.201814e-11
777700,1.064480e-05,5.913187e-01,6.696237e-11
777800,1.024913e-05,5.694126e-01,6.446570e-11
777900,1.195567e-05,6.643084e-01,7.519065e-11
778000,9.852216e-06,5.475017e-01,6.195439e-11
778100,1.129565e-05,6.277960e-01,7.102277e-11
778200,1.076878e-05,5.985905e-01,6.770199e-11
778300,1.155515e-05,6.423837e-01,7.263712e-11
778400,1.037194e-05,5.766799e-01,6.519157e-11
778500,9.714149e-06,5.401761e-01,6.104983e-11
778600,9.187793e-06,5.109726e-01,5.773501e-11
778700,9.580235e-06,5.328663e-01,6.019390e-11
778800,8.529170e-06,4.744655e-01,5.358355e-11
778900,9.315193e-06,5.182574e-01,5.851469e-11
779000,1.062573e-05,5.912459e-01,6.673906e-11
779100,9.968445e-06,5.547439e-01,6.260329e-11
779200,8.786760e-06,4.890460e-01,5.517558e-11
779300,8.916677e-06,4.963405e-01,5.598473e-11
779400,8.522120e-06,4.744386e-01,5.350108e-11
779500,9.700769e-06,5.401250e-01,6.089330e-11
779600,8.388699e-06,4.671307e-01,5.265096e-11
779700,9.567042e-06,5.328159e-01,6.003960e-11
779800,9.434688e-06,5.255121e-01,5.920195e-11
779900,1.113664e-05,6.203904e-01,6.987327e-11
780000,9.432090e-06,5.255022e-01,5.917160e-11
780100,8.382926e-06,4.671086e-01,5.258349e-11
780200,1.008432e-05,5.619848e-01,6.324830e-11
780300,8.904408e-06,4.962935e-01,5.584132e-11
780400,9.034112e-06,5.035872e-01,5.664800e-11
780500,9.949247e-06,5.546705e-01,6.237891e-11
780600,1.164949e-05,6.495423e-01,7.303027e-11
780700,1.007739e-05,5.619582e-01,6.316731e-11
780800,9.421714e-06,5.254625e-01,5.905041e-11
780900,1.256056e-05,7.006100e-01,7.871371e-11
781000,1.098898e-05,6.130280e-01,6.885686e-11
781100,1.111827e-05,6.203201e-01,6.965875e-11
781200,1.033203e-05,5.765273e-01,6.472508e-11
781300,1.203059e-05,6.713926e-01,7.535675e-11
781400,1.176743e-05,6.567909e-01,7.369970e-11
781500,1.189655e-05,6.640823e-01,7.449951e-11
781600,9.934214e-06,5.546130e-01,6.220345e-11
781700,1.045563e-05,5.837976e-01,6.546057e-11
781800,1.058487e-05,5.910895e-01,6.626187e-11
781900,1.045276e-05,5.837866e-01,6.542708e-11
782000,1.045132e-05,5.837811e-01,6.541035e-11
782100,1.031927e-05,5.764784e-01,6.457621e-11
782200,1.123209e-05,6.275529e-01,7.028017e-11
782300,1.188349e-05,6.640322e-01,7.434722e-11
782400,9.531599e-06,5.326802e-01,5.962593e-11
782500,1.057471e-05,5.910505e-01,6.614337e-11
782600,9.659517e-06,5.399670e-01,6.041184e-11
782700,1.057180e-05,5.910394e-01,6.610957e-11
782800,1.017886e-05,5.691437e-01,6.364481e-11
782900,1.056891e-05,5.910283e-01,6.607580e-11
783000,1.213301e-05,6.785816e-01,7.584543e-11
783100,1.174001e-05,6.566857e-01,7.338006e-11
783200,9.651572e-06,5.399365e-01,6.031931e-11
783300,1.408415e-05,7.880080e-01,8.801111e-11
783400,1.082244e-05,6.055931e-01,6.762090e-11
783500,1.121208e-05,6.274761e-01,7.004715e-11
783600,1.042841e-05,5.836932e-01,6.514351e-11
783700,9.123612e-06,5.107267e-01,5.698602e-11
783800,1.003460e-05,5.617941e-01,6.266863e-11
783900,1.055443e-05,5.909727e-01,6.590733e-11
784000,1.029242e-05,5.763754e-01,6.426359e-11
784100,1.159367e-05,6.493282e-01,7.237975e-11
784200,1.094084e-05,6.128433e-01,6.829605e-11
784300,1.159049e-05,6.493160e-01,7.234284e-11
784400,9.505507e-06,5.325800e-01,5.932226e-11
784500,1.171751e-05,6.565993e-01,7.311839e-11
784600,1.132538e-05,6.347067e-01,7.066309e-11
784700,1.132383e-05,6.347007e-01,7.064508e-11
784800,9.760588e-06,5.471507e-01,6.088542e-11
784900,1.001950e-05,5.617361e-01,6.249310e-11
785000,1.001813e-05,5.617308e-01,6.247718e-11
785100,1.066720e-05,5.982012e-01,6.651719e-11
785200,9.625180e-06,5.398351e-01,6.001242e-11
785300,1.066428e-05,5.981900e-01,6.648331e-11
785400,1.131300e-05,6.346591e-01,7.051921e-11
785500,1.118143e-05,6.273582e-01,6.969090e-11
785600,8.449928e-06,4.741617e-01,5.265995e-11
785700,1.052847e-05,5.908728e-01,6.560569e-11
785800,1.000718e-05,5.616887e-01,6.235003e-11
785900,1.143521e-05,6.419239e-01,7.123905e-11
786000,1.026430e-05,5.762672e-01,6.393696e-11
786100,9.483438e-06,5.324951e-01,5.906596e-11
786200,8.832681e-06,4.960181e-01,5.500635e-11
786300,1.155884e-05,6.491941e-01,7.197530e-11
786400,9.998982e-06,5.616571e-01,6.225493e-11
786500,1.051697e-05,5.908285e-01,6.547230e-11
786600,1.090500e-05,6.127053e-01,6.787993e-11
786700,9.994888e-06,5.616413e-01,6.220745e-11
786800,1.077224e-05,6.053999e-01,6.703774e-11
786900,1.077077e-05,6.053942e-01,6.702071e-11
787000,1.050980e-05,5.908009e-01,6.538913e-11
787100,1.128676e-05,6.345580e-01,7.021492e-11
787200,9.080065e-06,5.105591e-01,5.648041e-11
787300,1.076490e-05,6.053716e-01,6.695262e-11
787400,9.985348e-06,5.616045e-01,6.209690e-11
787500,1.050264e-05,5.907732e-01,6.530612e-11
787600,9.982626e-06,5.615940e-01,6.206537e-11
787700,1.140716e-05,6.418157e-01,7.091384e-11
787800,1.062795e-05,5.980500e-01,6.606203e-11
787900,1.075609e-05,6.053376e-01,6.685069e-11
788000,9.588464e-06,5.396935e-01,5.958669e-11
788100,9.975826e-06,5.615678e-01,6.198664e-11
788200,1.088124e-05,6.126136e-01,6.760463e-11
788300,1.087976e-05,6.126079e-01,6.758748e-11
788400,1.061927e-05,5.980164e-01,6.596152e-11
788500,9.840907e-06,5.542540e-01,6.111956e-11
788600,1.165212e-05,6.563472e-01,7.236007e-11
788700,1.165053e-05,6.563411e-01,7.234172e-11
788800,9.448591e-06,5.323606e-01,5.866230e-11
788900,1.074146e-05,6.052811e-01,6.668132e-11
789000,9.187224e-06,5.177657e-01,5.702619e-11
789100,1.125605e-05,6.344394e-01,6.985945e-11
789200,1.009026e-05,5.688024e-01,6.261674e-11
789300,1.047692e-05,5.906739e-01,6.500860e-11
789400,1.086348e-05,6.125450e-01,6.739925e-11
789500,1.215510e-05,6.854606e-01,7.540386e-11
789600,1.021406e-05,5.760733e-01,6.335528e-11
789700,1.034195e-05,5.833599e-01,6.414100e-11
789800,9.306490e-06,5.250190e-01,5.771228e-11
789900,9.175986e-06,5.177222e-01,5.689631e-11
790000,1.085462e-05,6.125107e-01,6.729691e-11
790100,1.033633e-05,5.833381e-01,6.407607e-11
790200,9.818179e-06,5.541661e-01,6.085686e-11
790300,8.395986e-06,4.739534e-01,5.203546e-11
790400,7.490785e-06,4.229083e-01,4.641989e-11
790500,1.007245e-05,5.687335e-01,6.241096e-11
790600,1.045843e-05,5.906023e-01,6.479499e-11
790700,1.097340e-05,6.197621e-01,6.797754e-11
790800,9.164774e-06,5.176788e-01,5.676688e-11
790900,1.097042e-05,6.197506e-01,6.794317e-11
791000,9.549425e-06,5.395425e-01,5.913557e-11
791100,9.677158e-06,5.468286e-01,5.991954e-11
791200,9.804856e-06,5.541145e-01,6.070312e-11
791300,9.674532e-06,5.468184e-01,5.988926e-11
791400,1.057605e-05,5.978492e-01,6.546238e-11
791500,1.044566e-05,5.905529e-01,6.464772e-11
791600,1.005742e-05,5.686752e-01,6.223763e-11
791700,1.044283e-05,5.905419e-01,6.461506e-11
791800,1.044141e-05,5.905364e-01,6.459874e-11
791900,1.082666e-05,6.124024e-01,6.697436e-11
792000,9.278738e-06,5.249115e-01,5.739210e-11
792100,8.375503e-06,4.738740e-01,5.179923e-11
792200,9.147387e-06,5.176114e-01,5.656642e-11
792300,1.107843e-05,6.269601e-01,6.849977e-11
792400,1.004652e-05,5.686330e-01,6.211202e-11
792500,1.120421e-05,6.342386e-01,6.926131e-11
792600,1.004380e-05,5.686224e-01,6.208068e-11
792700,1.171618e-05,6.633866e-01,7.240919e-11
792800,9.783613e-06,5.540320e-01,6.045835e-11
792900,1.068329e-05,6.050557e-01,6.601023e-11
793000,1.042445e-05,5.904706e-01,6.440338e-11
793100,1.158115e-05,6.560723e-01,7.154126e-11
793200,1.183691e-05,6.706455e-01,7.311263e-11
793300,1.144937e-05,6.487706e-01,7.071069e-11
793400,1.106194e-05,6.268961e-01,6.830997e-11
793500,1.093184e-05,6.196008e-01,6.749865e-11
793600,9.130063e-06,5.175441e-01,5.636701e-11
793700,1.015743e-05,5.758536e-01,6.270242e-11
793800,9.770381e-06,5.539806e-01,6.030612e-11
793900,1.079738e-05,6.122887e-01,6.663735e-11
794000,9.510694e-06,5.393922e-01,5.868954e-11
794100,1.117998e-05,6.341444e-01,6.898249e-11
794200,1.027905e-05,5.831159e-01,6.341620e-11
794300,1.169084e-05,6.632882e-01,7.211777e-11
794400,9.377099e-06,5.320834e-01,5.783815e-11
794500,1.001801e-05,5.685222e-01,6.178411e-11
794600,1.078717e-05,6.122490e-01,6.651999e-11
794700,1.027211e-05,5.830889e-01,6.333643e-11
794800,9.115264e-06,5.174866e-01,5.619694e-11
794900,9.884233e-06,5.612126e-01,6.093064e-11
795000,1.129474e-05,6.413799e-01,6.961750e-11
795100,1.116488e-05,6.340857e-01,6.880908e-11
795200,9.495286e-06,5.393322e-01,5.851254e-11
795300,1.039209e-05,5.903447e-01,6.403141e-11
795400,9.107882e-06,5.174578e-01,5.611218e-11
795500,1.205670e-05,6.850787e-01,7.427070e-11
795600,9.874897e-06,5.611763e-01,6.082347e-11
795700,1.064293e-05,6.048987e-01,6.554648e-11
795800,1.025686e-05,5.830295e-01,6.316145e-11
795900,1.217838e-05,6.923411e-01,7.498538e-11
796000,9.741393e-06,5.538678e-01,5.997323e-11
796100,1.063719e-05,6.048763e-01,6.548063e-11
796200,9.995050e-06,5.684327e-01,6.152056e-11
796300,1.037808e-05,5.902901e-01,6.387069e-11
796400,1.050478e-05,5.975721e-01,6.464298e-11
796500,1.037528e-05,5.902792e-01,6.383862e-11
796600,1.114231e-05,6.339977e-01,6.855019e-11
796700,1.050054e-05,5.975555e-01,6.459430e-11
796800,9.218741e-06,5.246781e-01,5.670271e-11
796900,1.024167e-05,5.829702e-01,6.298721e-11
797000,1.139232e-05,6.485484e-01,7.005568e-11
797100,1.100682e-05,6.266814e-01,6.767727e-11
797200,9.469713e-06,5.392325e-01,5.821932e-11
797300,1.074796e-05,6.120961e-01,6.607022e-11
797400,1.049064e-05,5.975169e-01,6.448095e-11
797500,1.100090e-05,6.266583e-01,6.760940e-11
797600,9.976216e-06,5.683593e-01,6.130478e-11
797700,9.974873e-06,5.683540e-01,6.128941e-11
797800,1.074073e-05,6.120679e-01,6.598743e-11
797900,1.073928e-05,6.120623e-01,6.597089e-11
798000,1.035434e-05,5.901975e-01,6.359885e-11
798100,1.073639e-05,6.120510e-01,6.593783e-11
798200,1.009596e-05,5.756141e-01,6.199742e-11
798300,9.839045e-06,5.610364e-01,6.041273e-11
798400,9.709959e-06,5.537451e-01,5.961321e-11
798500,9.580908e-06,5.464539e-01,5.881410e-11
798600,9.707348e-06,5.537349e-01,5.958336e-11
798700,1.174942e-05,6.703045e-01,7.210916e-11
798800,1.098168e-05,6.265832e-01,6.738952e-11
798900,1.123556e-05,6.411490e-01,6.893945e-11
799000,1.021277e-05,5.828574e-01,6.265654e-11
799100,1.187075e-05,6.775654e-01,7.282000e-11
799200,9.954775e-06,5.682755e-01,6.105956e-11
799300,9.953438e-06,5.682702e-01,6.104428e-11
799400,1.059006e-05,6.046922e-01,6.494113e-11
799500,9.950765e-06,5.682598e-01,6.101374e-11
799600,1.071477e-05,6.119664e-01,6.569067e-11
799700,1.122349e-05,6.411018e-01,6.880159e-11
799800,1.096694e-05,6.265255e-01,6.722111e-11
799900,1.122048e-05,6.410900e-01,6.876719e-11
800000,9.179159e-06,5.245233e-01,5.625000e-11
800100,1.019770e-05,5.827984e-01,6.248438e-11
800200,1.019633e-05,5.827930e-01,6.246876e-11
800300,1.057727e-05,6.046422e-01,6.479514e-11
800400,1.044843e-05,5.973518e-01,6.399849e-11
800500,1.108405e-05,6.337699e-01,6.788387e-11
800600,1.070040e-05,6.119102e-01,6.552667e-11
800700,1.222739e-05,6.993195e-01,7.486892e-11
800800,1.044283e-05,5.973299e-01,6.393457e-11
800900,9.932092e-06,5.681866e-01,6.080062e-11
801000,1.120394e-05,6.410252e-01,6.857845e-11
801100,1.056593e-05,6.045977e-01,6.466580e-11
801200,1.120093e-05,6.410134e-01,6.854421e-11
801300,1.018130e-05,5.827341e-01,6.229737e-11
801400,1.119793e-05,6.410016e-01,6.851001e-11
801500,1.170536e-05,6.701319e-01,7.160622e-11
801600,9.922781e-06,5.681501e-01,6.069448e-11
801700,1.093904e-05,6.264162e-01,6.690286e-11
801800,1.093757e-05,6.264104e-01,6.688617e-11
801900,1.169909e-05,6.701073e-01,7.153481e-11
802000,1.207897e-05,6.919523e-01,7.384904e-11
802100,9.280491e-06,5.317058e-01,5.673301e-11
802200,1.029615e-05,5.899696e-01,6.293463e-11
802300,1.194702e-05,6.846498e-01,7.301705e-11
802400,1.080171e-05,6.190925e-01,6.600960e-11
802500,1.105439e-05,6.336536e-01,6.754593e-11
802600,8.512014e-06,4.879816e-01,5.200517e-11
802700,1.067035e-05,6.117923e-01,6.518426e-11
802800,9.398815e-06,5.389549e-01,5.740993e-11
802900,1.142946e-05,6.554797e-01,6.980549e-11
803000,1.180887e-05,6.773228e-01,7.211438e-11
803100,8.633285e-06,4.952422e-01,5.271566e-11
803200,9.520733e-06,5.462181e-01,5.812780e-11
803300,1.091565e-05,6.263243e-01,6.663661e-11
803400,9.898916e-06,5.680564e-01,6.042281e-11
803500,1.103962e-05,6.335956e-01,6.737790e-11
803600,9.896272e-06,5.680460e-01,6.039274e-11
803700,1.154411e-05,6.627143e-01,7.044067e-11
803800,1.116204e-05,6.408607e-01,6.810150e-11
803900,1.090690e-05,6.262899e-01,6.653718e-11
804000,9.256948e-06,5.316133e-01,5.646519e-11
804100,9.762875e-06,5.607377e-01,5.954436e-11
804200,1.014189e-05,5.825793e-01,6.184888e-11
804300,9.760269e-06,5.607274e-01,5.951475e-11
804400,9.758966e-06,5.607223e-01,5.949995e-11
804500,9.884387e-06,5.679992e-01,6.025769e-11
804600,1.102342e-05,6.335318e-01,6.719380e-11
804700,1.026182e-05,5.898346e-01,6.254420e-11
804800,9.373743e-06,5.388563e-01,5.712494e-11
804900,8.485905e-06,4.878789e-01,5.170838e-11
805000,9.371242e-06,5.388464e-01,5.709656e-11
805100,1.063621e-05,6.116579e-01,6.479621e-11
805200,9.495348e-06,5.461182e-01,5.783939e-11
805300,1.113972e-05,6.407728e-01,6.784804e-11
805400,9.872530e-06,5.679525e-01,6.012310e-11
805500,1.176952e-05,6.771680e-01,7.166744e-11
805600,1.075566e-05,6.189113e-01,6.548623e-11
805700,1.050118e-05,6.043432e-01,6.392951e-11
805800,1.075279e-05,6.189000e-01,6.545373e-11
805900,9.992441e-06,5.752077e-01,6.081837e-11
806000,1.112934e-05,6.407319e-01,6.773024e-11
806100,1.150721e-05,6.625690e-01,7.002185e-11
806200,1.163212e-05,6.698438e-01,7.077376e-11
806300,1.200983e-05,6.916802e-01,7.306347e-11
806400,8.848168e-06,5.096545e-01,5.382289e-11
806500,9.858075e-06,5.678955e-01,5.995920e-11
806600,9.983132e-06,5.751710e-01,6.071286e-11
806700,8.970988e-06,5.169211e-01,5.455119e-11
806800,9.601470e-06,5.533190e-01,5.837835e-11
806900,1.086338e-05,6.261184e-01,6.604334e-11
807000,1.010412e-05,5.824304e-01,6.142044e-11
807100,1.123934e-05,6.479479e-01,6.831331e-11
807200,8.965022e-06,5.168976e-01,5.448363e-11
807300,9.721337e-06,5.605740e-01,5.907324e-11
807400,1.098239e-05,6.333700e-01,6.672856e-11
807500,9.971187e-06,5.751238e-01,6.057760e-11
807600,1.022226e-05,5.896786e-01,6.209583e-11
807700,9.968537e-06,5.751134e-01,6.054760e-11
807800,1.097655e-05,6.333469e-01,6.666249e-11
807900,1.072279e-05,6.187816e-01,6.511390e-11
808000,1.109977e-05,6.406151e-01,6.739535e-11
808100,1.059382e-05,6.114907e-01,6.431601e-11
808200,9.457516e-06,5.459689e-01,5.741080e-11
808300,1.084318e-05,6.260386e-01,6.581476e-11
808400,1.033747e-05,5.969151e-01,6.273808e-11
808500,1.121845e-05,6.478654e-01,6.807693e-11
808600,1.146903e-05,6.624181e-01,6.958953e-11
808700,1.146750e-05,6.624121e-01,6.957232e-11
808800,1.020598e-05,5.896142e-01,6.191170e-11
808900,1.070856e-05,6.187253e-01,6.495301e-11
809000,1.020327e-05,5.896035e-01,6.188109e-11
809100,1.083167e-05,6.259931e-01,6.568467e-11
809200,1.070430e-05,6.187085e-01,6.490485e-11
809300,1.120654e-05,6.478183e-01,6.794241e-11
809400,1.120506e-05,6.478124e-01,6.792562e-11
809500,1.070004e-05,6.186916e-01,6.485676e-11
809600,9.691692e-06,5.604567e-01,5.873808e-11
809700,1.120060e-05,6.477948e-01,6.787530e-11
809800,9.940788e-06,5.750036e-01,6.023398e-11
809900,1.119763e-05,6.477830e-01,6.784178e-11
810000,9.686555e-06,5.604364e-01,5.868008e-11
810100,1.144623e-05,6.623279e-01,6.933206e-11
810200,1.018705e-05,5.895393e-01,6.169792e-11
810300,1.005995e-05,5.822557e-01,6.092118e-11
810400,9.681422e-06,5.604160e-01,5.862217e-11
810500,9.680140e-06,5.604110e-01,5.860770e-11
810600,1.018166e-05,5.895179e-01,6.163705e-11
810700,1.018031e-05,5.895125e-01,6.162184e-11
810800,9.424963e-06,5.458400e-01,5.704319e-11
810900,1.306755e-05,7.568913e-01,7.908038e-11
811000,1.143259e-05,6.622738e-01,6.917827e-11
811100,1.080300e-05,6.258795e-01,6.536115e-11
811200,9.922372e-06,5.749306e-01,6.002625e-11
811300,9.669893e-06,5.603703e-01,5.849218e-11
811400,9.668614e-06,5.603653e-01,5.847776e-11
811500,1.117393e-05,6.476890e-01,6.757452e-11
811600,9.666056e-06,5.603551e-01,5.844894e-11
811700,1.079443e-05,6.258455e-01,6.526455e-11
811800,9.663500e-06,5.603450e-01,5.842015e-11
811900,1.217189e-05,7.058827e-01,7.357608e-11
812000,9.284545e-06,5.385036e-01,5.611638e-11
812100,9.910568e-06,5.748838e-01,5.989328e-11
812200,1.016013e-05,5.894324e-01,6.139444e-11
812300,1.015878e-05,5.894271e-01,6.137933e-11
812400,1.015744e-05,5.894218e-01,6.136422e-11
812500,1.028148e-05,5.966932e-01,6.210651e-11
812600,1.015476e-05,5.894111e-01,6.133401e-11
812700,1.140692e-05,6.621719e-01,6.888916e-11
812800,8.898732e-06,5.166350e-01,5.373546e-11
812900,1.140391e-05,6.621600e-01,6.885526e-11
813000,1.027470e-05,5.966662e-01,6.203014e-11
813100,9.897485e-06,5.748318e-01,5.974605e-11
813200,9.770910e-06,5.675503e-01,5.897526e-11
813300,1.089688e-05,6.330311e-01,6.576392e-11
813400,1.014404e-05,5.893685e-01,6.121343e-11
813500,1.164532e-05,6.766762e-01,7.026480e-11
813600,8.889340e-06,5.165976e-01,5.362984e-11
813700,9.639280e-06,5.602487e-01,5.814764e-11
813800,1.013868e-05,5.893472e-01,6.115327e-11
813900,9.887042e-06,5.747902e-01,5.962865e-11
814000,1.063655e-05,6.184396e-01,6.414165e-11
814100,1.013467e-05,5.893312e-01,6.110820e-11
814200,1.088395e-05,6.329797e-01,6.561862e-11
814300,1.050726e-05,6.111473e-01,6.334034e-11
814400,9.255176e-06,5.383868e-01,5.578612e-11
814500,1.012933e-05,5.893100e-01,6.104820e-11
814600,9.252737e-06,5.383771e-01,5.575874e-11
814700,1.075176e-05,6.256758e-01,6.478479e-11
814800,9.375303e-06,5.456426e-01,5.648449e-11
814900,1.124888e-05,6.547652e-01,6.776476e-11
815000,8.872949e-06,5.165324e-01,5.344575e-11
815100,1.187069e-05,6.911286e-01,7.149437e-11
815200,9.745179e-06,5.674479e-01,5.868624e-11
815300,1.011866e-05,5.892675e-01,6.092845e-11
815400,9.492803e-06,5.528880e-01,5.715341e-11
815500,1.011600e-05,5.892569e-01,6.089857e-11
815600,1.036441e-05,6.038010e-01,6.238694e-11
815700,9.988479e-06,5.819716e-01,6.011724e-11
815800,1.098588e-05,6.401630e-01,6.611276e-11
815900,1.011067e-05,5.892356e-01,6.083887e-11
816000,9.734924e-06,5.674070e-01,5.857122e-11
816100,1.010801e-05,5.892250e-01,6.080906e-11
816200,9.857137e-06,5.746711e-01,5.929307e-11
816300,1.072914e-05,6.255857e-01,6.453107e-11
816400,9.230839e-06,5.382898e-01,5.551313e-11
816500,1.085105e-05,6.328485e-01,6.524945e-11
816600,1.035079e-05,6.037466e-01,6.223423e-11
816700,1.097289e-05,6.401111e-01,6.596713e-11
816800,9.724689e-06,5.673661e-01,5.845655e-11
816900,7.853524e-06,4.582531e-01,4.720334e-11
817000,8.600349e-06,5.018918e-01,5.168625e-11
817100,8.599219e-06,5.018873e-01,5.167359e-11
817200,8.847309e-06,5.164301e-01,5.315837e-11
817300,8.846147e-06,5.164254e-01,5.314536e-11
817400,9.343295e-06,5.455149e-01,5.612573e-11
817500,9.092946e-06,5.309631e-01,5.461568e-11
817600,8.219940e-06,4.800445e-01,4.936648e-11
817700,8.218861e-06,4.800402e-01,4.935441e-11
817800,8.466806e-06,4.945824e-01,5.083756e-11
817900,1.120460e-05,6.545885e-01,6.726855e-11
818000,9.709376e-06,5.673050e-01,5.828516e-11
818100,1.057934e-05,6.182114e-01,6.350035e-11
818200,9.706828e-06,5.672948e-01,5.825667e-11
818300,1.132315e-05,6.618380e-01,6.794950e-11
818400,9.455454e-06,5.527388e-01,5.673517e-11
818500,9.827407e-06,5.745523e-01,5.896031e-11
818600,1.007488e-05,5.890926e-01,6.043820e-11
818700,9.949194e-06,5.818147e-01,5.967747e-11
818800,1.019659e-05,5.963547e-01,6.115447e-11
818900,9.946586e-06,5.818042e-01,5.964832e-11
819000,9.075070e-06,5.308916e-01,5.441581e-11
819100,8.825281e-06,5.163420e-01,5.291204e-11
819200,7.581291e-06,4.436138e-01,4.544854e-11
819300,9.195770e-06,5.381496e-01,5.512084e-11
819400,8.076308e-06,4.726948e-01,4.840514e-11
819500,1.031147e-05,6.035894e-01,6.179455e-11
819600,9.689031e-06,5.672235e-01,5.805782e-11
819700,1.092978e-05,6.399388e-01,6.548515e-11
819800,1.130091e-05,6.617489e-01,6.770108e-11
819900,1.092692e-05,6.399273e-01,6.545320e-11
820000,8.814884e-06,5.163004e-01,5.279595e-11
820100,9.930964e-06,5.817417e-01,5.947389e-11
820200,1.055027e-05,6.180950e-01,6.317560e-11
820300,1.005247e-05,5.890029e-01,6.018796e-11
820400,1.005115e-05,5.889976e-01,6.017328e-11
820500,1.004984e-05,5.889924e-01,6.015862e-11
820600,9.800413e-06,5.744442e-01,5.865892e-11
820700,1.079145e-05,6.326101e-01,6.458332e-11
820800,8.929686e-06,5.235347e-01,5.343525e-11
820900,1.029260e-05,6.035138e-01,6.158396e-11
821000,8.927351e-06,5.235253e-01,5.340921e-11
821100,1.053786e-05,6.180452e-01,6.303719e-11
821200,9.668768e-06,5.671423e-01,5.783180e-11
821300,9.791447e-06,5.744082e-01,5.855897e-11
821400,1.003802e-05,5.889449e-01,6.002686e-11
821500,1.115190e-05,6.543774e-01,6.668027e-11
821600,9.787609e-06,5.743928e-01,5.851622e-11
821700,1.015796e-05,5.961999e-01,6.072357e-11
821800,9.661191e-06,5.671119e-01,5.774739e-11
821900,1.065069e-05,6.252716e-01,6.365470e-11
822000,8.915693e-06,5.234786e-01,5.327934e-11
822100,8.914529e-06,5.234739e-01,5.326638e-11
822200,9.284755e-06,5.452804e-01,5.547232e-11
822300,9.035982e-06,5.307349e-01,5.397993e-11
822400,7.549630e-06,4.434868e-01,4.509554e-11
822500,8.786127e-06,5.161850e-01,5.247549e-11
822600,8.290052e-06,4.870998e-01,4.950709e-11
822700,9.278698e-06,5.452561e-01,5.540491e-11
822800,7.545690e-06,4.434710e-01,4.505171e-11
822900,8.039441e-06,4.725468e-01,4.799425e-11
823000,9.522403e-06,5.597813e-01,5.684091e-11
823100,9.768464e-06,5.743159e-01,5.830313e-11
823200,9.519920e-06,5.597713e-01,5.681330e-11
823300,9.765917e-06,5.743057e-01,5.827481e-11
823400,1.062987e-05,6.251879e-01,6.342299e-11
823500,1.050489e-05,6.179128e-01,6.267029e-11
823600,9.514957e-06,5.597513e-01,5.675813e-11
823700,1.025505e-05,6.033629e-01,6.116598e-11
823800,1.050079e-05,6.178963e-01,6.262466e-11
823900,1.086999e-05,6.396987e-01,6.481920e-11
824000,1.062156e-05,6.251545e-01,6.333066e-11
824100,9.632250e-06,5.669955e-01,5.742550e-11
824200,9.630996e-06,5.669905e-01,5.741157e-11
824300,1.086432e-05,6.396759e-01,6.475631e-11
824400,9.258162e-06,5.451735e-01,5.517665e-11
824500,9.133530e-06,5.378997e-01,5.442775e-11
824600,9.255751e-06,5.451637e-01,5.514988e-11
824700,9.871516e-06,5.815028e-01,5.881228e-11
824800,7.649429e-06,4.506607e-01,4.556846e-11
824900,8.018520e-06,4.724626e-01,4.776181e-11
825000,9.374280e-06,5.524129e-01,5.583104e-11
825100,8.879742e-06,5.233339e-01,5.287974e-11
825200,8.508645e-06,5.015239e-01,5.066414e-11
825300,1.048030e-05,6.178138e-01,6.239722e-11
825400,1.035566e-05,6.105399e-01,6.164819e-11
825500,1.060084e-05,6.250710e-01,6.310072e-11
825600,8.997219e-06,5.305788e-01,5.354926e-11
825700,9.612217e-06,5.669148e-01,5.720316e-11
825800,9.734185e-06,5.741779e-01,5.792251e-11
825900,9.979323e-06,5.887088e-01,5.937452e-11
826000,9.362099e-06,5.523638e-01,5.569594e-11
826100,9.607221e-06,5.668947e-01,5.714778e-11
826200,1.022174e-05,6.032287e-01,6.079638e-11
826300,1.132865e-05,6.686331e-01,6.737245e-11
826400,8.864748e-06,5.232734e-01,5.271350e-11
826500,9.971547e-06,5.886774e-01,5.928834e-11
826600,9.477894e-06,5.596019e-01,5.634689e-11
826700,9.845884e-06,5.813994e-01,5.852806e-11
826800,1.021378e-05,6.031966e-01,6.070817e-11
826900,9.597245e-06,5.668544e-01,5.703726e-11
827000,9.595999e-06,5.668494e-01,5.702346e-11
827100,1.020980e-05,6.031805e-01,6.066414e-11
827200,9.224527e-06,5.450378e-01,5.480374e-11
827300,9.961197e-06,5.886356e-01,5.917373e-11
827400,9.959905e-06,5.886304e-01,5.915943e-11
827500,1.180280e-05,6.976298e-01,7.009794e-11
827600,9.465602e-06,5.595523e-01,5.621080e-11
827700,9.833116e-06,5.813479e-01,5.838672e-11
827800,1.007764e-05,5.958763e-01,5.983193e-11
827900,1.081362e-05,6.394713e-01,6.419437e-11
828000,9.214961e-06,5.449991e-01,5.469789e-11
828100,9.950868e-06,5.885938e-01,5.905946e-11
828200,9.335407e-06,5.522560e-01,5.540043e-11
828300,9.948289e-06,5.885834e-01,5.903094e-11
828400,9.578593e-06,5.667790e-01,5.683089e-11
828500,1.043686e-05,6.176383e-01,6.191614e-11
828600,9.944423e-06,5.885678e-01,5.898820e-11
828700,1.252098e-05,7.411529e-01,7.426351e-11
828800,9.082675e-06,5.376944e-01,5.386445e-11
828900,1.018601e-05,6.030843e-01,6.040096e-11
829000,9.325737e-06,5.522169e-01,5.529356e-11
829100,1.091952e-05,6.466693e-01,6.473605e-11
829200,9.077972e-06,5.376753e-01,5.381250e-11
829300,1.042605e-05,6.175946e-01,6.179674e-11
829400,1.054735e-05,6.248549e-01,6.250869e-11
829500,1.214014e-05,7.193033e-01,7.194033e-11
829600,8.214991e-06,4.867969e-01,4.867515e-11
829700,7.355757e-06,4.359337e-01,4.357918e-11
829800,7.845126e-06,4.649918e-01,4.647326e-11
829900,8.824625e-06,5.231112e-01,5.226982e-11
830000,8.455839e-06,5.013104e-01,5.007984e-11
830100,8.944876e-06,5.303672e-01,5.297025e-11
830200,8.576169e-06,5.085668e-01,5.078116e-11
830300,1.065758e-05,6.320703e-01,6.309852e-11
830400,8.206497e-06,4.867625e-01,4.858141e-11
830500,8.695313e-06,5.158184e-01,5.146940e-11
830600,8.694189e-06,5.158138e-01,5.145700e-11
830700,1.101938e-05,6.538427e-01,6.521149e-11
830800,9.916160e-06,5.884533e-01,5.867621e-11
830900,9.670067e-06,5.739185e-01,5.721364e-11
831000,9.668818e-06,5.739134e-01,5.719987e-11
831100,1.003469e-05,5.957024e-01,5.935773e-11
831200,9.911038e-06,5.884325e-01,5.861975e-11
831300,8.931017e-06,5.303110e-01,5.281743e-11
831400,9.908479e-06,5.884221e-01,5.859155e-11
831500,9.540267e-06,5.666237e-01,5.640792e-11
831600,9.905921e-06,5.884117e-01,5.856337e-11
831700,1.076060e-05,6.392565e-01,6.360910e-11
831800,1.051468e-05,6.247224e-01,6.214850e-11
831900,9.902087e-06,5.883962e-01,5.852114e-11
832000,8.800720e-06,5.230142e-01,5.200629e-11
832100,9.899532e-06,5.883858e-01,5.849301e-11
832200,7.454242e-06,4.431014e-01,4.403971e-11
832300,8.675130e-06,5.157365e-01,5.124701e-11
832400,8.429673e-06,5.012043e-01,4.979147e-11
832500,9.161507e-06,5.447824e-01,5.410816e-11
832600,1.001529e-05,5.956236e-01,5.914405e-11
832700,1.025824e-05,6.101456e-01,6.057203e-11
832800,9.402177e-06,5.592952e-01,5.551103e-11
832900,1.062187e-05,6.319254e-01,6.270520e-11
833000,9.277679e-06,5.520219e-01,5.476380e-11
833100,8.910307e-06,5.302269e-01,5.258945e-11
833200,9.397332e-06,5.592755e-01,5.545775e-11
833300,9.884232e-06,5.883236e-01,5.832467e-11
833400,1.122509e-05,6.682135e-01,6.622940e-11
833500,1.049167e-05,6.246289e-01,6.189524e-11
833600,9.026551e-06,5.374666e-01,5.324592e-11
833700,9.879141e-06,5.883029e-01,5.826871e-11
833800,9.512023e-06,5.665089e-01,5.609715e-11
833900,1.109593e-05,6.609212e-01,6.543098e-11
834000,7.802728e-06,4.648196e-01,4.600636e-11
834100,1.060547e-05,6.318586e-01,6.252490e-11
834200,9.994672e-06,5.955397e-01,5.891739e-11
834300,1.048087e-05,6.245849e-01,6.177660e-11
834400,9.626536e-06,5.737416e-01,5.673467e-11
834500,9.625298e-06,5.737365e-01,5.672107e-11
834600,9.014942e-06,5.374194e-01,5.311840e-11
834700,1.071909e-05,6.390877e-01,6.315269e-11
834800,9.378001e-06,5.591968e-01,5.524537e-11
834900,9.498572e-06,5.664541e-01,5.594943e-11
835000,9.010307e-06,5.374005e-01,5.306752e-11
835100,7.913442e-06,4.720368e-01,4.660220e-11
835200,7.547236e-06,4.502465e-01,4.444068e-11
835300,8.763406e-06,5.228624e-01,5.159618e-11
835400,7.788693e-06,4.647625e-01,4.585229e-11
835500,9.612933e-06,5.736861e-01,5.658537e-11
835600,8.151694e-06,4.865397e-01,4.797864e-11
835700,1.009707e-05,6.027229e-01,5.942200e-11
835800,9.487594e-06,5.664094e-01,5.582900e-11
835900,1.033772e-05,6.172356e-01,6.082474e-11
836000,9.241949e-06,5.518764e-01,5.437147e-11
836100,7.052161e-06,4.211651e-01,4.148409e-11
836200,1.021216e-05,6.099579e-01,6.006603e-11
836300,1.057553e-05,6.317366e-01,6.219637e-11
836400,9.601831e-06,5.736408e-01,5.646366e-11
836500,1.069434e-05,6.389867e-01,6.288119e-11
836600,8.991813e-06,5.373250e-01,5.286473e-11
836700,9.112155e-06,5.445814e-01,5.356631e-11
836800,7.896188e-06,4.719664e-01,4.641304e-11
836900,7.895175e-06,4.719623e-01,4.640195e-11
837000,7.894163e-06,4.719581e-01,4.639086e-11
837100,9.714647e-06,5.808665e-01,5.708281e-11
837200,7.770721e-06,4.646891e-01,4.565534e-11
837300,9.347950e-06,5.590742e-01,5.491596e-11
837400,8.618434e-06,5.155055e-01,5.062470e-11
837500,9.588296e-06,5.735856e-01,5.631544e-11
837600,9.223001e-06,5.517990e-01,5.416394e-11
837700,9.949858e-06,5.953569e-01,5.842609e-11
837800,9.827259e-06,5.880913e-01,5.769980e-11
837900,9.340766e-06,5.590448e-01,5.483734e-11
838000,9.096983e-06,5.445194e-01,5.340024e-11
838100,1.030859e-05,6.171166e-01,6.050583e-11
838200,1.067106e-05,6.388916e-01,6.262639e-11
838300,1.163967e-05,6.969666e-01,6.830340e-11
838400,8.971094e-06,5.372404e-01,5.263798e-11
838500,1.054575e-05,6.316149e-01,6.187043e-11
838600,1.005960e-05,6.025699e-01,5.901173e-11
838700,9.815941e-06,5.880450e-01,5.757603e-11
838800,9.451178e-06,5.662606e-01,5.543037e-11
838900,1.041920e-05,6.243331e-01,6.110096e-11
839000,1.029673e-05,6.170680e-01,6.037609e-11
839100,1.077990e-05,6.461009e-01,6.320225e-11
839200,9.204129e-06,5.517218e-01,5.395760e-11
839300,9.445135e-06,5.662358e-01,5.536434e-11
839400,1.053361e-05,6.315652e-01,6.173783e-11
839500,1.004802e-05,6.025225e-01,5.888527e-11
839600,1.028883e-05,6.170357e-01,6.028983e-11
839700,9.803395e-06,5.879936e-01,5.743898e-11
839800,1.064924e-05,6.388023e-01,6.238798e-11
839900,1.028488e-05,6.170195e-01,6.024677e-11
840000,8.831771e-06,5.299063e-01,5.172902e-11
840100,9.314514e-06,5.589374e-01,5.455050e-11
840200,8.829515e-06,5.298970e-01,5.170440e-11
840300,1.052150e-05,6.315156e-01,6.160565e-11
840400,9.069102e-06,5.444053e-01,5.309568e-11
840500,1.027700e-05,6.169872e-01,6.016079e-11
840600,1.015480e-05,6.097233e-01,5.943887e-11
840700,1.087875e-05,6.532692e-01,6.366935e-11
840800,9.910489e-06,5.951957e-01,5.799605e-11
840900,9.788380e-06,5.879320e-01,5.727516e-11
841000,9.787131e-06,5.879269e-01,5.726154e-11
841100,9.785882e-06,5.879218e-01,5.724793e-11
841200,1.002623e-05,6.024331e-01,5.864751e-11
841300,1.014573e-05,6.096861e-01,5.934000e-11
841400,1.086904e-05,6.532294e-01,6.356346e-11
841500,9.780889e-06,5.879013e-01,5.719351e-11
841600,9.900378e-06,5.951542e-01,5.788585e-11
841700,9.778395e-06,5.878911e-01,5.716634e-11
841800,9.173621e-06,5.515967e-01,5.362481e-11
841900,1.025866e-05,6.169120e-01,5.996087e-11
842000,8.929932e-06,5.370716e-01,5.218883e-11
842100,1.025605e-05,6.169012e-01,5.993239e-11
842200,9.772164e-06,5.878655e-01,5.709848e-11
842300,1.013280e-05,6.096330e-01,5.919918e-11
842400,9.407834e-06,5.660828e-01,5.495762e-11
842500,9.406636e-06,5.660779e-01,5.494457e-11
842600,9.887768e-06,5.951024e-01,5.774853e-11
842700,9.886509e-06,5.950972e-01,5.773483e-11
842800,9.523594e-06,5.733204e-01,5.560938e-11
842900,1.060721e-05,6.386298e-01,6.192993e-11
843000,1.048534e-05,6.313671e-01,6.121165e-11
843100,1.000198e-05,6.023335e-01,5.838347e-11
843200,1.000071e-05,6.023283e-01,5.836962e-11
843300,9.638009e-06,5.805523e-01,5.624654e-11
843400,9.516323e-06,5.732905e-01,5.553028e-11
843500,1.023778e-05,6.168261e-01,5.973361e-11
843600,9.875188e-06,5.950506e-01,5.761170e-11
843700,1.071683e-05,6.458420e-01,6.251495e-11
843800,9.752278e-06,5.877837e-01,5.688215e-11
843900,1.155679e-05,6.966265e-01,6.739990e-11
844000,9.990533e-06,6.022864e-01,5.825902e-11
844100,1.022997e-05,6.167940e-01,5.964872e-11
844200,1.034900e-05,6.240450e-01,6.033617e-11
844300,9.385113e-06,5.659894e-01,5.471054e-11
844400,9.985454e-06,6.022655e-01,5.820384e-11
844500,9.743602e-06,5.877480e-01,5.678789e-11
844600,9.742364e-06,5.877429e-01,5.677444e-11
844700,1.058295e-05,6.385300e-01,6.166627e-11
844800,6.974241e-06,4.208456e-01,4.063406e-11
844900,9.979112e-06,6.022394e-01,5.813497e-11
845000,9.016124e-06,5.441875e-01,5.251917e-11
845100,9.135179e-06,5.514386e-01,5.320683e-11
845200,7.451437e-06,4.498539e-01,4.339530e-11
845300,8.411844e-06,5.078951e-01,4.898310e-11
845400,8.050314e-06,4.861240e-01,4.687274e-11
845500,1.021179e-05,6.167191e-01,5.945135e-11
845600,8.889135e-06,5.369037e-01,5.174540e-11
845700,9.128223e-06,5.514099e-01,5.313136e-11
845800,9.367251e-06,5.659158e-01,5.451666e-11
845900,8.645596e-06,5.223793e-01,5.031117e-11
846000,1.008525e-05,6.094372e-01,5.868249e-11
846100,9.363686e-06,5.659011e-01,5.447801e-11
846200,8.522274e-06,5.151106e-01,4.957724e-11
846300,1.056148e-05,6.384414e-01,6.143332e-11
846400,8.760116e-06,5.296116e-01,5.094969e-11
846500,1.079877e-05,6.529402e-01,6.279985e-11
846600,9.237780e-06,5.586217e-01,5.371607e-11
846700,1.079604e-05,6.529289e-01,6.277018e-11
846800,9.715201e-06,5.876309e-01,5.647982e-11
846900,9.953821e-06,6.021351e-01,5.786072e-11
847000,9.832649e-06,5.948753e-01,5.715011e-11
847100,1.067067e-05,6.456517e-01,6.201413e-11
847200,9.230758e-06,5.585927e-01,5.364001e-11
847300,9.948778e-06,6.021142e-01,5.780610e-11
847400,9.587969e-06,5.803461e-01,5.570358e-11
847500,9.826424e-06,5.948496e-01,5.708269e-11
847600,9.825179e-06,5.948444e-01,5.706922e-11
847700,1.114178e-05,6.746348e-01,6.470958e-11
847800,9.942481e-06,6.020882e-01,5.773794e-11
847900,1.006100e-05,6.093370e-01,5.841979e-11
848000,8.981895e-06,5.440462e-01,5.214823e-11
848100,9.938706e-06,6.020726e-01,5.769710e-11
848200,9.338807e-06,5.657983e-01,5.420858e-11
848300,1.029533e-05,6.238235e-01,5.975435e-11
848400,8.618256e-06,5.222663e-01,5.001510e-11
848500,9.813995e-06,5.947982e-01,5.694822e-11
848600,9.693086e-06,5.875395e-01,5.624047e-11
848700,9.811513e-06,5.947879e-01,5.692138e-11
848800,9.451360e-06,5.730224e-01,5.482597e-11
848900,8.971675e-06,5.440040e-01,5.203771e-11
849000,1.136269e-05,6.890657e-01,6.589891e-11
849100,1.016533e-05,6.165272e-01,5.894830e-11
849200,1.004447e-05,6.092687e-01,5.824107e-11
849300,1.111925e-05,6.745416e-01,6.446600e-11
849400,1.052012e-05,6.382704e-01,6.098572e-11
849500,9.921128e-06,6.019999e-01,5.750708e-11
849600,9.800358e-06,5.947417e-01,5.680085e-11
849700,9.560118e-06,5.802308e-01,5.540242e-11
849800,9.439424e-06,5.729730e-01,5.469702e-11
849900,1.015506e-05,6.164846e-01,5.883737e-11
850000,1.003432e-05,6.092266e-01,5.813149e-11
850100,9.674731e-06,5.874635e-01,5.604218e-11
850200,1.003179e-05,6.092161e-01,5.810414e-11
850300,1.086640e-05,6.599785e-01,6.293135e-11
850400,9.790464e-06,5.947007e-01,5.669403e-11
850500,9.550467e-06,5.801909e-01,5.529825e-11
850600,9.787993e-06,5.946905e-01,5.666738e-11
850700,1.026416e-05,6.236944e-01,5.941767e-11
850800,9.904860e-06,6.019325e-01,5.733148e-11
850900,1.038089e-05,6.309358e-01,6.008032e-11
851000,9.305833e-06,5.656617e-01,5.385245e-11
851100,9.662532e-06,5.874129e-01,5.591056e-11
851200,8.110732e-06,4.931325e-01,4.692623e-11
851300,8.228970e-06,5.003802e-01,4.760514e-11
851400,7.750951e-06,4.713686e-01,4.483489e-11
851500,8.823048e-06,5.366304e-01,5.103081e-11
851600,7.748997e-06,4.713604e-01,4.481383e-11
851700,8.940024e-06,5.438728e-01,5.169612e-11
851800,8.342971e-06,5.076102e-01,4.823839e-11
851900,9.295283e-06,5.656179e-01,5.373873e-11
852000,8.102559e-06,4.930986e-01,4.683815e-11
852100,8.816380e-06,5.366027e-01,5.095896e-11
852200,8.457894e-06,5.148441e-01,4.888159e-11
852300,8.456829e-06,5.148397e-01,4.887012e-11
852400,9.646717e-06,5.873472e-01,5.574015e-11
852500,8.931021e-06,5.438354e-01,5.159914e-11
852600,1.035868e-05,6.308436e-01,5.984097e-11
852700,9.643074e-06,5.873321e-01,5.570094e-11
852800,8.451508e-06,5.148176e-01,4.881283e-11
852900,9.521627e-06,5.800711e-01,5.498747e-11
853000,8.449381e-06,5.148087e-01,4.878994e-11
853100,9.995193e-06,6.090642e-01,5.770978e-11
853200,8.923157e-06,5.438027e-01,5.151451e-11
853300,9.278916e-06,5.655499e-01,5.356253e-11
853400,1.046720e-05,6.380509e-01,6.041536e-11
853500,1.082268e-05,6.597969e-01,6.246034e-11
853600,9.037585e-06,5.510345e-01,5.215246e-11
853700,9.630952e-06,5.872817e-01,5.557052e-11
853800,9.629742e-06,5.872767e-01,5.555750e-11
853900,9.628531e-06,5.872716e-01,5.554449e-11
854000,1.022160e-05,6.235176e-01,5.895935e-11
854100,9.982634e-06,6.090120e-01,5.757472e-11
854200,1.069434e-05,6.525073e-01,6.167276e-11
854300,9.742504e-06,5.945015e-01,5.617758e-11
854400,7.484154e-06,4.567473e-01,4.315072e-11
854500,8.195901e-06,5.002427e-01,4.724925e-11
854600,8.194872e-06,5.002384e-01,4.723820e-11
854700,9.143854e-06,5.582323e-01,5.270276e-11
854800,7.124187e-06,4.349825e-01,4.105747e-11
854900,8.191786e-06,5.002256e-01,4.720505e-11
855000,9.615237e-06,5.872163e-01,5.540166e-11
855100,1.056356e-05,6.452074e-01,6.085919e-11
855200,9.138117e-06,5.582084e-01,5.264115e-11
855300,9.136970e-06,5.582036e-01,5.262884e-11
855400,8.423941e-06,5.147028e-01,4.851654e-11
855500,1.115142e-05,6.814317e-01,6.421816e-11
855600,9.963853e-06,6.089338e-01,5.737302e-11
855700,1.008121e-05,6.161777e-01,5.804247e-11
855800,1.031712e-05,6.306706e-01,5.939429e-11
855900,9.960105e-06,6.089181e-01,5.733281e-11
856000,9.603183e-06,5.871660e-01,5.527229e-11
856100,9.009264e-06,5.509165e-01,5.184831e-11
856200,9.008135e-06,5.509118e-01,5.183620e-11
856300,1.031065e-05,6.306436e-01,5.932495e-11
856400,9.005877e-06,5.509024e-01,5.181199e-11
856500,1.078200e-05,6.596275e-01,6.202356e-11
856600,9.240558e-06,5.653901e-01,5.315064e-11
856700,1.077930e-05,6.596162e-01,6.199460e-11
856800,9.356682e-06,5.726289e-01,5.380693e-11
856900,9.118662e-06,5.581272e-01,5.243249e-11
857000,1.030161e-05,6.306059e-01,5.922807e-11
857100,9.826746e-06,6.016074e-01,5.649176e-11
857200,9.825515e-06,6.016023e-01,5.647858e-11
857300,1.029774e-05,6.305898e-01,5.918663e-11
857400,1.017811e-05,6.233363e-01,5.849268e-11
857500,1.053184e-05,6.450751e-01,6.051900e-11
857600,8.755713e-06,5.363500e-01,5.030744e-11
857700,9.582757e-06,5.870808e-01,5.505341e-11
857800,8.871813e-06,5.435887e-01,5.096349e-11
857900,9.107255e-06,5.580796e-01,5.231032e-11
858000,9.224377e-06,5.653226e-01,5.297733e-11
858100,1.005095e-05,6.160514e-01,5.771825e-11
858200,9.813229e-06,6.015509e-01,5.634704e-11
858300,1.052130e-05,6.450310e-01,6.040624e-11
858400,8.510552e-06,5.218184e-01,4.885658e-11
858500,9.100425e-06,5.580510e-01,5.223723e-11
858600,9.690150e-06,5.942831e-01,5.561630e-11
858700,9.216308e-06,5.652888e-01,5.289099e-11
858800,9.805871e-06,6.015202e-01,5.626833e-11
858900,9.332133e-06,5.725264e-01,5.354413e-11
859000,9.567194e-06,5.870157e-01,5.488690e-11
859100,1.015649e-05,6.232459e-01,5.826141e-11
859200,8.502048e-06,5.217828e-01,4.876564e-11
859300,1.015396e-05,6.232353e-01,5.823430e-11
859400,8.617979e-06,5.290208e-01,4.941993e-11
859500,9.797301e-06,6.014843e-01,5.617671e-11
859600,8.851877e-06,5.435053e-01,5.075028e-11
859700,9.322814e-06,5.724873e-01,5.344453e-11
859800,9.557641e-06,5.869757e-01,5.478481e-11
859900,1.038231e-05,6.376966e-01,5.950545e-11
860000,9.201357e-06,5.652262e-01,5.273121e-11
860100,9.436112e-06,5.797143e-01,5.407071e-11
860200,9.081125e-06,5.579703e-01,5.203096e-11
860300,8.136616e-06,4.999951e-01,4.661431e-11
860400,9.550488e-06,5.869457e-01,5.470843e-11
860500,1.025665e-05,6.304178e-01,5.874725e-11
860600,1.072689e-05,6.593970e-01,6.143399e-11
860700,1.001837e-05,6.159150e-01,5.737006e-11
860800,8.956484e-06,5.506958e-01,5.128367e-11
860900,1.001587e-05,6.159045e-01,5.734341e-11
861000,9.425527e-06,5.796699e-01,5.395773e-11
861100,1.036679e-05,6.376315e-01,5.933972e-11
861200,8.952019e-06,5.506771e-01,5.123604e-11
861300,1.012865e-05,6.231293e-01,5.796416e-11
861400,1.012739e-05,6.231240e-01,5.795070e-11
861500,1.071486e-05,6.593465e-01,6.130570e-11
861600,8.005711e-06,4.926943e-01,4.580022e-11
861700,7.180699e-06,4.419720e-01,4.107595e-11
861800,8.121419e-06,4.999313e-01,4.645218e-11
861900,9.768026e-06,6.013616e-01,5.586430e-11
862000,9.060776e-06,5.578849e-01,5.181389e-11
862100,9.530279e-06,5.868610e-01,5.449288e-11
862200,1.070552e-05,6.593073e-01,6.120619e-11
862300,9.880792e-06,6.085862e-01,5.648492e-11
862400,7.527286e-06,4.636808e-01,4.302615e-11
862500,9.290337e-06,5.723511e-01,5.309809e-11
862600,9.054012e-06,5.578565e-01,5.174183e-11
862700,9.523166e-06,5.868311e-01,5.441710e-11
862800,9.051760e-06,5.578470e-01,5.171785e-11
862900,9.990960e-06,6.158000e-01,5.707790e-11
863000,9.167035e-06,5.650822e-01,5.236523e-11
863100,1.081106e-05,6.665016e-01,6.174981e-11
863200,9.047259e-06,5.578281e-01,5.166993e-11
863300,9.516063e-06,5.868012e-01,5.434149e-11
863400,9.632348e-06,5.940407e-01,5.499963e-11
863500,9.748604e-06,6.012800e-01,5.565746e-11
863600,9.629954e-06,5.940306e-01,5.497416e-11
863700,9.863605e-06,6.085140e-01,5.630195e-11
863800,8.570878e-06,5.288232e-01,4.891775e-11
863900,9.039392e-06,5.577951e-01,5.158623e-11
864000,7.160187e-06,4.418858e-01,4.085755e-11
864100,8.332953e-06,5.143218e-01,4.754451e-11
864200,7.862515e-06,4.853418e-01,4.485556e-11
864300,8.330884e-06,5.143131e-01,4.752251e-11
864400,1.032432e-05,6.374531e-01,5.888751e-11
864500,1.008842e-05,6.229602e-01,5.753584e-11
864600,9.266124e-06,5.722493e-01,5.284047e-11
864700,9.968643e-06,6.157061e-01,5.684052e-11
864800,6.918552e-06,4.273688e-01,3.944488e-11
864900,7.621188e-06,4.708261e-01,4.344618e-11
865000,7.971946e-06,4.925524e-01,4.544088e-11
865100,8.322617e-06,5.142783e-01,4.743465e-11
865200,8.321585e-06,5.142739e-01,4.742369e-11
865300,9.140889e-06,5.649722e-01,5.208722e-11
865400,1.019434e-05,6.301560e-01,5.808386e-11
865500,1.031024e-05,6.373938e-01,5.873792e-11
865600,9.137489e-06,5.649579e-01,5.205112e-11
865700,1.019055e-05,6.301400e-01,5.804361e-11
865800,9.135224e-06,5.649483e-01,5.202708e-11
865900,1.007092e-05,6.228865e-01,5.734994e-11
866000,9.484228e-06,5.866672e-01,5.400317e-11
866100,9.483052e-06,5.866623e-01,5.399070e-11
866200,9.481878e-06,5.866573e-01,5.397823e-11
866300,1.076821e-05,6.663212e-01,6.129446e-11
866400,9.128435e-06,5.649197e-01,5.195504e-11
866500,9.595371e-06,5.938849e-01,5.460680e-11
866600,8.541163e-06,5.286980e-01,4.860215e-11
866700,9.709983e-06,6.011173e-01,5.524723e-11
866800,1.041062e-05,6.445661e-01,5.922734e-11
866900,9.122785e-06,5.648959e-01,5.189513e-11
867000,1.052499e-05,6.517974e-01,5.986518e-11
867100,9.354387e-06,5.793706e-01,5.320122e-11
867200,7.950245e-06,4.924609e-01,4.521061e-11
867300,1.075488e-05,6.662650e-01,6.115319e-11
867400,8.883369e-06,5.503882e-01,5.050621e-11
867500,1.051848e-05,6.517700e-01,5.979619e-11
867600,9.114886e-06,5.648625e-01,5.181142e-11
867700,1.028219e-05,6.372754e-01,5.844044e-11
867800,9.463118e-06,5.865781e-01,5.377937e-11
867900,1.063009e-05,6.589896e-01,6.040488e-11
868000,8.993579e-06,5.576019e-01,5.110004e-11
868100,9.226038e-06,5.720803e-01,5.241524e-11
868200,9.808752e-06,6.082827e-01,5.571982e-11
868300,9.690783e-06,6.010362e-01,5.504381e-11
868400,9.105876e-06,5.648245e-01,5.171601e-11
868500,9.805116e-06,6.082674e-01,5.568134e-11
868600,1.003733e-05,6.227447e-01,5.699396e-11
868700,1.015279e-05,6.299806e-01,5.764340e-11
868800,8.984693e-06,5.575643e-01,5.100598e-11
868900,7.583544e-06,4.706672e-01,4.304709e-11
869000,8.049230e-06,4.996272e-01,4.568562e-11
869100,8.514800e-06,5.285866e-01,4.832294e-11
869200,7.580735e-06,4.706554e-01,4.301738e-11
869300,1.002866e-05,6.227080e-01,5.690221e-11
869400,8.978039e-06,5.575362e-01,5.093560e-11
869500,1.049252e-05,6.516602e-01,5.952143e-11
869600,9.092392e-06,5.647674e-01,5.157337e-11
869700,8.974715e-06,5.575221e-01,5.090047e-11
869800,9.556310e-06,5.937199e-01,5.419323e-11
869900,9.089027e-06,5.647532e-01,5.153781e-11
870000,9.553952e-06,5.937099e-01,5.416832e-11
870100,1.001876e-05,6.226661e-01,5.679762e-11
870200,9.202147e-06,5.719792e-01,5.216256e-11
870300,1.001629e-05,6.226557e-01,5.677152e-11
870400,8.151791e-06,5.068085e-01,4.619876e-11
870500,9.431624e-06,5.864449e-01,5.344628e-11
870600,9.197610e-06,5.719600e-01,5.211464e-11
870700,9.196477e-06,5.719552e-01,5.210267e-11
870800,8.264169e-06,5.140313e-01,4.681570e-11
870900,9.077828e-06,5.647057e-01,5.141952e-11
871000,7.913029e-06,4.923034e-01,4.481698e-11
871100,9.075591e-06,5.646963e-01,5.139591e-11
871200,7.213043e-06,4.488574e-01,4.084378e-11
871300,9.422331e-06,5.864055e-01,5.334818e-11
871400,9.653792e-06,6.008796e-01,5.465287e-11
871500,8.024454e-06,4.995222e-01,4.542389e-11
871600,9.302569e-06,5.791514e-01,5.265329e-11
871700,8.952620e-06,5.574285e-01,5.066717e-11
871800,1.069532e-05,6.660129e-01,6.052351e-11
871900,9.066656e-06,5.646584e-01,5.130164e-11
872000,7.322167e-06,4.560664e-01,4.142644e-11
872100,7.902319e-06,4.922580e-01,4.470400e-11
872200,8.947113e-06,5.574051e-01,5.060909e-11
872300,1.034020e-05,6.442681e-01,5.848281e-11
872400,9.758086e-06,6.080681e-01,5.518461e-11
872500,9.873039e-06,6.153019e-01,5.582877e-11
872600,9.987964e-06,6.225355e-01,5.647263e-11
872700,1.103186e-05,6.876788e-01,6.236826e-11
872800,9.404955e-06,5.863318e-01,5.316497e-11
872900,1.010038e-05,6.297585e-01,5.709003e-11
873000,9.518725e-06,5.935605e-01,5.379667e-11
873100,9.981826e-06,6.225095e-01,5.640797e-11
873200,9.980599e-06,6.225042e-01,5.639505e-11
873300,1.102373e-05,6.876443e-01,6.228259e-11
873400,1.055827e-05,6.586853e-01,5.964651e-11
873500,9.396868e-06,5.862974e-01,5.307979e-11
873600,8.583738e-06,5.356253e-01,4.848155e-11
873700,9.974470e-06,6.224782e-01,5.633052e-11
873800,9.045502e-06,5.645685e-01,5.107878e-11
873900,9.392252e-06,5.862778e-01,5.303121e-11
874000,7.767946e-06,4.849418e-01,4.385529e-11
874100,1.008550e-05,6.296952e-01,5.693339e-11
874200,9.504704e-06,5.935009e-01,5.364908e-11
874300,8.808157e-06,5.500694e-01,4.971216e-11
874400,8.922959e-06,5.573025e-01,5.035475e-11
874500,8.921864e-06,5.572978e-01,5.034323e-11
874600,9.500040e-06,5.934811e-01,5.360001e-11
874700,1.019391e-05,6.369012e-01,5.750882e-11
874800,9.034406e-06,5.645213e-01,5.096207e-11
874900,9.612356e-06,6.007036e-01,5.421647e-11
875000,1.019016e-05,6.368852e-01,5.746939e-11
875100,9.841565e-06,6.151681e-01,5.549752e-11
875200,9.029975e-06,5.645025e-01,5.091550e-11
875300,9.144623e-06,5.717349e-01,5.155648e-11
875400,9.027762e-06,5.644930e-01,5.089223e-11
875500,1.029964e-05,6.440957e-01,5.805608e-11
875600,8.794125e-06,5.500097e-01,4.956466e-11
875700,1.006572e-05,6.296111e-01,5.672553e-11
875800,7.403764e-06,4.631583e-01,4.171960e-11
875900,9.369241e-06,5.861798e-01,5.278931e-11
876000,7.864572e-06,4.920975e-01,4.430683e-11
876100,9.135663e-06,5.716967e-01,5.146236e-11
876200,9.712680e-06,6.078750e-01,5.470699e-11
876300,9.711490e-06,6.078699e-01,5.469450e-11
876400,1.005710e-05,6.295743e-01,5.663495e-11
876500,9.709112e-06,6.078598e-01,5.466954e-11
876600,9.939065e-06,6.223275e-01,5.595843e-11
876700,1.051563e-05,6.585038e-01,5.919832e-11
876800,8.319041e-06,5.210096e-01,4.682755e-11
876900,9.011191e-06,5.644224e-01,5.071827e-11
877000,8.894575e-06,5.571816e-01,5.005662e-11
877100,9.355486e-06,5.861212e-01,5.264496e-11
877200,7.622056e-06,4.775763e-01,4.288611e-11
877300,8.544896e-06,5.354598e-01,4.807347e-11
877400,8.197479e-06,5.137477e-01,4.611403e-11
877500,9.004580e-06,5.643942e-01,5.064894e-11
877600,7.964616e-06,4.992676e-01,4.479462e-11
877700,9.233208e-06,5.788562e-01,5.192396e-11
877800,9.347481e-06,5.860870e-01,5.256103e-11
877900,1.003866e-05,6.294956e-01,5.644158e-11
878000,1.026818e-05,6.439615e-01,5.772594e-11
878100,9.459412e-06,5.933079e-01,5.317358e-11
878200,1.015032e-05,6.367153e-01,5.705133e-11
878300,9.803093e-06,6.150040e-01,5.509386e-11
878400,8.764047e-06,5.498814e-01,4.924917e-11
878500,9.339488e-06,5.860529e-01,5.247730e-11
878600,8.185465e-06,5.136964e-01,4.598815e-11
878700,9.913578e-06,6.222187e-01,5.569128e-11
878800,9.797108e-06,6.149784e-01,5.503118e-11
878900,9.450173e-06,5.932684e-01,5.307682e-11
879000,1.014041e-05,6.366730e-01,5.694753e-11
879100,1.060005e-05,6.656071e-01,5.952251e-11
879200,8.870694e-06,5.570796e-01,4.980643e-11
879300,9.330371e-06,5.860139e-01,5.238186e-11
879400,9.098881e-06,5.715397e-01,5.107686e-11
879500,9.558417e-06,6.004734e-01,5.365083e-11
879600,9.211808e-06,5.787648e-01,5.169988e-11
879700,9.671219e-06,6.076980e-01,5.427253e-11
879800,1.001540e-05,6.293962e-01,5.619806e-11
879900,9.438649e-06,5.932191e-01,5.295625e-11
880000,8.746950e-06,5.498083e-01,4.907025e-11
880100,9.551425e-06,6.004435e-01,5.357770e-11
880200,8.629754e-06,5.425649e-01,4.840258e-11
880300,1.012434e-05,6.366042e-01,5.677946e-11
880400,8.627650e-06,5.425559e-01,4.838059e-11
880500,9.891833e-06,6.221256e-01,5.546381e-11
880600,9.315591e-06,5.859507e-01,5.222731e-11
880700,1.046439e-05,6.582848e-01,5.866180e-11
880800,8.508466e-06,5.353041e-01,4.769217e-11
880900,8.737360e-06,5.497672e-01,4.897003e-11
881000,9.311053e-06,5.859312e-01,5.217990e-11
881100,1.011448e-05,6.365620e-01,5.667640e-11
881200,8.964015e-06,5.642207e-01,5.022450e-11
881300,9.537470e-06,6.003837e-01,5.343189e-11
881400,9.880995e-06,6.220792e-01,5.535060e-11
881500,1.033932e-05,6.510077e-01,5.791191e-11
881600,8.959651e-06,5.642020e-01,5.017894e-11
881700,8.843707e-06,5.569640e-01,4.952438e-11
881800,8.957470e-06,5.641927e-01,5.015618e-11
881900,1.010463e-05,6.365198e-01,5.657362e-11
882000,9.758971e-06,6.148152e-01,5.463259e-11
882100,1.021697e-05,6.437423e-01,5.719056e-11
882200,1.033051e-05,6.509700e-01,5.782004e-11
882300,1.205080e-05,7.594587e-01,6.744143e-11
882400,1.044276e-05,6.581921e-01,5.843599e-11
882500,1.032675e-05,6.509538e-01,5.778074e-11
882600,9.407669e-06,5.930863e-01,5.263274e-11
882700,9.635953e-06,6.075468e-01,5.390425e-11
882800,1.135528e-05,7.160314e-01,6.351562e-11
882900,1.078047e-05,6.798626e-01,6.029410e-11
883000,9.288424e-06,5.858342e-01,5.194379e-11
883100,1.008990e-05,6.364566e-01,5.641998e-11
883200,8.483659e-06,5.351977e-01,4.743333e-11
883300,9.285039e-06,5.858197e-01,5.190851e-11
883400,8.710831e-06,5.496534e-01,4.869325e-11
883500,9.168182e-06,5.785777e-01,5.124446e-11
883600,8.823303e-06,5.568765e-01,4.931163e-11
883700,9.853402e-06,6.219608e-01,5.506286e-11
883800,1.008133e-05,6.364197e-01,5.633064e-11
883900,9.621916e-06,6.074866e-01,5.375799e-11
884000,8.475421e-06,5.351623e-01,4.734752e-11
884100,9.848618e-06,6.219402e-01,5.501304e-11
884200,8.816879e-06,5.568489e-01,4.924472e-11
884300,9.388264e-06,5.930030e-01,5.243057e-11
884400,9.272648e-06,5.857664e-01,5.177946e-11
884500,9.729376e-06,6.146881e-01,5.432419e-11
884600,9.499297e-06,6.002199e-01,5.303398e-11
884700,9.498145e-06,6.002149e-01,5.302199e-11
884800,8.352777e-06,5.278955e-01,4.662326e-11
884900,9.610249e-06,6.074364e-01,5.363656e-11
885000,8.350752e-06,5.278868e-01,4.660219e-11
885100,9.951059e-06,6.291202e-01,5.552705e-11
885200,8.920558e-06,5.640341e-01,4.977162e-11
885300,9.262533e-06,5.857229e-01,5.167424e-11
885400,9.490087e-06,6.001802e-01,5.293819e-11
885500,1.040353e-05,6.580235e-01,5.802755e-11
885600,9.030545e-06,5.712465e-01,5.036419e-11
885700,9.258045e-06,5.857036e-01,5.162758e-11
885800,9.485489e-06,6.001605e-01,5.289039e-11
885900,9.598609e-06,6.073863e-01,5.351554e-11
886000,9.140426e-06,5.784584e-01,5.095567e-11
886100,9.253560e-06,5.856843e-01,5.158098e-11
886200,1.039472e-05,6.579855e-01,5.793592e-11
886300,9.137106e-06,5.784441e-01,5.092118e-11
886400,8.222400e-06,5.205954e-01,4.581873e-11
886500,9.249080e-06,5.856650e-01,5.153444e-11
886600,8.677099e-06,5.495083e-01,4.834239e-11
886700,9.817634e-06,6.218069e-01,5.469090e-11
886800,8.332565e-06,5.278085e-01,4.641320e-11
886900,9.815259e-06,6.217966e-01,5.466623e-11
887000,9.814071e-06,6.217915e-01,5.465391e-11
887100,1.004109e-05,6.362466e-01,5.591232e-11
887200,8.670803e-06,5.494811e-01,4.827703e-11
887300,8.441603e-06,5.350167e-01,4.699599e-11
887400,1.003745e-05,6.362309e-01,5.587452e-11
887500,1.015028e-05,6.434555e-01,5.649673e-11
887600,9.122747e-06,5.783822e-01,5.077213e-11
887700,9.349686e-06,5.928368e-01,5.202971e-11
887800,1.026061e-05,6.506692e-01,5.709292e-11
887900,9.803398e-06,6.217455e-01,5.454317e-11
888000,8.890379e-06,5.639041e-01,4.945824e-11
888100,9.117236e-06,5.783584e-01,5.071498e-11
888200,9.116135e-06,5.783536e-01,5.070356e-11
888300,9.798661e-06,6.217250e-01,5.449406e-11
888400,8.886084e-06,5.638855e-01,4.941372e-11
888500,9.910205e-06,6.289441e-01,5.510289e-11
888600,8.997835e-06,5.711054e-01,5.002470e-11
888700,1.059111e-05,6.723085e-01,5.887658e-11
888800,9.451139e-06,6.000123e-01,5.253394e-11
888900,8.880721e-06,5.638624e-01,4.935814e-11
889000,9.335016e-06,5.927735e-01,5.187765e-11
889100,8.764750e-06,5.566242e-01,4.870343e-11
889200,1.047090e-05,6.650520e-01,5.817802e-11
889300,9.331637e-06,5.927589e-01,5.184266e-11
889400,9.444298e-06,5.999828e-01,5.246309e-11
889500,1.069466e-05,6.794930e-01,5.940267e-11
889600,8.304427e-06,5.276870e-01,4.612149e-11
889700,9.554626e-06,6.071965e-01,5.305937e-11
889800,8.757351e-06,5.565922e-01,4.862683e-11
889900,9.438604e-06,5.999581e-01,5.240415e-11
890000,8.755240e-06,5.565831e-01,4.860497e-11
890100,1.023216e-05,6.505463e-01,5.679824e-11
890200,9.889899e-06,6.288563e-01,5.489263e-11
890300,1.068435e-05,6.794484e-01,5.929596e-11
890400,9.205618e-06,5.854773e-01,5.108398e-11
890500,8.863601e-06,5.637883e-01,4.918093e-11
890600,9.885133e-06,6.288357e-01,5.484334e-11
890700,9.202291e-06,5.854629e-01,5.104957e-11
890800,9.201183e-06,5.854581e-01,5.103811e-11
890900,8.972912e-06,5.709977e-01,4.976674e-11
891000,9.766804e-06,6.215873e-01,5.416429e-11
891100,1.146894e-05,7.299977e-01,6.359727e-11
891200,8.515511e-06,5.420731e-01,4.721510e-11
891300,9.195644e-06,5.854341e-01,5.098087e-11
891400,8.286435e-06,5.276092e-01,4.593541e-11
891500,9.874426e-06,6.287893e-01,5.473266e-11
891600,9.192325e-06,5.854198e-01,5.094656e-11
891700,9.418162e-06,5.998697e-01,5.219280e-11
891800,9.417029e-06,5.998647e-01,5.218109e-11
891900,1.089067e-05,6.938138e-01,6.034050e-11
892000,9.414763e-06,5.998549e-01,5.215769e-11
892100,9.527048e-06,6.070771e-01,5.277427e-11
892200,8.732077e-06,5.564828e-01,4.836557e-11
892300,9.184587e-06,5.853862e-01,5.086666e-11
892400,9.863741e-06,6.287430e-01,5.462232e-11
892500,9.522467e-06,6.070573e-01,5.272697e-11
892600,1.008807e-05,6.431864e-01,5.585297e-11
892700,9.293507e-06,5.925938e-01,5.144851e-11
892800,8.612459e-06,5.492288e-01,4.767330e-11
892900,9.631198e-06,6.142640e-01,5.330688e-11
893000,9.063568e-06,5.781261e-01,5.015995e-11
893100,9.968727e-06,6.359336e-01,5.516359e-11
893200,8.495053e-06,5.419844e-01,4.700389e-11
893300,1.007959e-05,6.431496e-01,5.576547e-11
893400,9.512174e-06,6.070126e-01,5.262079e-11
893500,1.019039e-05,6.503653e-01,5.636680e-11
893600,9.057038e-06,5.780978e-01,5.009261e-11
893700,9.169150e-06,5.853192e-01,5.070742e-11
893800,9.620793e-06,6.142189e-01,5.319958e-11
893900,9.619638e-06,6.142139e-01,5.318768e-11
894000,9.279007e-06,5.925309e-01,5.129899e-11
894100,9.617329e-06,6.142038e-01,5.316389e-11
894200,1.018183e-05,6.503282e-01,5.627859e-11
894300,1.063308e-05,6.792261e-01,5.876671e-11
894400,8.709033e-06,5.563828e-01,4.812793e-11
894500,9.386533e-06,5.997324e-01,5.186656e-11
894600,8.933098e-06,5.708250e-01,4.935593e-11
894700,9.836536e-06,6.286249e-01,5.434185e-11
894800,9.722307e-06,6.213943e-01,5.370522e-11
894900,9.495068e-06,6.069383e-01,5.244454e-11
895000,9.493930e-06,6.069334e-01,5.243282e-11
895100,1.028386e-05,6.575058e-01,5.678953e-11
895200,8.587687e-06,5.491212e-01,4.741802e-11
895300,9.038587e-06,5.780176e-01,4.990256e-11
895400,9.715317e-06,6.213639e-01,5.363327e-11
895500,9.149376e-06,5.852333e-01,5.050378e-11
895600,9.600047e-06,6.141287e-01,5.298595e-11
895700,9.034256e-06,5.779988e-01,4.985800e-11
895800,8.242771e-06,5.274196e-01,4.548527e-11
895900,9.935301e-06,6.357883e-01,5.481931e-11
896000,8.466572e-06,5.418606e-01,4.671058e-11
896100,9.481426e-06,6.068790e-01,5.230417e-11
896200,9.141709e-06,5.852000e-01,5.042491e-11
896300,9.930544e-06,6.357676e-01,5.477040e-11
896400,9.139520e-06,5.851904e-01,5.040241e-11
896500,9.928167e-06,6.357573e-01,5.474596e-11
896600,9.250139e-06,5.924054e-01,5.100190e-11
896700,9.587412e-06,6.140737e-01,5.285604e-11
896800,8.458469e-06,5.418254e-01,4.662728e-11
896900,9.359586e-06,5.996152e-01,5.158935e-11
897000,9.696724e-06,6.212830e-01,5.344211e-11
897100,1.059748e-05,6.790712e-01,5.840044e-11
897200,9.468954e-06,6.068247e-01,5.217600e-11
897300,8.791548e-06,5.634755e-01,4.843834e-11
897400,9.692087e-06,6.212628e-01,5.339448e-11
897500,9.803613e-06,6.284816e-01,5.400331e-11
897600,6.872976e-06,4.406560e-01,3.785595e-11
897700,8.674687e-06,5.562333e-01,4.777473e-11
897800,6.983978e-06,4.478725e-01,3.845940e-11
897900,9.123139e-06,5.851190e-01,5.023415e-11
898000,7.658017e-06,4.912071e-01,4.216249e-11
898100,8.107519e-06,5.200974e-01,4.463269e-11
898200,8.894688e-06,5.706578e-01,4.896108e-11
898300,1.024456e-05,6.573346e-01,5.638565e-11
898400,8.779999e-06,5.634251e-01,4.831980e-11
898500,9.341704e-06,5.995372e-01,5.140578e-11
898600,7.427456e-06,4.767366e-01,4.086779e-11
898700,8.326759e-06,5.345185e-01,4.581126e-11
898800,8.213255e-06,5.272910e-01,4.518213e-11
898900,8.887256e-06,5.706253e-01,4.888486e-11
899000,9.786063e-06,6.284051e-01,5.382324e-11
899100,9.110075e-06,5.850620e-01,5.010015e-11
899200,8.209335e-06,5.272739e-01,4.514195e-11
899300,9.107901e-06,5.850526e-01,5.007787e-11
899400,7.645227e-06,4.911512e-01,4.203133e-11
899500,9.555394e-06,6.139341e-01,5.252748e-11
899600,8.767434e-06,5.633702e-01,4.819098e-11
899700,1.000267e-05,6.428147e-01,5.497492e-11
899800,9.889105e-06,6.355869e-01,5.434514e-11
899900,1.033738e-05,6.644718e-01,5.680275e-11
900000,1.022379e-05,6.572440e-01,5.617284e-11
900100,8.649872e-06,5.561250e-01,4.752030e-11
900200,8.311873e-06,5.344535e-01,4.565872e-11
900300,7.749337e-06,4.983377e-01,4.256421e-11
900400,8.646780e-06,5.561115e-01,4.748864e-11
900500,9.094880e-06,5.849957e-01,4.994449e-11
900600,9.655142e-06,6.211015e-01,5.301571e-11
900700,8.980457e-06,5.777641e-01,4.930599e-11
900800,9.091630e-06,5.849814e-01,4.991123e-11
900900,8.866089e-06,5.705328e-01,4.866805e-11
901000,8.528387e-06,5.488626e-01,4.680950e-11
901100,9.873798e-06,6.355200e-01,5.418845e-11
901200,8.638545e-06,5.560755e-01,4.740437e-11
901300,9.759272e-06,6.282880e-01,5.354890e-11
901400,8.524326e-06,5.488448e-01,4.676797e-11
901500,1.076629e-05,6.932721e-01,5.906222e-11
901600,9.419381e-06,6.066081e-01,5.166798e-11
901700,9.306138e-06,5.993818e-01,5.104156e-11
901800,9.305031e-06,5.993769e-01,5.103024e-11
901900,8.743447e-06,5.632653e-01,4.794550e-11
902000,9.078653e-06,5.849246e-01,4.977852e-11
902100,9.189642e-06,5.921412e-01,5.038189e-11
902200,9.524716e-06,6.137999e-01,5.221356e-11
902300,1.041992e-05,6.715639e-01,5.711511e-11
902400,8.290134e-06,5.343583e-01,4.543636e-11
902500,8.737210e-06,5.632380e-01,4.788177e-11
902600,8.736172e-06,5.632335e-01,4.787116e-11
902700,9.183089e-06,5.921124e-01,5.031494e-11
902800,8.734095e-06,5.632244e-01,4.784995e-11
902900,9.516793e-06,6.137652e-01,5.213263e-11
903000,9.067866e-06,5.848774e-01,4.966833e-11
903100,1.018615e-05,6.570792e-01,5.578786e-11
903200,8.282256e-06,5.343238e-01,4.535591e-11
903300,8.728908e-06,5.632016e-01,4.779699e-11
903400,9.399246e-06,6.065199e-01,5.146229e-11
903500,9.174365e-06,5.920742e-01,5.022588e-11
903600,8.949537e-06,5.776287e-01,4.899001e-11
903700,8.724763e-06,5.631834e-01,4.775469e-11
903800,9.842154e-06,6.353813e-01,5.386517e-11
903900,9.729156e-06,6.281560e-01,5.324128e-11
904000,8.274392e-06,5.342893e-01,4.527567e-11
904100,9.056030e-06,5.848255e-01,4.954754e-11
904200,8.272428e-06,5.342807e-01,4.525564e-11
904300,9.724539e-06,6.281357e-01,5.319419e-11
904400,8.605755e-06,5.559318e-01,4.706950e-11
904500,8.828233e-06,5.703669e-01,4.828141e-11
904600,8.938923e-06,5.775821e-01,4.888176e-11
904700,1.005510e-05,6.497746e-01,5.497982e-11
904800,8.936803e-06,5.775728e-01,4.886015e-11
904900,9.047440e-06,5.847878e-01,4.945997e-11
905000,8.376266e-06,5.414658e-01,4.578615e-11
905100,9.268636e-06,5.992173e-01,5.065881e-11
905200,9.155880e-06,5.919931e-01,5.003740e-11
905300,9.154795e-06,5.919883e-01,5.002635e-11
905400,9.711863e-06,6.280801e-01,5.306501e-11
905500,9.041008e-06,5.847595e-01,4.939445e-11
905600,8.258708e-06,5.342204e-01,4.511582e-11
905700,8.815684e-06,5.703118e-01,4.815356e-11
905800,8.479907e-06,5.486500e-01,4.631471e-11
905900,1.082176e-05,7.002450e-01,5.909915e-11
906000,8.143245e-06,5.269843e-01,4.446686e-11
906100,9.592276e-06,6.208258e-01,5.237405e-11
906200,8.364366e-06,5.414135e-01,4.566497e-11
906300,1.081663e-05,7.002225e-01,5.904699e-11
906400,8.362386e-06,5.414048e-01,4.564482e-11
906500,8.361396e-06,5.414004e-01,4.563475e-11
906600,8.917767e-06,5.774891e-01,4.866633e-11
906700,9.028171e-06,5.847030e-01,4.926379e-11
906800,8.358428e-06,5.413874e-01,4.560456e-11
906900,9.026035e-06,5.846936e-01,4.924206e-11
907000,9.470644e-06,6.135625e-01,5.166237e-11
907100,9.469524e-06,6.135575e-01,5.165098e-11
907200,8.688653e-06,5.630247e-01,4.738692e-11
907300,8.910386e-06,5.774566e-01,4.859126e-11
907400,8.686599e-06,5.630157e-01,4.736604e-11
907500,9.465046e-06,6.135378e-01,5.160546e-11
907600,8.573205e-06,5.557886e-01,4.673818e-11
907700,9.462809e-06,6.135280e-01,5.158272e-11
907800,8.682492e-06,5.629976e-01,4.732431e-11
907900,9.905776e-06,6.423896e-01,5.398635e-11
908000,8.680441e-06,5.629886e-01,4.730346e-11
908100,8.679415e-06,5.629841e-01,4.729304e-11
908200,9.568481e-06,6.207210e-01,5.213213e-11
908300,8.788613e-06,5.701926e-01,4.787827e-11
908400,9.677456e-06,6.279286e-01,5.271510e-11
908500,9.120203e-06,5.918360e-01,4.967456e-11
908600,9.675170e-06,6.279186e-01,5.269189e-11
908700,9.451637e-06,6.134787e-01,5.146925e-11
908800,8.116330e-06,5.268657e-01,4.419328e-11
908900,1.078344e-05,7.000763e-01,5.870966e-11
909000,8.892508e-06,5.773779e-01,4.840968e-11
909100,9.336032e-06,6.062419e-01,5.081898e-11
909200,9.001540e-06,5.845857e-01,4.899324e-11
909300,9.222712e-06,5.990151e-01,5.019191e-11
909400,9.110520e-06,5.917933e-01,4.957628e-11
909500,9.887080e-06,6.423071e-01,5.379657e-11
909600,8.108671e-06,5.268320e-01,4.411558e-11
909700,7.441327e-06,4.835268e-01,4.048074e-11
909800,9.217274e-06,5.989911e-01,5.013676e-11
909900,8.772033e-06,5.701195e-01,4.771004e-11
910000,8.993050e-06,5.845482e-01,4.890714e-11
910100,7.215794e-06,4.690782e-01,3.923784e-11
910200,8.546933e-06,5.556728e-01,4.647154e-11
910300,8.323954e-06,5.412354e-01,4.525454e-11
910400,8.212000e-06,5.340146e-01,4.464134e-11
910500,8.987751e-06,5.845248e-01,4.885344e-11
910600,8.210065e-06,5.340061e-01,4.462173e-11
910700,9.540302e-06,6.205967e-01,5.184630e-11
910800,8.540893e-06,5.556461e-01,4.641033e-11
910900,9.205332e-06,5.989384e-01,5.001574e-11
911000,8.982459e-06,5.845014e-01,4.879983e-11
911100,9.424927e-06,6.133608e-01,5.119845e-11
911200,8.980344e-06,5.844921e-01,4.877841e-11
911300,8.868431e-06,5.772715e-01,4.816563e-11
911400,8.534860e-06,5.556194e-01,4.634925e-11
911500,9.531319e-06,6.205570e-01,5.175533e-11
911600,8.865300e-06,5.772577e-01,4.813393e-11
911700,8.975060e-06,5.844687e-01,4.872492e-11
911800,9.417165e-06,6.133265e-01,5.111987e-11
911900,8.862171e-06,5.772438e-01,4.810227e-11
912000,8.528836e-06,5.555928e-01,4.628828e-11
912100,8.970837e-06,5.844500e-01,4.868219e-11
912200,8.305354e-06,5.411531e-01,4.506622e-11
912300,9.411627e-06,6.133020e-01,5.106385e-11
912400,8.414113e-06,5.483597e-01,4.564708e-11
912500,9.630812e-06,6.277226e-01,5.224245e-11
912600,8.965564e-06,5.844267e-01,4.862886e-11
912700,9.185856e-06,5.988522e-01,4.981865e-11
912800,8.520817e-06,5.555573e-01,4.620718e-11
912900,8.630462e-06,5.627678e-01,4.679702e-11
913000,9.293252e-06,6.060528e-01,5.038575e-11
913100,9.734644e-06,6.349074e-01,5.277351e-11
913200,9.069852e-06,5.916135e-01,4.916455e-11
913300,8.958192e-06,5.843941e-01,4.855435e-11
913400,9.067722e-06,5.916041e-01,4.914302e-11
913500,9.619502e-06,6.276725e-01,5.212813e-11
913600,9.950040e-06,6.493112e-01,5.391385e-11
913700,9.175071e-06,5.988044e-01,4.970967e-11
913800,8.510813e-06,5.555129e-01,4.610610e-11
913900,9.393951e-06,6.132237e-01,5.088521e-11
914000,8.950832e-06,5.843614e-01,4.848000e-11
914100,8.728799e-06,5.699282e-01,4.727262e-11
914200,8.175384e-06,5.338526e-01,4.427100e-11
914300,8.395355e-06,5.482766e-01,4.545756e-11
914400,9.388440e-06,6.131992e-01,5.082958e-11
914500,9.056021e-06,5.915522e-01,4.902487e-11
914600,9.607090e-06,6.276175e-01,5.200282e-11
914700,8.833070e-06,5.771149e-01,4.780823e-11
914800,8.942434e-06,5.843242e-01,4.839525e-11
914900,8.941385e-06,5.843195e-01,4.838467e-11
915000,9.161086e-06,5.987424e-01,4.956852e-11
915100,9.711820e-06,6.348062e-01,5.254308e-11
915200,8.165800e-06,5.338100e-01,4.417430e-11
915300,8.826858e-06,5.770873e-01,4.774557e-11
915400,8.494855e-06,5.554421e-01,4.594507e-11
915500,9.707268e-06,6.347860e-01,5.249718e-11
915600,8.934052e-06,5.842870e-01,4.831071e-11
915700,9.263857e-06,6.059224e-01,5.008906e-11
915800,8.931959e-06,5.842777e-01,4.828962e-11
915900,9.371945e-06,6.131260e-01,5.066322e-11
916000,9.260602e-06,6.059080e-01,5.005625e-11
916100,9.479982e-06,6.203294e-01,5.123688e-11
916200,9.258433e-06,6.058983e-01,5.003440e-11
916300,9.587969e-06,6.275326e-01,5.181003e-11
916400,8.484910e-06,5.553980e-01,4.584485e-11
916500,8.704278e-06,5.698194e-01,4.702536e-11
916600,1.002527e-05,6.563690e-01,5.415664e-11
916700,8.592086e-06,5.625975e-01,4.640985e-11
916800,8.480939e-06,5.553803e-01,4.580486e-11
916900,9.140721e-06,5.986519e-01,4.936330e-11
917000,9.029536e-06,5.914346e-01,4.875792e-11
917100,1.001941e-05,6.563429e-01,5.409760e-11
917200,9.247604e-06,6.058502e-01,4.992536e-11
917300,1.023722e-05,6.707574e-01,5.526245e-11
917400,8.915247e-06,5.842034e-01,4.812132e-11
917500,1.067504e-05,6.995960e-01,5.761421e-11
917600,8.913162e-06,5.841941e-01,4.810035e-11
917700,9.022147e-06,5.914017e-01,4.868357e-11
917800,9.571158e-06,6.274578e-01,5.164082e-11
917900,7.590032e-06,4.976350e-01,4.094759e-11
918000,8.689021e-06,5.697515e-01,4.687181e-11
918100,9.017930e-06,5.913829e-01,4.864116e-11
918200,9.566685e-06,6.274379e-01,5.159584e-11
918300,9.565568e-06,6.274329e-01,5.158460e-11
918400,7.805471e-06,5.120389e-01,4.208861e-11
918500,9.013716e-06,5.913642e-01,4.859880e-11
918600,8.682932e-06,5.697244e-01,4.681060e-11
918700,9.341304e-06,6.129897e-01,5.035487e-11
918800,7.142516e-06,4.687531e-01,3.849829e-11
918900,9.448995e-06,6.201915e-01,5.092511e-11
919000,7.470426e-06,4.903801e-01,4.025760e-11
919100,7.799093e-06,5.120105e-01,4.202453e-11
919200,9.116186e-06,5.985427e-01,4.911657e-11
919300,8.236556e-06,5.408476e-01,4.437279e-11
919400,8.125787e-06,5.336320e-01,4.377163e-11
919500,7.795454e-06,5.119943e-01,4.198797e-11
919600,7.684762e-06,5.047791e-01,4.138759e-11
919700,8.891330e-06,5.840969e-01,4.788094e-11
919800,9.329320e-06,6.129363e-01,5.023450e-11
919900,9.218488e-06,6.057205e-01,4.963272e-11
920000,7.022791e-06,4.614977e-01,3.780718e-11
920100,8.448310e-06,5.552350e-01,4.547688e-11
920200,8.227914e-06,5.408090e-01,4.428604e-11
920300,8.885111e-06,5.840691e-01,4.781853e-11
920400,9.103435e-06,5.984859e-01,4.898858e-11
920500,9.431376e-06,6.201130e-01,5.074823e-11
920600,8.882005e-06,5.840553e-01,4.778736e-11
920700,9.209895e-06,6.056822e-01,4.954650e-11
920800,8.222162e-06,5.407834e-01,4.422834e-11
920900,9.098133e-06,5.984622e-01,4.893540e-11
921000,9.535486e-06,6.272988e-01,5.128260e-11
921100,8.767242e-06,5.768219e-01,4.714617e-11
921200,8.656643e-06,5.696071e-01,4.654674e-11
921300,8.984330e-06,5.912331e-01,4.830385e-11
921400,8.873732e-06,5.840183e-01,4.770442e-11
921500,7.448685e-06,4.902831e-01,4.003946e-11
921600,7.776399e-06,5.119092e-01,4.179684e-11
921700,9.199175e-06,6.056343e-01,4.943905e-11
921800,8.869601e-06,5.839999e-01,4.766303e-11
921900,9.525500e-06,6.272542e-01,5.118252e-11
922000,8.867537e-06,5.839907e-01,4.764235e-11
922100,9.632747e-06,6.344540e-01,5.174836e-11
922200,8.865474e-06,5.839814e-01,4.762169e-11
922300,1.039657e-05,6.849111e-01,5.584049e-11
922400,7.878588e-06,5.190864e-01,4.231203e-11
922500,8.424732e-06,5.551297e-01,4.524056e-11
922600,8.095555e-06,5.334971e-01,4.346852e-11
922700,7.766453e-06,5.118648e-01,4.169724e-11
922800,8.093672e-06,5.334886e-01,4.344968e-11
922900,9.186344e-06,6.055769e-01,4.931057e-11
923000,9.950716e-06,6.560365e-01,5.340821e-11
923100,9.184209e-06,6.055674e-01,4.928920e-11
923200,8.089910e-06,5.334718e-01,4.341203e-11
923300,8.963454e-06,5.911398e-01,4.809481e-11
923400,8.197328e-06,5.406724e-01,4.397963e-11
923500,9.507796e-06,6.271750e-01,5.100532e-11
923600,8.523241e-06,5.622904e-01,4.571900e-11
923700,8.850030e-06,5.839123e-01,4.746715e-11
923800,8.849002e-06,5.839077e-01,4.745687e-11
923900,8.847975e-06,5.839031e-01,4.744660e-11
924000,8.191618e-06,5.406468e-01,4.392253e-11
924100,8.845920e-06,5.838939e-01,4.742606e-11
924200,8.408109e-06,5.550553e-01,4.507428e-11
924300,8.734683e-06,5.766763e-01,4.682029e-11
924400,8.842841e-06,5.838801e-01,4.739529e-11
924500,9.278447e-06,6.127089e-01,4.972504e-11
924600,9.495662e-06,6.271206e-01,5.088403e-11
924700,9.821959e-06,6.487404e-01,5.262726e-11
924800,8.293136e-06,5.478209e-01,4.443119e-11
924900,9.055927e-06,5.982734e-01,4.851305e-11
925000,8.400308e-06,5.550203e-01,4.499635e-11
925100,9.817403e-06,6.487200e-01,5.258176e-11
925200,8.289290e-06,5.478037e-01,4.439278e-11
925300,8.942671e-06,5.910467e-01,4.788712e-11
925400,8.832590e-06,5.838342e-01,4.729291e-11
925500,9.158661e-06,6.054529e-01,4.903390e-11
925600,8.503485e-06,5.622018e-01,4.552164e-11
925700,8.066474e-06,5.333668e-01,4.317787e-11
925800,8.283527e-06,5.477778e-01,4.433526e-11
925900,7.955624e-06,5.261509e-01,4.257598e-11
926000,8.172639e-06,5.405617e-01,4.373300e-11
926100,7.735869e-06,5.117277e-01,4.139164e-11
926200,1.002278e-05,6.630786e-01,5.362265e-11
926300,9.368037e-06,6.198295e-01,5.011470e-11
926400,8.386690e-06,5.549592e-01,4.486045e-11
926500,8.385719e-06,5.549549e-01,4.485077e-11
926600,9.038105e-06,5.981934e-01,4.833520e-11
926700,1.088802e-05,7.207093e-01,5.822261e-11
926800,9.036012e-06,5.981840e-01,4.831434e-11
926900,9.361532e-06,6.198003e-01,5.004984e-11
927000,8.380866e-06,5.549331e-01,4.480240e-11
927100,9.032876e-06,5.981699e-01,4.828308e-11
927200,8.814196e-06,5.837516e-01,4.710947e-11
927300,8.160348e-06,5.405065e-01,4.361047e-11
927400,9.682493e-06,6.413960e-01,5.173993e-11
927500,8.593579e-06,5.693246e-01,4.591655e-11
927600,9.353953e-06,6.197662e-01,4.997433e-11
927700,8.700345e-06,5.765222e-01,4.647773e-11
927800,9.678015e-06,6.413759e-01,5.169533e-11
927900,9.350709e-06,6.197516e-01,4.994202e-11
928000,7.936312e-06,5.260641e-01,4.238351e-11
928100,8.805027e-06,5.837104e-01,4.701814e-11
928200,8.586626e-06,5.692933e-01,4.584732e-11
928300,8.802992e-06,5.837012e-01,4.699789e-11
928400,8.367309e-06,5.548721e-01,4.466738e-11
928500,9.235573e-06,6.125164e-01,4.929752e-11
928600,9.669071e-06,6.413357e-01,5.160629e-11
928700,8.581667e-06,5.692710e-01,4.579797e-11
928800,8.689292e-06,5.764725e-01,4.636770e-11
928900,7.602252e-06,5.044095e-01,4.056300e-11
929000,9.121650e-06,6.052866e-01,4.866513e-11
929100,7.383340e-06,4.899901e-01,3.938710e-11
929200,9.770939e-06,6.485112e-01,5.211876e-11
929300,8.358616e-06,5.548330e-01,4.458090e-11
929400,9.334520e-06,6.196788e-01,4.978094e-11
929500,9.441971e-06,6.268794e-01,5.034896e-11
929600,8.030175e-06,5.332036e-01,4.281634e-11
929700,9.005779e-06,5.980480e-01,4.801340e-11
929800,7.594359e-06,5.043739e-01,4.048452e-11
929900,9.871527e-06,6.556809e-01,5.261855e-11
930000,8.894196e-06,5.908288e-01,4.740432e-11
930100,9.110077e-06,6.052345e-01,4.855009e-11
930200,9.434349e-06,6.268451e-01,5.027321e-11
930300,9.758546e-06,6.484554e-01,5.199559e-11
930400,8.456431e-06,5.619903e-01,4.505315e-11
930500,8.672263e-06,5.763958e-01,4.619843e-11
930600,9.213217e-06,6.124157e-01,4.907529e-11
930700,8.778642e-06,5.835916e-01,4.675581e-11
930800,8.235801e-06,5.475631e-01,4.386022e-11
930900,9.426739e-06,6.268108e-01,5.019763e-11
931000,1.061740e-05,7.060572e-01,5.653231e-11
931100,8.557940e-06,5.691641e-01,4.556217e-11
931200,7.148847e-06,4.755005e-01,3.805643e-11
931300,9.855609e-06,6.556092e-01,5.246047e-11
931400,8.771565e-06,5.835597e-01,4.668556e-11
931500,9.853339e-06,6.555989e-01,5.243795e-11
931600,8.444746e-06,5.619376e-01,4.493716e-11
931700,9.309802e-06,6.195673e-01,4.953547e-11
931800,8.442802e-06,5.619288e-01,4.491787e-11
931900,9.415887e-06,6.267618e-01,5.008995e-11
932000,8.657291e-06,5.763282e-01,4.604984e-11
932100,8.223480e-06,5.475075e-01,4.373797e-11
932200,7.897960e-06,5.258913e-01,4.200245e-11
932300,7.031621e-06,4.682557e-01,3.739142e-11
932400,7.138978e-06,4.754559e-01,3.795853e-11
932500,7.570772e-06,5.042675e-01,4.025042e-11
932600,8.867599e-06,5.907088e-01,4.714038e-11
932700,9.515353e-06,6.339264e-01,5.057882e-11
932800,9.189909e-06,6.123105e-01,4.884407e-11
932900,9.188852e-06,6.123057e-01,4.883360e-11
933000,9.295887e-06,6.195045e-01,4.939752e-11
933100,9.402898e-06,6.267032e-01,4.996120e-11
933200,9.509884e-06,6.339017e-01,5.052464e-11
933300,9.724900e-06,6.483035e-01,5.166185e-11
933400,9.399656e-06,6.266885e-01,4.992909e-11
933500,9.398576e-06,6.266836e-01,4.991839e-11
933600,8.641376e-06,5.762563e-01,4.589214e-11
933700,7.128316e-06,4.754077e-01,3.785291e-11
933800,8.855375e-06,5.906535e-01,4.701930e-11
933900,8.962338e-06,5.978519e-01,4.758251e-11
934000,9.393179e-06,6.266592e-01,4.986496e-11
934100,8.636414e-06,5.762339e-01,4.584302e-11
934200,9.067193e-06,6.050408e-01,4.812487e-11
934300,8.958222e-06,5.978333e-01,4.754178e-11
934400,7.878013e-06,5.258011e-01,4.180490e-11
934500,8.740354e-06,5.834186e-01,4.637633e-11
934600,8.415671e-06,5.618061e-01,4.464914e-11
934700,8.414705e-06,5.618018e-01,4.463958e-11
934800,9.276687e-06,6.194176e-01,4.920747e-11
934900,8.736342e-06,5.834005e-01,4.633666e-11
935000,8.735340e-06,5.833959e-01,4.632675e-11
935100,9.704820e-06,6.482126e-01,5.146315e-11
935200,7.978603e-06,5.329707e-01,4.230510e-11
935300,8.408914e-06,5.617755e-01,4.458233e-11
935400,9.270304e-06,6.193887e-01,4.914436e-11
935500,8.730332e-06,5.833732e-01,4.627724e-11
935600,1.077695e-05,7.202083e-01,5.712018e-11
935700,8.728330e-06,5.833642e-01,4.625746e-11
935800,9.804777e-06,6.553793e-01,5.195715e-11
935900,9.157259e-06,6.121627e-01,4.852103e-11
936000,7.755848e-06,5.185338e-01,4.109139e-11
936100,9.047452e-06,6.049514e-01,4.792971e-11
936200,7.969461e-06,5.329293e-01,4.221477e-11
936300,9.260745e-06,6.193454e-01,4.904993e-11
936400,8.290648e-06,5.545259e-01,4.390742e-11
936500,9.473941e-06,6.337390e-01,5.016919e-11
936600,8.934625e-06,5.977264e-01,4.730857e-11
936700,9.794672e-06,6.553335e-01,5.185735e-11
936800,8.824957e-06,5.905157e-01,4.671863e-11
936900,9.361993e-06,6.265179e-01,4.955675e-11
937000,8.069759e-06,5.400975e-01,4.271221e-11
937100,8.929511e-06,5.977032e-01,4.725810e-11
937200,8.390628e-06,5.616926e-01,4.440175e-11
937300,8.712348e-06,5.832917e-01,4.609967e-11
937400,9.141541e-06,6.120915e-01,4.836587e-11
937500,8.710354e-06,5.832826e-01,4.608000e-11
937600,8.064220e-06,5.400723e-01,4.265757e-11
937700,8.708361e-06,5.832736e-01,4.606035e-11
937800,8.384870e-06,5.616665e-01,4.434495e-11
937900,9.781229e-06,6.552725e-01,5.172474e-11
938000,9.027795e-06,6.048622e-01,4.773573e-11
938100,9.778992e-06,6.552623e-01,5.170269e-11
938200,9.777874e-06,6.552573e-01,5.169167e-11
938300,9.347009e-06,6.264499e-01,4.940897e-11
938400,8.808817e-06,5.904424e-01,4.655945e-11
938500,8.270749e-06,5.544356e-01,4.371114e-11
938600,9.343804e-06,6.264353e-01,4.937739e-11
938700,9.020573e-06,6.048294e-01,4.766457e-11
938800,8.697416e-06,5.832239e-01,4.595247e-11
938900,9.340602e-06,6.264208e-01,4.934584e-11
939000,9.124833e-06,6.120156e-01,4.820119e-11
939100,7.943064e-06,5.328094e-01,4.195445e-11
939200,6.976219e-06,4.680046e-01,3.684404e-11
939300,7.190051e-06,4.824011e-01,3.796961e-11
939400,7.618438e-06,5.111972e-01,4.022789e-11
939500,8.368595e-06,5.615925e-01,4.418461e-11
939600,7.831253e-06,5.255889e-01,4.134346e-11
939700,8.688480e-06,5.831832e-01,4.586449e-11
939800,8.687489e-06,5.831787e-01,4.585473e-11
939900,1.029511e-05,6.911694e-01,5.433478e-11
940000,8.685506e-06,5.831697e-01,4.583522e-11
940100,9.006164e-06,6.047639e-01,4.752271e-11
940200,9.326748e-06,6.263578e-01,4.920948e-11
940300,6.860273e-06,4.607654e-01,3.619238e-11
940400,8.895902e-06,5.975505e-01,4.692701e-11
940500,8.894887e-06,5.975458e-01,4.691703e-11
940600,9.108183e-06,6.119398e-01,4.803734e-11
940700,1.017857e-05,6.839274e-01,5.367738e-11
940800,8.249061e-06,5.543369e-01,4.349768e-11
940900,9.962016e-06,6.695186e-01,5.252499e-11
941000,8.889818e-06,5.975227e-01,4.686718e-11
941100,9.102992e-06,6.119162e-01,4.798631e-11
941200,8.352382e-06,5.615187e-01,4.402514e-11
941300,8.993848e-06,6.047078e-01,4.740162e-11
941400,8.885766e-06,5.975043e-01,4.682736e-11
941500,9.741115e-06,6.550900e-01,5.132994e-11
941600,7.920444e-06,5.327064e-01,4.173196e-11
941700,8.668688e-06,5.830931e-01,4.566988e-11
941800,9.095735e-06,6.118831e-01,4.791501e-11
941900,8.452720e-06,5.686869e-01,4.452332e-11
942000,8.451758e-06,5.686826e-01,4.451386e-11
942100,8.664740e-06,5.830751e-01,4.563111e-11
942200,9.733352e-06,6.550546e-01,5.125370e-11
942300,9.304453e-06,6.262562e-01,4.899039e-11
942400,8.447910e-06,5.686650e-01,4.447608e-11
942500,8.660795e-06,5.830571e-01,4.559238e-11
942600,8.018342e-06,5.398635e-01,4.220621e-11
942700,9.727815e-06,6.550293e-01,5.119934e-11
942800,8.657839e-06,5.830436e-01,4.556337e-11
942900,9.191228e-06,6.190292e-01,4.836567e-11
943000,9.190182e-06,6.190244e-01,4.835541e-11
943100,9.509688e-06,6.406133e-01,5.003161e-11
943200,8.226547e-06,5.542342e-01,4.327660e-11
943300,8.652916e-06,5.830211e-01,4.551508e-11
943400,9.186002e-06,6.190053e-01,4.831441e-11
943500,8.544147e-06,5.758145e-01,4.493411e-11
943600,8.649965e-06,5.830077e-01,4.548615e-11
943700,9.076092e-06,6.117934e-01,4.772226e-11
943800,9.715653e-06,6.549738e-01,5.108007e-11
943900,8.433510e-06,5.685993e-01,4.433484e-11
944000,7.898846e-06,5.326079e-01,4.152004e-11
944100,8.538322e-06,5.757879e-01,4.487702e-11
944200,8.003768e-06,5.397970e-01,4.206329e-11
944300,8.856497e-06,5.973707e-01,4.654019e-11
944400,7.681872e-06,5.181971e-01,4.036366e-11
944500,1.109478e-05,7.485012e-01,5.829072e-11
944600,8.853480e-06,5.973569e-01,4.651063e-11
944700,9.705725e-06,6.549284e-01,5.098279e-11
944800,8.638181e-06,5.829538e-01,4.537068e-11
944900,8.104040e-06,5.469648e-01,4.256101e-11
945000,8.636220e-06,5.829448e-01,4.535147e-11
945100,8.528632e-06,5.757436e-01,4.478210e-11
945200,7.994685e-06,5.397554e-01,4.197434e-11
945300,8.633280e-06,5.829314e-01,4.532269e-11
945400,8.952015e-06,6.045168e-01,4.699137e-11
945500,9.377238e-06,6.332984e-01,4.921864e-11
945600,8.097605e-06,5.469354e-01,4.249802e-11
945700,8.522828e-06,5.757170e-01,4.472529e-11
945800,8.202291e-06,5.541234e-01,4.303899e-11
945900,9.159962e-06,6.188863e-01,4.805936e-11
946000,8.200431e-06,5.541148e-01,4.302080e-11
946100,9.264372e-06,6.260730e-01,4.859764e-11
946200,8.305047e-06,5.613025e-01,4.356109e-11
946300,9.581660e-06,6.476518e-01,5.025217e-11
946400,8.090262e-06,5.469017e-01,4.242620e-11
946500,7.982907e-06,5.397015e-01,4.185911e-11
946600,8.620562e-06,5.828732e-01,4.519829e-11
946700,8.300342e-06,5.612810e-01,4.351509e-11
946800,8.831414e-06,5.972559e-01,4.629473e-11
946900,8.617633e-06,5.828597e-01,4.516966e-11
947000,8.723035e-06,5.900510e-01,4.571765e-11
947100,8.615681e-06,5.828508e-01,4.515058e-11
947200,7.657516e-06,5.180856e-01,4.012538e-11
947300,9.039099e-06,6.116242e-01,4.736024e-11
947400,7.974772e-06,5.396642e-01,4.177962e-11
947500,8.399143e-06,5.684420e-01,4.399858e-11
947600,8.291886e-06,5.612422e-01,4.343247e-11
947700,9.141301e-06,6.188008e-01,4.787697e-11
947800,8.290009e-06,5.612336e-01,4.341414e-11
947900,9.670583e-06,6.547675e-01,5.063914e-11
948000,7.863100e-06,5.324442e-01,4.117040e-11
948100,8.924672e-06,6.043915e-01,4.672411e-11
948200,8.604960e-06,5.828016e-01,4.504588e-11
948300,8.603987e-06,5.827972e-01,4.503638e-11
948400,8.603013e-06,5.827927e-01,4.502689e-11
948500,8.177248e-06,5.540086e-01,4.279431e-11
948600,8.707254e-06,5.899786e-01,4.556356e-11
948700,8.706269e-06,5.899741e-01,4.555395e-11
948800,7.749827e-06,5.252168e-01,4.054558e-11
948900,9.553501e-06,6.475227e-01,4.997717e-11
949000,8.278765e-06,5.611820e-01,4.330442e-11
949100,9.975846e-06,6.762911e-01,5.217638e-11
949200,8.595236e-06,5.827570e-01,4.495102e-11
949300,1.029190e-05,6.978642e-01,5.381890e-11
949400,9.017654e-06,6.115258e-01,4.715095e-11
949500,8.061933e-06,5.467718e-01,4.214962e-11
949600,8.485286e-06,5.755449e-01,4.435868e-11
949700,9.226707e-06,6.259002e-01,4.822990e-11
949800,8.483370e-06,5.755361e-01,4.434000e-11
949900,9.224623e-06,6.258907e-01,4.820959e-11
950000,8.587472e-06,5.827213e-01,4.487535e-11
950100,8.586503e-06,5.827169e-01,4.486590e-11
950200,9.221499e-06,6.258763e-01,4.817916e-11
950300,9.008494e-06,6.114837e-01,4.706168e-11
950400,7.947774e-06,5.395403e-01,4.151628e-11
950500,8.582627e-06,5.826991e-01,4.482815e-11
950600,8.157873e-06,5.539196e-01,4.260545e-11
950700,9.216297e-06,6.258524e-01,4.812849e-11
950800,7.838265e-06,5.323301e-01,4.092827e-11
950900,9.002397e-06,6.114556e-01,4.700231e-11
951000,8.683685e-06,5.898703e-01,4.533387e-11
951100,8.576819e-06,5.826723e-01,4.477160e-11
951200,8.152353e-06,5.538942e-01,4.255171e-11
951300,7.939709e-06,5.395032e-01,4.143776e-11
951400,8.679769e-06,5.898523e-01,4.529576e-11
951500,9.102146e-06,6.186209e-01,4.749533e-11
951600,8.148678e-06,5.538773e-01,4.251595e-11
951700,9.417540e-06,6.401909e-01,4.913148e-11
951800,8.993266e-06,6.114136e-01,4.691347e-11
951900,8.357505e-06,5.682507e-01,4.359277e-11
952000,8.145005e-06,5.538603e-01,4.248023e-11
952100,8.567157e-06,5.826279e-01,4.467761e-11
952200,7.931659e-06,5.394661e-01,4.135947e-11
952300,8.988201e-06,6.113903e-01,4.686422e-11
952400,8.035604e-06,5.466507e-01,4.189332e-11
952500,9.197616e-06,6.257664e-01,4.794676e-11
952600,8.033795e-06,5.466423e-01,4.187573e-11
952700,8.984153e-06,6.113716e-01,4.682487e-11
952800,7.820618e-06,5.322489e-01,4.075663e-11
952900,8.031082e-06,5.466298e-01,4.184937e-11
953000,8.558479e-06,5.825879e-01,4.459326e-11
953100,8.240571e-06,5.610063e-01,4.293265e-11
953200,8.556553e-06,5.825790e-01,4.457455e-11
953300,8.555590e-06,5.825746e-01,4.456520e-11
953400,9.610754e-06,6.544924e-01,5.005657e-11
953500,9.081669e-06,6.185265e-01,4.729629e-11
953600,8.130347e-06,5.537928e-01,4.233780e-11
953700,8.762895e-06,5.969409e-01,4.562727e-11
953800,8.761910e-06,5.969364e-01,4.561771e-11
953900,8.760924e-06,5.969318e-01,4.560814e-11
954000,8.759939e-06,5.969273e-01,4.559858e-11
954100,9.181073e-06,6.256901e-01,4.778609e-11
954200,8.863488e-06,6.041100e-01,4.612862e-11
954300,9.812044e-06,6.688310e-01,5.106027e-11
954400,7.912049e-06,5.393757e-01,4.116901e-11
954500,8.544053e-06,5.825213e-01,4.445321e-11
954600,9.070445e-06,6.184747e-01,4.718735e-11
954700,8.436675e-06,5.753210e-01,4.388601e-11
954800,8.541174e-06,5.825080e-01,4.442528e-11
954900,8.856519e-06,6.040778e-01,4.606101e-11
955000,9.593484e-06,6.544127e-01,4.988898e-11
955100,9.592407e-06,6.544077e-01,4.987854e-11
955200,7.694143e-06,5.249604e-01,4.000408e-11
955300,8.430991e-06,5.752947e-01,4.383090e-11
955400,8.535420e-06,5.824815e-01,4.436950e-11
955500,8.850553e-06,6.040503e-01,4.600319e-11
955600,8.533504e-06,5.824726e-01,4.435093e-11
955700,8.953907e-06,6.112321e-01,4.653136e-11
955800,9.584872e-06,6.543729e-01,4.980550e-11
955900,9.899745e-06,6.759405e-01,5.143668e-11
956000,8.845588e-06,6.040273e-01,4.595508e-11
956100,9.160474e-06,6.255950e-01,4.758637e-11
956200,9.580571e-06,6.543530e-01,4.976384e-11
956300,8.842612e-06,6.040136e-01,4.592625e-11
956400,8.946878e-06,6.111996e-01,4.646327e-11
956500,8.524892e-06,5.824328e-01,4.426751e-11
956600,9.681508e-06,6.615236e-01,5.026863e-11
956700,9.469978e-06,6.471377e-01,4.916556e-11
956800,8.101184e-06,5.536581e-01,4.205507e-11
956900,9.467855e-06,6.471279e-01,4.914501e-11
957000,9.151234e-06,6.255522e-01,4.749691e-11
957100,9.045034e-06,6.183573e-01,4.694116e-11
957200,7.782064e-06,5.320708e-01,4.038279e-11
957300,8.517251e-06,5.823974e-01,4.419355e-11
957400,7.359762e-06,5.033026e-01,3.818398e-11
957500,9.461492e-06,6.470985e-01,4.908344e-11
957600,8.409273e-06,5.751943e-01,4.362061e-11
957700,7.882810e-06,5.392405e-01,4.088578e-11
957800,9.143036e-06,6.255143e-01,4.741760e-11
957900,8.406448e-06,5.751812e-01,4.359329e-11
958000,8.090300e-06,5.536077e-01,4.194978e-11
958100,9.245022e-06,6.326897e-01,4.793260e-11
958200,8.508670e-06,5.823577e-01,4.411057e-11
958300,8.717785e-06,5.967324e-01,4.519029e-11
958400,7.036461e-06,4.816960e-01,3.647130e-11
958500,7.770744e-06,5.320184e-01,4.027333e-11
958600,7.979871e-06,5.463931e-01,4.135316e-11
958700,7.559032e-06,5.176317e-01,3.916851e-11
958800,7.873110e-06,5.391956e-01,4.079202e-11
958900,9.656602e-06,6.614083e-01,5.002778e-11
959000,8.081252e-06,5.535658e-01,4.186234e-11
959100,9.339623e-06,6.398309e-01,4.837625e-11
959200,7.974517e-06,5.463683e-01,4.130145e-11
959300,7.868709e-06,5.391752e-01,4.074951e-11
959400,7.343307e-06,5.032264e-01,3.802495e-11
959500,8.496306e-06,5.823004e-01,4.399112e-11
959600,8.600237e-06,5.894848e-01,4.452494e-11
959700,8.913883e-06,6.110467e-01,4.614429e-11
959800,9.542032e-06,6.541745e-01,4.939124e-11
959900,8.911891e-06,6.110375e-01,4.612506e-11
960000,7.757721e-06,5.319580e-01,4.014757e-11
960100,9.014723e-06,6.182168e-01,4.664827e-11
960200,8.489662e-06,5.822696e-01,4.392701e-11
960300,8.907910e-06,6.110190e-01,4.608664e-11
960400,7.963830e-06,5.463187e-01,4.119830e-11
960500,8.067716e-06,5.535030e-01,4.173169e-11
960600,8.800162e-06,6.038168e-01,4.551600e-11
960700,9.846701e-06,6.756947e-01,5.092397e-11
960800,6.493908e-06,4.456676e-01,3.358116e-11
960900,8.273571e-06,5.678625e-01,4.277999e-11
961000,9.319819e-06,6.397390e-01,4.818515e-11
961100,8.585841e-06,5.894180e-01,4.438607e-11
961200,8.898964e-06,6.109774e-01,4.600038e-11
961300,8.688607e-06,5.965970e-01,4.490867e-11
961400,9.210989e-06,6.325318e-01,4.760411e-11
961500,9.000645e-06,6.181514e-01,4.651252e-11
961600,7.534583e-06,5.175182e-01,3.893262e-11
961700,8.056919e-06,5.534528e-01,4.162761e-11
961800,8.265268e-06,5.678239e-01,4.269997e-11
961900,9.519690e-06,6.540707e-01,4.917581e-11
962000,8.577226e-06,5.893779e-01,4.430306e-11
962100,8.680858e-06,5.965610e-01,4.483402e-11
962200,9.098198e-06,6.253062e-01,4.698493e-11
962300,9.829142e-06,6.756131e-01,5.075477e-11
962400,8.677956e-06,5.965475e-01,4.480607e-11
962500,8.467905e-06,5.821684e-01,4.371732e-11
962600,7.944309e-06,5.462280e-01,4.101020e-11
962700,8.570536e-06,5.893468e-01,4.423865e-11
962800,8.256060e-06,5.677811e-01,4.261131e-11
962900,8.673123e-06,5.965250e-01,4.475955e-11
963000,8.881124e-06,6.108945e-01,4.582858e-11
963100,8.462246e-06,5.821421e-01,4.366287e-11
963200,7.521159e-06,5.174558e-01,3.880338e-11
963300,8.251464e-06,5.677597e-01,4.256709e-11
963400,8.041671e-06,5.533818e-01,4.148083e-11
963500,8.980607e-06,6.180582e-01,4.631962e-11
963600,7.831053e-06,5.390002e-01,4.038664e-11
963700,8.978608e-06,6.180489e-01,4.630040e-11
963800,9.186390e-06,6.324173e-01,4.736732e-11
963900,7.724059e-06,5.318015e-01,3.982335e-11
964000,7.096995e-06,4.886788e-01,3.658684e-11
964100,6.365713e-06,4.383703e-01,3.281374e-11
964200,7.095416e-06,4.886714e-01,3.657166e-11
964300,8.242287e-06,5.677169e-01,4.247885e-11
964400,8.032728e-06,5.533402e-01,4.139485e-11
964500,8.866311e-06,6.108255e-01,4.568614e-11
964600,9.073921e-06,6.251931e-01,4.675141e-11
964700,8.864339e-06,6.108163e-01,4.566720e-11
964800,7.924881e-06,5.461375e-01,4.082338e-11
964900,8.132526e-06,5.605053e-01,4.188900e-11
965000,7.610365e-06,5.245716e-01,3.919568e-11
965100,7.922239e-06,5.461252e-01,4.079801e-11
965200,6.670618e-06,4.598914e-01,3.434910e-11
965300,8.233129e-06,5.676742e-01,4.239088e-11
965400,7.294367e-06,5.029987e-01,3.755376e-11
965500,8.335493e-06,5.748513e-01,4.290970e-11
965600,7.396928e-06,5.101767e-01,3.807447e-11
965700,8.437812e-06,5.820282e-01,4.342807e-11
965800,9.270147e-06,6.395077e-01,4.770738e-11
965900,7.186170e-06,4.957944e-01,3.697897e-11
966000,8.643273e-06,5.963858e-01,4.447274e-11
966100,9.058811e-06,6.251226e-01,4.660635e-11
966200,8.329016e-06,5.748211e-01,4.284754e-11
966300,8.848597e-06,6.107428e-01,4.551609e-11
966400,8.014899e-06,5.532570e-01,4.122369e-11
966500,8.430321e-06,5.819933e-01,4.335621e-11
966600,8.117186e-06,5.604337e-01,4.174179e-11
966700,8.428451e-06,5.819845e-01,4.333827e-11
966800,8.115385e-06,5.604253e-01,4.172452e-11
966900,8.738676e-06,6.035304e-01,4.492480e-11
967000,8.737707e-06,6.035259e-01,4.491551e-11
967100,9.464799e-06,6.538148e-01,4.864841e-11
967200,8.111786e-06,5.604085e-01,4.169001e-11
967300,7.902915e-06,5.460350e-01,4.061264e-11
967400,8.421910e-06,5.819539e-01,4.327558e-11
967500,8.628901e-06,5.963187e-01,4.433494e-11
967600,8.420042e-06,5.819452e-01,4.325769e-11
967700,8.003351e-06,5.532030e-01,4.111301e-11
967800,9.041745e-06,6.250429e-01,4.644276e-11
967900,9.144659e-06,6.322226e-01,4.696688e-11
968000,7.585070e-06,5.244534e-01,3.895311e-11
968100,8.727059e-06,6.034761e-01,4.481350e-11
968200,7.479508e-06,5.172614e-01,3.840364e-11
968300,8.932867e-06,6.178353e-01,4.586154e-11
968400,8.101005e-06,5.603581e-01,4.158676e-11
968500,8.619346e-06,5.962740e-01,4.424344e-11
968600,9.552916e-06,6.609253e-01,4.903079e-11
968700,1.007098e-05,6.968399e-01,5.168484e-11
968800,7.993605e-06,5.531574e-01,4.101970e-11
968900,8.511728e-06,5.890723e-01,4.367430e-11
969000,7.991835e-06,5.531492e-01,4.100277e-11
969100,8.509843e-06,5.890635e-01,4.365627e-11
969200,9.235271e-06,6.393446e-01,4.737325e-11
969300,8.404205e-06,5.818711e-01,4.310609e-11
969400,9.129484e-06,6.321515e-01,4.682164e-11
969500,8.609810e-06,5.962294e-01,4.415221e-11
969600,7.675367e-06,5.315740e-01,3.935650e-11
969700,8.607906e-06,5.962205e-01,4.413400e-11
969800,7.984764e-06,5.531160e-01,4.093515e-11
969900,8.917062e-06,6.177613e-01,4.571035e-11
970000,7.775648e-06,5.387413e-01,3.985546e-11
970100,9.329746e-06,6.464848e-01,4.781669e-11
970200,8.603148e-06,5.961982e-01,4.408852e-11
970300,9.431324e-06,6.536582e-01,4.832806e-11
970400,7.875840e-06,5.459082e-01,4.035358e-11
970500,9.014768e-06,6.249166e-01,4.618471e-11
970600,9.842624e-06,6.823751e-01,5.042118e-11
970700,8.391205e-06,5.818102e-01,4.298184e-11
970800,8.079527e-06,5.602575e-01,4.138139e-11
970900,8.389351e-06,5.818015e-01,4.296413e-11
971000,8.906228e-06,6.177106e-01,4.560684e-11
971100,8.801695e-06,6.105233e-01,4.506725e-11
971200,8.697185e-06,6.033362e-01,4.452787e-11
971300,8.178593e-06,5.674191e-01,4.186878e-11
971400,8.384720e-06,5.817798e-01,4.291991e-11
971500,8.383794e-06,5.817754e-01,4.291108e-11
971600,7.865408e-06,5.458593e-01,4.025396e-11
971700,8.692386e-06,6.033137e-01,4.448206e-11
971800,7.449794e-06,5.171221e-01,3.811963e-11
971900,9.931963e-06,6.894910e-01,5.081572e-11
972000,7.861936e-06,5.458430e-01,4.022083e-11
972100,7.137023e-06,4.955643e-01,3.650877e-11
972200,9.101286e-06,6.320193e-01,4.655233e-11
972300,8.066159e-06,5.601947e-01,4.125381e-11
972400,8.375472e-06,5.817364e-01,4.283168e-11
972500,8.581327e-06,5.960958e-01,4.388023e-11
972600,8.373625e-06,5.817277e-01,4.281407e-11
972700,9.406368e-06,6.535410e-01,4.808987e-11
972800,7.544936e-06,5.242653e-01,3.856965e-11
972900,8.370856e-06,5.817147e-01,4.278767e-11
973000,7.956603e-06,5.529839e-01,4.066634e-11
973100,8.575653e-06,5.960691e-01,4.382613e-11
973200,7.748230e-06,5.386126e-01,3.959379e-11
973300,8.883658e-06,6.176046e-01,4.539155e-11
973400,8.985966e-06,6.247814e-01,4.590992e-11
973500,9.398078e-06,6.535021e-01,4.801086e-11
973600,7.951344e-06,5.529592e-01,4.061623e-11
973700,8.363479e-06,5.816800e-01,4.271739e-11
973800,8.465800e-06,5.888568e-01,4.323588e-11
973900,8.774558e-06,6.103958e-01,4.480848e-11
974000,8.670373e-06,6.032102e-01,4.427223e-11
974100,8.566211e-06,5.960247e-01,4.373620e-11
974200,9.081248e-06,6.319251e-01,4.636139e-11
974300,8.977063e-06,6.247395e-01,4.582515e-11
974400,7.841169e-06,5.457454e-01,4.002295e-11
974500,8.459278e-06,5.888262e-01,4.317379e-11
974600,7.942594e-06,5.529180e-01,4.053292e-11
974700,8.663695e-06,6.031788e-01,4.420866e-11
974800,7.837718e-06,5.457291e-01,3.999011e-11
974900,8.352439e-06,5.816280e-01,4.261229e-11
975000,8.351520e-06,5.816237e-01,4.260355e-11
975100,9.278446e-06,6.462438e-01,4.732757e-11
975200,7.937353e-06,5.528933e-01,4.048306e-11
975300,8.657978e-06,6.031519e-01,4.415428e-11
975400,7.935607e-06,5.528851e-01,4.046646e-11
975500,8.243880e-06,5.744218e-01,4.203446e-11
975600,8.346011e-06,5.815978e-01,4.255116e-11
975700,9.684430e-06,6.749356e-01,4.937024e-11
975800,9.374322e-06,6.533902e-01,4.778480e-11
975900,8.137253e-06,5.672247e-01,4.147501e-11
976000,7.621400e-06,5.313204e-01,3.884205e-11
976100,8.341426e-06,5.815762e-01,4.250758e-11
976200,8.649418e-06,6.031115e-01,4.407291e-11
976300,8.957341e-06,6.246466e-01,4.563759e-11
976400,7.720998e-06,5.384844e-01,3.933469e-11
976500,8.955374e-06,6.246373e-01,4.561890e-11
976600,8.542694e-06,5.959139e-01,4.351256e-11
976700,1.070292e-05,7.466818e-01,5.451060e-11
976800,8.129213e-06,5.671868e-01,4.139861e-11
976900,8.128320e-06,5.671826e-01,4.139014e-11
977000,8.333185e-06,5.815373e-01,4.242930e-11
977100,8.126536e-06,5.671741e-01,4.137320e-11
977200,6.479944e-06,4.523001e-01,3.298706e-11
977300,6.993457e-06,4.881933e-01,3.559780e-11
977400,7.609692e-06,5.312652e-01,3.873085e-11
977500,8.739904e-06,6.102326e-01,4.447904e-11
977600,6.888345e-06,4.810033e-01,3.505278e-11
977700,6.887589e-06,4.809997e-01,3.504561e-11
977800,6.784045e-06,4.738171e-01,3.451548e-11
977900,8.016628e-06,5.599615e-01,4.078268e-11
978000,8.015749e-06,5.599573e-01,4.077434e-11
978100,9.967211e-06,6.963520e-01,5.069618e-11
978200,8.013992e-06,5.599490e-01,4.075766e-11
978300,9.554096e-06,6.676266e-01,4.858574e-11
978400,8.012235e-06,5.599407e-01,4.074100e-11
978500,8.114066e-06,5.671153e-01,4.125489e-11
978600,8.934764e-06,6.245400e-01,4.542332e-11
978700,8.625724e-06,6.029997e-01,4.384803e-11
978800,8.727455e-06,6.101738e-01,4.436097e-11
978900,8.521169e-06,5.958123e-01,4.330833e-11
979000,8.930849e-06,6.245215e-01,4.538621e-11
979100,9.032513e-06,6.316953e-01,4.589851e-11
979200,7.697322e-06,5.383727e-01,3.911006e-11
979300,8.517436e-06,5.957947e-01,4.327296e-11
979400,8.003461e-06,5.598993e-01,4.065785e-11
979500,8.720766e-06,6.101421e-01,4.429758e-11
979600,8.617225e-06,6.029595e-01,4.376750e-11
979700,9.129155e-06,6.388452e-01,4.636324e-11
979800,8.717902e-06,6.101286e-01,4.427046e-11
979900,9.229709e-06,6.460137e-01,4.686504e-11
980000,7.690583e-06,5.383408e-01,3.904623e-11
980100,8.715040e-06,6.101150e-01,4.424337e-11
980200,8.611568e-06,6.029328e-01,4.371393e-11
980300,8.713133e-06,6.101060e-01,4.422531e-11
980400,8.404691e-06,5.885685e-01,4.265572e-11
980500,8.096317e-06,5.670313e-01,4.108676e-11
980600,9.017696e-06,6.316252e-01,4.575820e-11
980700,9.016710e-06,6.316205e-01,4.574887e-11
980800,7.991210e-06,5.598413e-01,4.054186e-11
980900,8.297656e-06,5.813694e-01,4.209258e-11
981000,7.887033e-06,5.526557e-01,4.000578e-11
981100,8.398260e-06,5.885381e-01,4.259487e-11
981200,7.987716e-06,5.598248e-01,4.050881e-11
981300,9.317983e-06,6.531241e-01,4.725065e-11
981400,9.214581e-06,6.459421e-01,4.672189e-11
981500,9.623066e-06,6.746457e-01,4.878848e-11
981600,8.291310e-06,5.813393e-01,4.203257e-11
981700,8.904509e-06,6.243969e-01,4.513689e-11
981800,8.289499e-06,5.813307e-01,4.201545e-11
981900,8.697907e-06,6.100339e-01,4.408130e-11
982000,8.901591e-06,6.243830e-01,4.510932e-11
982100,8.593701e-06,6.028481e-01,4.354496e-11
982200,1.043407e-05,7.320245e-01,5.286525e-11
982300,9.000959e-06,6.315459e-01,4.559995e-11
982400,8.079524e-06,5.669518e-01,4.092799e-11
982500,8.589949e-06,6.028304e-01,4.350951e-11
982600,8.180011e-06,5.741199e-01,4.142919e-11
982700,9.201508e-06,6.458801e-01,4.659836e-11
982800,8.382681e-06,5.884642e-01,4.244764e-11
982900,8.892850e-06,6.243416e-01,4.502675e-11
983000,9.198496e-06,6.458658e-01,4.656992e-11
983100,9.606270e-06,6.745660e-01,4.862980e-11
983200,8.276841e-06,5.812707e-01,4.189588e-11
983300,7.867250e-06,5.525619e-01,3.981884e-11
983400,8.479357e-06,5.956143e-01,4.291288e-11
983500,9.091331e-06,6.386660e-01,4.600566e-11
983600,8.068954e-06,5.669016e-01,4.082818e-11
983700,8.578711e-06,6.027770e-01,4.340342e-11
983800,8.782009e-06,6.171243e-01,4.442780e-11
983900,7.555789e-06,5.310100e-01,3.822080e-11
984000,7.963342e-06,5.597092e-01,4.027860e-11
984100,8.166640e-06,5.740564e-01,4.130299e-11
984200,7.961606e-06,5.597009e-01,4.026224e-11
984300,8.879285e-06,6.242772e-01,4.489875e-11
984400,7.857822e-06,5.525171e-01,3.972990e-11
984500,9.387544e-06,6.601455e-01,4.745985e-11
984600,7.958137e-06,5.596844e-01,4.022953e-11
984700,9.079450e-06,6.386096e-01,4.589360e-11
984800,6.936352e-06,4.879228e-01,3.505765e-11
984900,8.159526e-06,5.740226e-01,4.123592e-11
985000,8.566569e-06,6.027193e-01,4.328893e-11
985100,8.463665e-06,5.955397e-01,4.276490e-11
985200,8.258822e-06,5.811851e-01,4.172595e-11
985300,8.869621e-06,6.242313e-01,4.480766e-11
985400,9.072533e-06,6.385767e-01,4.582842e-11
985500,9.377328e-06,6.600969e-01,4.736359e-11
985600,7.337980e-06,5.165938e-01,3.705963e-11
985700,8.254329e-06,5.811637e-01,4.168363e-11
985800,7.947749e-06,5.596350e-01,4.013165e-11
985900,8.252533e-06,5.811552e-01,4.166672e-11
986000,8.251636e-06,5.811509e-01,4.165827e-11
986100,8.963765e-06,6.313692e-01,4.524918e-11
986200,8.351691e-06,5.883170e-01,4.215546e-11
986300,9.471010e-06,6.672326e-01,4.780077e-11
986400,7.942564e-06,5.596104e-01,4.008284e-11
986500,8.247151e-06,5.811296e-01,4.161605e-11
986600,9.060699e-06,6.385204e-01,4.571701e-11
986700,8.245358e-06,5.811210e-01,4.159918e-11
986800,8.346245e-06,5.882911e-01,4.210422e-11
986900,8.040021e-06,5.667640e-01,4.055560e-11
987000,9.158522e-06,6.456758e-01,4.619322e-11
987100,8.852276e-06,6.241487e-01,4.464440e-11
987200,7.325226e-06,5.165331e-01,3.693960e-11
987300,8.646897e-06,6.097915e-01,4.360042e-11
987400,7.221918e-06,5.093515e-01,3.641180e-11
987500,7.627958e-06,5.380434e-01,3.845538e-11
987600,6.711874e-06,4.734748e-01,3.383388e-11
987700,8.236405e-06,5.810784e-01,4.151499e-11
987800,8.743876e-06,6.169429e-01,4.406872e-11
987900,9.251236e-06,6.528069e-01,4.662141e-11
988000,6.607309e-06,4.662872e-01,3.329427e-11
988100,7.521350e-06,5.308462e-01,3.789657e-11
988200,7.317277e-06,5.164952e-01,3.686488e-11
988300,8.231043e-06,5.810528e-01,4.146460e-11
988400,8.433363e-06,5.953954e-01,4.247982e-11
988500,8.127661e-06,5.738709e-01,4.093612e-11
988600,9.345796e-06,6.599467e-01,4.706701e-11
988700,8.329045e-06,5.882091e-01,4.194255e-11
988800,7.820328e-06,5.523386e-01,3.937711e-11
988900,6.499308e-06,4.590833e-01,3.272241e-11
989000,9.849446e-06,6.957930e-01,4.958487e-11
989100,8.934611e-06,6.312303e-01,4.497511e-11
989200,7.309344e-06,5.164573e-01,3.679038e-11
989300,9.440212e-06,6.670859e-01,4.751130e-11
989400,8.830209e-06,6.240435e-01,4.443707e-11
989500,8.727766e-06,6.168661e-01,4.391742e-11
989600,7.712074e-06,5.451335e-01,3.880290e-11
989700,7.812702e-06,5.523022e-01,3.930552e-11
989800,8.420571e-06,5.953344e-01,4.235973e-11
989900,8.622543e-06,6.096753e-01,4.337168e-11
990000,8.317316e-06,5.881531e-01,4.183247e-11
990100,8.316416e-06,5.881488e-01,4.182402e-11
990200,8.619741e-06,6.096620e-01,4.334541e-11
990300,8.720205e-06,6.168299e-01,4.384650e-11
990400,7.806780e-06,5.522739e-01,3.924998e-11
990500,7.704559e-06,5.450976e-01,3.873242e-11
990600,8.007820e-06,5.666104e-01,4.025320e-11
990700,7.500184e-06,5.307451e-01,3.769792e-11
990800,6.485943e-06,4.590195e-01,3.259703e-11
990900,8.106551e-06,5.737701e-01,4.073806e-11
991000,7.193786e-06,5.092173e-01,3.614773e-11
991100,8.611347e-06,6.096219e-01,4.326672e-11
991200,6.584435e-06,4.661780e-01,3.307964e-11
991300,6.786299e-06,4.805184e-01,3.409060e-11
991400,6.886842e-06,4.876868e-01,3.459243e-11
991500,8.607621e-06,6.096040e-01,4.323182e-11
991600,8.505435e-06,6.024278e-01,4.271459e-11
991700,7.795806e-06,5.522215e-01,3.914715e-11
991800,8.807296e-06,6.239340e-01,4.422227e-11
991900,8.806343e-06,6.239294e-01,4.421336e-11
992000,7.287220e-06,5.163516e-01,3.658299e-11
992100,8.197237e-06,5.808913e-01,4.114756e-11
992200,6.880887e-06,4.876583e-01,3.453667e-11
992300,8.903715e-06,6.310826e-01,4.468551e-11
992400,7.891076e-06,5.593646e-01,3.959963e-11
992500,9.205261e-06,6.525873e-01,4.619026e-11
992600,7.889371e-06,5.593564e-01,3.958367e-11
992700,8.798733e-06,6.238930e-01,4.414212e-11
992800,7.382047e-06,5.234926e-01,3.703133e-11
992900,7.684589e-06,5.450020e-01,3.854540e-11
993000,8.593678e-06,6.095373e-01,4.310131e-11
993100,8.491659e-06,6.023619e-01,4.258565e-11
993200,8.490742e-06,6.023575e-01,4.257708e-11
993300,7.580201e-06,5.378153e-01,3.800760e-11
993400,9.196318e-06,6.525444e-01,4.610660e-11
993500,8.791135e-06,6.238566e-01,4.407106e-11
993600,7.274637e-06,5.162914e-01,3.646526e-11
993700,8.183083e-06,5.808235e-01,4.101516e-11
993800,7.374082e-06,5.234544e-01,3.695684e-11
993900,8.585333e-06,6.094973e-01,4.302328e-11
994000,7.877455e-06,5.592993e-01,3.947225e-11
994100,8.381516e-06,5.951475e-01,4.199407e-11
994200,8.481583e-06,6.023136e-01,4.249147e-11
994300,9.692193e-06,6.883534e-01,4.855191e-11
994400,6.763613e-06,4.804098e-01,3.387838e-11
994500,6.964761e-06,4.947468e-01,3.488265e-11
994600,6.560299e-06,4.660624e-01,3.285386e-11
994700,7.165093e-06,5.090799e-01,3.587931e-11
994800,6.962509e-06,4.947360e-01,3.486162e-11
994900,7.163548e-06,5.090724e-01,3.586489e-11
995000,7.566313e-06,5.377487e-01,3.787783e-11
995100,7.868117e-06,5.592545e-01,3.938503e-11
995200,7.262095e-06,5.162312e-01,3.634810e-11
995300,7.866422e-06,5.592464e-01,3.936920e-11
995400,7.764734e-06,5.520726e-01,3.885666e-11
995500,9.175515e-06,6.524447e-01,4.591228e-11
995600,6.049138e-06,4.301802e-01,3.026575e-11
995700,7.863033e-06,5.592301e-01,3.933758e-11
995800,8.164578e-06,5.807348e-01,4.084236e-11
995900,8.969990e-06,6.380866e-01,4.486716e-11
996000,7.759718e-06,5.520485e-01,3.880986e-11
996100,7.557353e-06,5.377057e-01,3.779422e-11
996200,7.556539e-06,5.377017e-01,3.778663e-11
996300,8.563156e-06,6.093909e-01,4.281625e-11
996400,7.857109e-06,5.592017e-01,3.928232e-11
996500,7.453378e-06,5.305208e-01,3.726037e-11
996600,7.150445e-06,5.090095e-01,3.574264e-11
996700,8.458771e-06,6.022041e-01,4.227858e-11
996800,6.544773e-06,4.659879e-01,3.270900e-11
996900,8.255595e-06,5.878573e-01,4.125539e-11
997000,8.254707e-06,5.878531e-01,4.124711e-11
997100,8.455132e-06,6.021866e-01,4.224466e-11
997200,7.749704e-06,5.520004e-01,3.871651e-11
997300,7.547601e-06,5.376588e-01,3.770332e-11
997400,8.351781e-06,5.950047e-01,4.171664e-11
997500,1.016192e-05,7.240366e-01,5.075345e-11
997600,8.148781e-06,5.806588e-01,4.069510e-11
997700,7.946722e-06,5.663175e-01,3.968233e-11
997800,8.247610e-06,5.878189e-01,4.118100e-11
997900,8.749573e-06,6.236570e-01,4.368328e-11
998000,9.150868e-06,6.523262e-01,4.568255e-11
998100,8.244951e-06,5.878061e-01,4.115625e-11
998200,8.746753e-06,6.236435e-01,4.365702e-11
998300,9.047393e-06,6.451437e-01,4.515339e-11
998400,7.337653e-06,5.232795e-01,3.661708e-11
998500,8.844439e-06,6.307981e-01,4.413230e-11
998600,7.738053e-06,5.519443e-01,3.860803e-11
998700,8.038673e-06,5.734445e-01,4.010420e-11
998800,7.635919e-06,5.447683e-01,3.809136e-11
998900,9.142027e-06,6.522836e-01,4.560027e-11
999000,9.241497e-06,6.594468e-01,4.609214e-11
999100,1.004403e-05,7.167848e-01,5.009012e-11
999200,8.536507e-06,6.092627e-01,4.256808e-11
999300,8.435172e-06,6.020905e-01,4.205886e-11
999400,8.735490e-06,6.235892e-01,4.355225e-11
999500,8.533759e-06,6.092494e-01,4.254253e-11
999600,8.834003e-06,6.307478e-01,4.403522e-11
999700,8.230801e-06,5.877380e-01,4.102461e-11
999800,9.032837e-06,6.450736e-01,4.501801e-11
999900,8.730806e-06,6.235666e-01,4.350870e-11
1000000,7.726437e-06,5.518883e-01,3.850000e-11